No,ID,Bus_Stop_Name_MM,Bus_Stop_Name_EN,Township_MM,Township_EN,Road_MM,Road_EN,Latitude,Longitude,Google_Maps_URL,Source
1,1,ကျောင်းရှေ့/ကုန်းဆင်း,Kyaung Shae/ Kone Sin,ကမာရွတ်,Kamayut,လှည်းတန်းလမ်း,Hledan Road,16.825525,96.126583,"https://www.google.com/maps?q=16.825525,96.126583",YBS / YRTA Official
2,2,ကျောင်းရှေ့/ဓမ္မာရုံ,Kyaung Shae/ Dhamar Yon,ကမာရွတ်,Kamayut,တက္ကသိုလ်ရိပ်သာလမ်း,University Avenue Road,16.826485,96.132192,"https://www.google.com/maps?q=16.826485,96.132192",YBS / YRTA Official
3,3,ကျောင်းလမ်း,Kyuanlan,ကမာရွတ်,Kamayut,တက္ကသိုလ်ရိပ်သာလမ်း,University Avenue Road,16.825918,96.13846,"https://www.google.com/maps?q=16.825918,96.138460",YBS / YRTA Official
4,4,ခိုင်ရွှေဝါ,Khaing Shwe Wah,ကမာရွတ်,Kamayut,ဗဟိုလမ်း,Baho Road,16.8257,96.125134,"https://www.google.com/maps?q=16.825700,96.125134",YBS / YRTA Official
5,5,စံရိပ်ငြိမ်,San Yeik Nyein,ကမာရွတ်,Kamayut,ရန်ကုန်-အင်းစိန်လမ်း,Yangon-Insein Road,16.830802,96.129527,"https://www.google.com/maps?q=16.830802,96.129527",YBS / YRTA Official
6,6,စိုက်ပျိုးရေး,Saik Pyoe Yay,ကမာရွတ်,Kamayut,ပြည်လမ်း,Pyay Road,16.817862,96.133326,"https://www.google.com/maps?q=16.817862,96.133326",YBS / YRTA Official
7,7,ဆိုက်ကားဂိတ်,Site Kar Gate,ကမာရွတ်,Kamayut,ဗဟိုလမ်း,Baho Road,16.831456,96.123502,"https://www.google.com/maps?q=16.831456,96.123502",YBS / YRTA Official
8,8,ဆင်ရေတွင်း,Sin Yae Twin,ကမာရွတ်,Kamayut,ရန်ကုန်-အင်းစိန်လမ်း,Yangon-Insein Road,16.833769,96.128565,"https://www.google.com/maps?q=16.833769,96.128565",YBS / YRTA Official
9,9,ပြည်ရိပ်မွန်,Pyi Yeik Mon,ကမာရွတ်,Kamayut,ဗဟိုလမ်း,Baho Road,16.822004,96.125767,"https://www.google.com/maps?q=16.822004,96.125767",YBS / YRTA Official
10,10,ဘီအာဘီ,B.R.B,ကမာရွတ်,Kamayut,ဗဟိုလမ်း,Baho Road,16.828871,96.124352,"https://www.google.com/maps?q=16.828871,96.124352",YBS / YRTA Official
11,11,မာလာ,Marlar,ကမာရွတ်,Kamayut,ပြည်လမ်း,Pyay Road,16.832547,96.132826,"https://www.google.com/maps?q=16.832547,96.132826",YBS / YRTA Official
12,12,ရေကြောင်း,Yae Kyaung,ကမာရွတ်,Kamayut,ဘုရင့်နောင်လမ်း,Bayint Naung Road,16.830092,96.121861,"https://www.google.com/maps?q=16.830092,96.121861",YBS / YRTA Official
13,13,ရဲဝင်း,Ye Win,ကမာရွတ်,Kamayut,ဗဟိုလမ်း,Baho Road,16.817803,96.12658,"https://www.google.com/maps?q=16.817803,96.126580",YBS / YRTA Official
14,14,လှည်းတန်း,Hledan,ကမာရွတ်,Kamayut,ရန်ကုန်-အင်းစိန်လမ်း,Yangon-Insein Road,16.827952,96.130435,"https://www.google.com/maps?q=16.827952,96.130435",YBS / YRTA Official
15,15,လှည်းတန်းဈေး,Hledan Zay,ကမာရွတ်,Kamayut,လှည်းတန်းလမ်း,Hledan Road,16.826457,96.128887,"https://www.google.com/maps?q=16.826457,96.128887",YBS / YRTA Official
16,16,သင်္ဘောကျင်း,Thinbaw Kyin,ကမာရွတ်,Kamayut,ဘုရင့်နောင်လမ်း,Bayint Naung Road,16.82442,96.123027,"https://www.google.com/maps?q=16.824420,96.123027",YBS / YRTA Official
17,17,(၄၆) လမ်း,Lay-sae-chauk Lan (46 Lan),ကျောက်တံတား,Kyauktada,အနော်ရထာလမ်း,Anawrahta Road,16.776532,96.168562,"https://www.google.com/maps?q=16.776532,96.168562",YBS / YRTA Official
18,18,ဆူးလေပန်းခြံ,Sule Pan Chan,ကျောက်တံတား,Kyauktada,မဟာဗန္ဓုလလမ်း,Mahabandoola Road,16.774246,96.159554,"https://www.google.com/maps?q=16.774246,96.159554",YBS / YRTA Official
19,19,ဆူးလေမြို့တော်ခန်းမ,Sule Myodaw Khan Ma,ကျောက်တံတား,Kyauktada,ဆူးလေးဘုရားလမ်း,Sule Pagoda Road,16.775754,96.158879,"https://www.google.com/maps?q=16.775754,96.158879",YBS / YRTA Official
20,20,ပန်းဆိုးတန်း,Pansodan,ကျောက်တံတား,Kyauktada,အနော်ရထာလမ်း,Anawrahta Road,16.776707,96.163806,"https://www.google.com/maps?q=16.776707,96.163806",YBS / YRTA Official
21,21,ပန်းဆိုးတန်း (ဆိပ်ကမ်းသာလမ်း),Pansodan Seikkanthar,ကျောက်တံတား,Kyauktada,ကုန်သည်လမ်း,Merchant Road,16.771652,96.163083,"https://www.google.com/maps?q=16.771652,96.163083",YBS / YRTA Official
22,22,ဘားလမ်း,Bar Lan,ကျောက်တံတား,Kyauktada,အနော်ရထာလမ်း,Anawrahta Road,16.776803,96.160718,"https://www.google.com/maps?q=16.776803,96.160718",YBS / YRTA Official
23,23,ဗိုလ်ကလေးဈေး,Bokalay Zay,ကျောက်တံတား,Kyauktada,မဟာဗန္ဓုလလမ်း,Mahabandoola Road,16.774037,96.165841,"https://www.google.com/maps?q=16.774037,96.165841",YBS / YRTA Official
24,24,လမ်း (၅၀),Lan Ngar Sae (50 Lan),ကျောက်တံတား,Kyauktada,ဗိုလ်ချုပ်အောင်ဆန်းလမ်း,Bogyoke Aung San Road,16.778734,96.171312,"https://www.google.com/maps?q=16.778734,96.171312",YBS / YRTA Official
25,25,ကျောက်တန်း,Kyauk Tan,ကျောက်တန်း,Kyauktan,သန်လျှင်-ကျောက်တန်းလမ်း,Thanlyin-Kyauktan Road,16.633214,96.327295,"https://www.google.com/maps?q=16.633214,96.327295",YBS / YRTA Official
26,26,ချမ်းမြေ့သာယာ,Chan Myae Thar Yar,ကျောက်တန်း,Kyauktan,သန်လျှင်-ကျောက်တန်းလမ်း,Thanlyin-Kyauktan Road,16.649859,96.319806,"https://www.google.com/maps?q=16.649859,96.319806",YBS / YRTA Official
27,27,ဂါတ်တဲကွေ့,Gat Tae Kwae,ကျောက်တန်း,Kyauktan,သန်လျှင်-ကျောက်တန်းလမ်း,Thanlyin-Kyauktan Road,16.638335,96.325244,"https://www.google.com/maps?q=16.638335,96.325244",YBS / YRTA Official
28,28,ဆီဆိုင်,Si Saing,ကျောက်တန်း,Kyauktan,သန်လျှင်-ကျောက်တန်းလမ်း,Thanlyin-Kyauktan Road,16.648075,96.321124,"https://www.google.com/maps?q=16.648075,96.321124",YBS / YRTA Official
29,29,ဈေးကွေ့,Zay Kwae,ကျောက်တန်း,Kyauktan,သန်လျှင်-ကျောက်တန်းလမ်း,Thanlyin-Kyauktan Road,16.635822,96.326508,"https://www.google.com/maps?q=16.635822,96.326508",YBS / YRTA Official
30,30,ပဲလှော်ဖို,Pal Hlaw Pho,ကျောက်တန်း,Kyauktan,သန်လျှင်-ကျောက်တန်းလမ်း,Thanlyin-Kyauktan Road,16.640714,96.323798,"https://www.google.com/maps?q=16.640714,96.323798",YBS / YRTA Official
31,31,အောင်ချမ်းသာ,Aung Chan Thar,ကျောက်တန်း,Kyauktan,သန်လျှင်-ကျောက်တန်းလမ်း,Thanlyin-Kyauktan Road,16.644469,96.323547,"https://www.google.com/maps?q=16.644469,96.323547",YBS / YRTA Official
32,32,ကမ်းနားဈေး,Kannar Zay,ကြည့်မြင်တိုင်,Kyimyindaing,ကြည့်မြင်တိုင်ကမ်းနားလမ်း,Kyee Myin Daing Kannar Road,16.812434,96.121964,"https://www.google.com/maps?q=16.812434,96.121964",YBS / YRTA Official
33,33,ကျောင်းရှေ့,Kyaung Shae,ကြည့်မြင်တိုင်,Kyimyindaing,အောက်ကြည့်မြင်တိုင်လမ်း,Lower Kyee Myin Daing Road,16.800365,96.126217,"https://www.google.com/maps?q=16.800365,96.126217",YBS / YRTA Official
34,34,ကြည့်မြင်တိုင်ညဈေး,Kyee Myin Daing Nya Zay,ကြည့်မြင်တိုင်,Kyimyindaing,အထက်ကြည့်မြင်တိုင်လမ်း,Upper Kyee Myin Daing Road,16.809934,96.125931,"https://www.google.com/maps?q=16.809934,96.125931",YBS / YRTA Official
35,35,ကြည့်မြင်တိုင်ဘူတာ,Kyee Myin Daing Butar,ကြည့်မြင်တိုင်,Kyimyindaing,အထက်ကြည့်မြင်တိုင်လမ်း,Upper Kyee Myin Daing Road,16.806301,96.125743,"https://www.google.com/maps?q=16.806301,96.125743",YBS / YRTA Official
36,36,စလင်းကွင်း,Salin Kwin,ကြည့်မြင်တိုင်,Kyimyindaing,အထက်ကြည့်မြင်တိုင်လမ်း,Upper Kyee Myin Daing Road,16.812025,96.12605,"https://www.google.com/maps?q=16.812025,96.126050",YBS / YRTA Official
37,37,စာတိုက်,Sar Taik,ကြည့်မြင်တိုင်,Kyimyindaing,ကြည့်မြင်တိုင်ကမ်းနားလမ်း,Kyee Myin Daing Kannar Road,16.804178,96.122149,"https://www.google.com/maps?q=16.804178,96.122149",YBS / YRTA Official
38,38,ဆင်မလိုက်,Sinmalite,ကြည့်မြင်တိုင်,Kyimyindaing,ကြည့်မြင်တိုင်ကမ်းနားလမ်း,Kyee Myin Daing Kannar Road,16.819289,96.121971,"https://www.google.com/maps?q=16.819289,96.121971",YBS / YRTA Official
39,39,နတ်စင်လမ်း,Nat Sin Lan,ကြည့်မြင်တိုင်,Kyimyindaing,အထက်ကြည့်မြင်တိုင်လမ်း,Upper Kyee Myin Daing Road,16.814508,96.125932,"https://www.google.com/maps?q=16.814508,96.125932",YBS / YRTA Official
40,40,သဲကွင်း,Thal Kwin,ကြည့်မြင်တိုင်,Kyimyindaing,ကြည့်မြင်တိုင်ကမ်းနားလမ်း,Kyee Myin Daing Kannar Road,16.800933,96.122099,"https://www.google.com/maps?q=16.800933,96.122099",YBS / YRTA Official
41,41,ဟံသာဝတီ,Hantharwaddy,ကြည့်မြင်တိုင်,Kyimyindaing,အထက်ကြည့်မြင်တိုင်လမ်း,Upper Kyee Myin Daing Road,16.816229,96.126039,"https://www.google.com/maps?q=16.816229,96.126039",YBS / YRTA Official
42,42,ဟုမ်းလမ်း,Home Lan,ကြည့်မြင်တိုင်,Kyimyindaing,အောက်ကြည့်မြင်တိုင်လမ်း,Lower Kyee Myin Daing Road,16.797192,96.126132,"https://www.google.com/maps?q=16.797192,96.126132",YBS / YRTA Official
43,43,(၉) ထပ်ကြီး,Koe Htat Kyee,စမ်းချောင်း,Sanchaung,ဗားဂရာလမ်း,Bargayar Road,16.803777,96.128096,"https://www.google.com/maps?q=16.803777,96.128096",YBS / YRTA Official
44,44,မဟာမြိုင်,Mahar Myaing,စမ်းချောင်း,Sanchaung,ပြည်လမ်း,Pyay Road,16.806672,96.13654,"https://www.google.com/maps?q=16.806672,96.136540",YBS / YRTA Official
45,45,မြေနီကုန်း,Myaynigone,စမ်းချောင်း,Sanchaung,ဗားဂရာလမ်း,Bargayar Road,16.803804,96.138814,"https://www.google.com/maps?q=16.803804,96.138814",YBS / YRTA Official
46,46,မြေနီကုန်း (ပြည်လမ်း),Myaynigone (Pyay Road),စမ်းချောင်း,Sanchaung,ပြည်လမ်း,Pyay Road,16.805399,96.136748,"https://www.google.com/maps?q=16.805399,96.136748",YBS / YRTA Official
47,47,ရှမ်းလမ်း,Shan Lan,စမ်းချောင်း,Sanchaung,ဗားဂရာလမ်း,Bargayar Road,16.803776,96.131501,"https://www.google.com/maps?q=16.803776,96.131501",YBS / YRTA Official
48,48,ရွှေမန်း,Shwe Man,စမ်းချောင်း,Sanchaung,ဗားဂရာလမ်း,Bargayar Road,16.803697,96.136183,"https://www.google.com/maps?q=16.803697,96.136183",YBS / YRTA Official
49,49,ဟံသာဝတီ,Hantharwaddy,စမ်းချောင်း,Sanchaung,ပြည်လမ်း,Pyay Road,16.811923,96.135036,"https://www.google.com/maps?q=16.811923,96.135036",YBS / YRTA Official
50,50,စာတိုက်ကြီး,Sar Taik Kyee,ဆိပ်ကမ်း,Seikkan,ကမ်းနားလမ်း,Strand Road,16.769155,96.162463,"https://www.google.com/maps?q=16.769155,96.162463",YBS / YRTA Official
51,51,ပန်းဆိုးတန်း (ကမ်းနားလမ်း),Pansodan (Strand),ဆိပ်ကမ်း,Seikkan,ကမ်းနားလမ်း,Strand Road,16.769358,96.16083,"https://www.google.com/maps?q=16.769358,96.160830",YBS / YRTA Official
52,52,ဗဟိုရုံး,Baho Yone,ဆိပ်ကမ်း,Seikkan,ကမ်းနားလမ်း,Strand Road,16.76919,96.167048,"https://www.google.com/maps?q=16.769190,96.167048",YBS / YRTA Official
53,53,ဗိုလ်တထောင်ဘုရား,Botahtaung Paya,ဆိပ်ကမ်း,Seikkan,ကမ်းနားလမ်း,Strand Road,16.769592,96.172507,"https://www.google.com/maps?q=16.769592,96.172507",YBS / YRTA Official
54,54,ကုလားဈေး,Kalar Zay,တာမွေ,Tamwe,အရှေ့မြင်းပြိုင်လမ်း,East Horse Race Course Road,16.822483,96.172094,"https://www.google.com/maps?q=16.822483,96.172094",YBS / YRTA Official
55,55,ကျောက်မြောင်းဈေး,Kyauk Myaung Zay,တာမွေ,Tamwe,ကျိုက္ကဆံလမ်း,Kyaikkasan Road,16.804034,96.175738,"https://www.google.com/maps?q=16.804034,96.175738",YBS / YRTA Official
56,56,တာမွေဈေး / တာမွေဗလီ,Tamwe Zay/ Tamwe Bali,တာမွေ,Tamwe,ကျိုက္ကဆံလမ်း,Kyaikkasan Road,16.807522,96.176273,"https://www.google.com/maps?q=16.807522,96.176273",YBS / YRTA Official
57,57,တာမွေပလာဇာ,Tamwe Plaza,တာမွေ,Tamwe,သမိန်ဗရမ်းလမ်း,Thamain Bayan Road,16.810675,96.175352,"https://www.google.com/maps?q=16.810675,96.175352",YBS / YRTA Official
58,58,ဗျိုင်းရေအိုးစင်,Byaing Yae Oh Sin,တာမွေ,Tamwe,ဗညားဒလလမ်း,Banyardala Road,16.806494,96.172126,"https://www.google.com/maps?q=16.806494,96.172126",YBS / YRTA Official
59,59,အလုပ်သမားဆေးရုံကြီး,Alote Thamar Say Yone,တာမွေ,Tamwe,ကျိုက္ကဆံလမ်း,Kyaikkasan Road,16.797937,96.172712,"https://www.google.com/maps?q=16.797937,96.172712",YBS / YRTA Official
60,60,အဝိုင်းထိပ် / တာမွေ,Awine Htate/ Tamwe,တာမွေ,Tamwe,အနောက်မြင်းပြိုင်လမ်း,West Horse Race Course Road,16.811852,96.170802,"https://www.google.com/maps?q=16.811852,96.170802",YBS / YRTA Official
61,61,အာသောက,Arthawka,တာမွေ,Tamwe,သမိန်ဗရမ်းလမ်း,Thamain Bayan Road,16.80733,96.180163,"https://www.google.com/maps?q=16.807330,96.180163",YBS / YRTA Official
62,62,ကန်ကုန်း,Kan Kone,တိုက်ကြီး,Taikkyi,ရန်ကုန်-ပြည်လမ်းမကြီး,Yangon-Pyay Main Road,17.268613,95.954711,"https://www.google.com/maps?q=17.268613,95.954711",YBS / YRTA Official
63,63,ကုန်းကွေ့,Gone Kwae,တိုက်ကြီး,Taikkyi,ရန်ကုန်-ပြည်လမ်းမကြီး,Yangon-Pyay Main Road,17.211643,95.961621,"https://www.google.com/maps?q=17.211643,95.961621",YBS / YRTA Official
64,64,ကျွန်းချောင်း,Kyun Chaung,တိုက်ကြီး,Taikkyi,ရန်ကုန်-ပြည်လမ်းမကြီး,Yangon-Pyay Main Road,17.214592,95.961921,"https://www.google.com/maps?q=17.214592,95.961921",YBS / YRTA Official
65,65,တိုက်ကြီးခန်းမ,Taik Kyi Khan Ma,တိုက်ကြီး,Taikkyi,ရန်ကုန်-ပြည်လမ်းမကြီး,Yangon-Pyay Main Road,17.311269,95.966341,"https://www.google.com/maps?q=17.311269,95.966341",YBS / YRTA Official
66,66,တိုက်ကြီးဈေး,Taik Kyi Zay,တိုက်ကြီး,Taikkyi,ရန်ကုန်-ပြည်လမ်းမကြီး,Yangon-Pyay Main Road,17.313891,95.963622,"https://www.google.com/maps?q=17.313891,95.963622",YBS / YRTA Official
67,67,မြောင်းတကာတာဆုံ,Myaung Takar Tar Sone,တိုက်ကြီး,Taikkyi,ရန်ကုန်-ပြည်လမ်းမကြီး,Yangon-Pyay Main Road,17.181918,95.97471,"https://www.google.com/maps?q=17.181918,95.974710",YBS / YRTA Official
68,68,ရွှေမြယာ,Shwe Mya Yar,တိုက်ကြီး,Taikkyi,ရန်ကုန်-ပြည်လမ်းမကြီး,Yangon-Pyay Main Road,17.249597,95.960328,"https://www.google.com/maps?q=17.249597,95.960328",YBS / YRTA Official
69,69,အင်းယက်ကြီး,Inn Yat Kyee,တိုက်ကြီး,Taikkyi,ရန်ကုန်-ပြည်လမ်းမကြီး,Yangon-Pyay Main Road,17.254568,95.958585,"https://www.google.com/maps?q=17.254568,95.958585",YBS / YRTA Official
70,70,(၁၈) ကွေ့,Sae-shit Kwae (18 Kwae),တောင်ဒဂုံ,South Dagon,စည်ပင်လမ်း,Si Pin Road,16.858028,96.234522,"https://www.google.com/maps?q=16.858028,96.234522",YBS / YRTA Official
71,71,(၃၂) ဂိတ်,Thone-Sae-Hnit Gate (32 Gate),တောင်ဒဂုံ,South Dagon,ကျွန်းရွှေဝါလမ်း,Kyun Shwe Wah Road,16.821236,96.266156,"https://www.google.com/maps?q=16.821236,96.266156",YBS / YRTA Official
72,72,(၆၂),Chauk-Sae-Hnit (62),တောင်ဒဂုံ,South Dagon,ရတနာပုံလမ်း,Yadanarpon Road,16.880796,96.250144,"https://www.google.com/maps?q=16.880796,96.250144",YBS / YRTA Official
73,73,ကားကြီးဂိတ်,Kar Gyi Gate,တောင်ဒဂုံ,South Dagon,အမှတ်(၂)လမ်းမ,No. 2 Main Road,16.847393,96.20904,"https://www.google.com/maps?q=16.847393,96.209040",YBS / YRTA Official
74,74,ကားလေးဂိတ်,Kar Lay Gate,တောင်ဒဂုံ,South Dagon,လှော်ကားလမ်း,Hlawga Road,16.851637,96.237986,"https://www.google.com/maps?q=16.851637,96.237986",YBS / YRTA Official
75,75,ကုန်တိုက်,Kone Taik,တောင်ဒဂုံ,South Dagon,လှော်ကားလမ်း,Hlawga Road,16.848083,96.234927,"https://www.google.com/maps?q=16.848083,96.234927",YBS / YRTA Official
76,76,ကုန်ပဒေသာ,Kone Padaythar,တောင်ဒဂုံ,South Dagon,စည်ပင်လမ်း,Si Pin Road,16.849757,96.227478,"https://www.google.com/maps?q=16.849757,96.227478",YBS / YRTA Official
77,77,ကျောက်လမ်း,Kyauk Lan,တောင်ဒဂုံ,South Dagon,အမှတ်(၂)လမ်းမ,No. 2 Main Road,16.883455,96.234203,"https://www.google.com/maps?q=16.883455,96.234203",YBS / YRTA Official
78,78,ဂျီအီးစီ,G.E.C,တောင်ဒဂုံ,South Dagon,ပြည်ထောင်စုလမ်းမကြီး,Pyi Htaung Su Main Road,16.843964,96.227274,"https://www.google.com/maps?q=16.843964,96.227274",YBS / YRTA Official
79,79,စီးပွားရေးတက္ကသိုလ်,See Pwar Yay Takke Tho,တောင်ဒဂုံ,South Dagon,အမှတ်(၂)လမ်းမ,No. 2 Main Road,16.929015,96.268065,"https://www.google.com/maps?q=16.929015,96.268065",YBS / YRTA Official
80,80,စက်မှုဇုံ (၂),Set Hmu Zone Hnit (2),တောင်ဒဂုံ,South Dagon,ပြည်ထောင်စုလမ်းမကြီး,Pyi Htaung Su Main Road,16.841916,96.229725,"https://www.google.com/maps?q=16.841916,96.229725",YBS / YRTA Official
81,81,စက်မှုဇုံဈေး,Set Hmu Zone Zay,တောင်ဒဂုံ,South Dagon,ပြည်ထောင်စုလမ်းမကြီး,Pyi Htaung Su Main Road,16.838392,96.23263,"https://www.google.com/maps?q=16.838392,96.232630",YBS / YRTA Official
82,82,စစ်တောင်းလမ်းထိပ်,Sittaung Lan Htate,တောင်ဒဂုံ,South Dagon,ပြည်ထောင်စုလမ်းမကြီး,Pyi Htaung Su Main Road,16.831646,96.234318,"https://www.google.com/maps?q=16.831646,96.234318",YBS / YRTA Official
83,83,ဆေးရုံရှေ့,Say Yon Shae,တောင်ဒဂုံ,South Dagon,အမှတ်(၂)လမ်းမ,No. 2 Main Road,16.891062,96.239909,"https://www.google.com/maps?q=16.891062,96.239909",YBS / YRTA Official
84,84,ဆောက်လုပ်ရေး,Sauk Lote Yae,တောင်ဒဂုံ,South Dagon,ပြည်ထောင်စုလမ်းမကြီး,Pyi Htaung Su Main Road,16.828674,96.240299,"https://www.google.com/maps?q=16.828674,96.240299",YBS / YRTA Official
85,85,ညောင်ပင်,Nyaung Pin,တောင်ဒဂုံ,South Dagon,အမှတ်(၂)လမ်းမ,No. 2 Main Road,16.905372,96.249197,"https://www.google.com/maps?q=16.905372,96.249197",YBS / YRTA Official
86,86,တံတားဖြူ,Tadar Phyu,တောင်ဒဂုံ,South Dagon,အမှတ်(၂)လမ်းမ,No. 2 Main Road,16.857555,96.212463,"https://www.google.com/maps?q=16.857555,96.212463",YBS / YRTA Official
87,87,တောင်/မြောက်လမ်းဆုံ,Taung Myauk Lan Sone,တောင်ဒဂုံ,South Dagon,ပြည်ထောင်စုလမ်းမကြီး,Pyi Htaung Su Main Road,16.858666,96.214548,"https://www.google.com/maps?q=16.858666,96.214548",YBS / YRTA Official
88,88,တစ်ရာ့လေးဆယ်,Tayar-Lay-Sae (140),တောင်ဒဂုံ,South Dagon,အမှတ်(၂)လမ်းမ,No. 2 Main Road,16.915026,96.25581,"https://www.google.com/maps?q=16.915026,96.255810",YBS / YRTA Official
89,89,ပန်းခြံ,Pan Chan,တောင်ဒဂုံ,South Dagon,ပြည်ထောင်စုလမ်းမကြီး,Pyi Htaung Su Main Road,16.851407,96.21852,"https://www.google.com/maps?q=16.851407,96.218520",YBS / YRTA Official
90,90,ဧရာဝတီလမ်းထိပ်,Ayeyarwaddy Lan Htate,တောင်ဒဂုံ,South Dagon,ပြည်ထောင်စုလမ်းမကြီး,Pyi Htaung Su Main Road,16.837392,96.233259,"https://www.google.com/maps?q=16.837392,96.233259",YBS / YRTA Official
91,91,(၁၄/၁၅) လမ်းဆုံ,(14/15) Lan Sone,တောင်ဥက္ကလာပ,South Okkalapa,သုမင်္ဂလာလမ်း,Thu Mingalar Road,16.836957,96.185657,"https://www.google.com/maps?q=16.836957,96.185657",YBS / YRTA Official
92,92,(၃၁) ဂိတ်,Thone-sae-tit Gate (31 Gate),တောင်ဥက္ကလာပ,South Okkalapa,သံသုမာလမ်း,Thanthumar Road,16.848939,96.194274,"https://www.google.com/maps?q=16.848939,96.194274",YBS / YRTA Official
93,93,၁၃ လမ်း,13 Lan,တောင်ဥက္ကလာပ,South Okkalapa,မေတ္တာလမ်း,Metta Road,16.847523,96.190186,"https://www.google.com/maps?q=16.847523,96.190186",YBS / YRTA Official
94,94,ကေတုမာလာကွေ့,Kaytu Marlar Kwae,တောင်ဥက္ကလာပ,South Okkalapa,ပါရမီလမ်း,Parami Road,16.856264,96.172132,"https://www.google.com/maps?q=16.856264,96.172132",YBS / YRTA Official
95,95,ဂန္ဓမာဟိုးဆေး,Gandamar Wholesale,တောင်ဥက္ကလာပ,South Okkalapa,ဝေဇယန္တာလမ်း,Waizayanta Road,16.86419,96.159522,"https://www.google.com/maps?q=16.864190,96.159522",YBS / YRTA Official
96,96,စီမံကိန်း,Se Man Kane,တောင်ဥက္ကလာပ,South Okkalapa,သံသုမာလမ်း,Thanthumar Road,16.847434,96.19841,"https://www.google.com/maps?q=16.847434,96.198410",YBS / YRTA Official
97,97,တောင်ဥက္ကလာစာတိုက်,Taung Okkalar Sar Taik,တောင်ဥက္ကလာပ,South Okkalapa,သစ္စာလမ်း,Thitsar Road,16.845928,96.179701,"https://www.google.com/maps?q=16.845928,96.179701",YBS / YRTA Official
98,98,တောင်ဥက္ကလာပဘုရား,Taung Okkalar Paya,တောင်ဥက္ကလာပ,South Okkalapa,သံသုမာလမ်း,Thanthumar Road,16.852719,96.185283,"https://www.google.com/maps?q=16.852719,96.185283",YBS / YRTA Official
99,99,နန္ဒဝန်ဈေး,Nandawun Zay,တောင်ဥက္ကလာပ,South Okkalapa,သုမင်္ဂလာလမ်း,Thu Mingalar Road,16.85178,96.175829,"https://www.google.com/maps?q=16.851780,96.175829",YBS / YRTA Official
100,100,ပဒေသာ,Padaythar,တောင်ဥက္ကလာပ,South Okkalapa,သုမင်္ဂလာလမ်း,Thu Mingalar Road,16.841681,96.183249,"https://www.google.com/maps?q=16.841681,96.183249",YBS / YRTA Official
101,101,ပါရမီ,Parami,တောင်ဥက္ကလာပ,South Okkalapa,ဝေဇယန္တာလမ်း,Waizayanta Road,16.851365,96.167433,"https://www.google.com/maps?q=16.851365,96.167433",YBS / YRTA Official
102,102,ပင်းယ,Pinya,တောင်ဥက္ကလာပ,South Okkalapa,ပါရမီလမ်း,Parami Road,16.85943,96.176149,"https://www.google.com/maps?q=16.859430,96.176149",YBS / YRTA Official
103,103,ဗဟိုစျေး,Baho Zay,တောင်ဥက္ကလာပ,South Okkalapa,ဝေဇယန္တာလမ်း,Waizayanta Road,16.840516,96.173677,"https://www.google.com/maps?q=16.840516,96.173677",YBS / YRTA Official
104,104,ဘေလီ,Bay Li,တောင်ဥက္ကလာပ,South Okkalapa,ပါရမီလမ်း,Parami Road,16.860898,96.177126,"https://www.google.com/maps?q=16.860898,96.177126",YBS / YRTA Official
105,105,မြင်သာဈေး,Myin Thar Zay,တောင်ဥက္ကလာပ,South Okkalapa,သံသုမာလမ်း,Thanthumar Road,16.856761,96.181798,"https://www.google.com/maps?q=16.856761,96.181798",YBS / YRTA Official
106,106,ဟံသာဝတီလမ်း,Hantharwaddy Road,တောင်ဥက္ကလာပ,South Okkalapa,ဝေဇယန္တာလမ်း,Waizayanta Road,16.843534,96.171757,"https://www.google.com/maps?q=16.843534,96.171757",YBS / YRTA Official
107,107,အင်းဝ,Inwa,တောင်ဥက္ကလာပ,South Okkalapa,သုမင်္ဂလာလမ်း,Thu Mingalar Road,16.849503,96.177506,"https://www.google.com/maps?q=16.849503,96.177506",YBS / YRTA Official
108,108,(၁၆) ဂိတ်,Sae-Chauk Gate (16 Gate),ထောက်ကြန့်,Htaukkyant,ရန်ကုန်-ပြည်လမ်းမကြီး,Yangon-Pyay Main Road,17.106811,96.053828,"https://www.google.com/maps?q=17.106811,96.053828",YBS / YRTA Official
109,109,(၂) ဂိတ်,Hnit Gate (2 Gate),ထောက်ကြန့်,Htaukkyant,ရန်ကုန်-ပြည်လမ်းမကြီး,Yangon-Pyay Main Road,17.065605,96.116331,"https://www.google.com/maps?q=17.065605,96.116331",YBS / YRTA Official
110,110,(၈၂),Shit-Sae-Hnit (82),ထောက်ကြန့်,Htaukkyant,ရန်ကုန်-ပြည်လမ်းမကြီး,Yangon-Pyay Main Road,17.054993,96.119843,"https://www.google.com/maps?q=17.054993,96.119843",YBS / YRTA Official
111,111,(၉) ဂိတ်,Nine Gate (9 Gate),ထောက်ကြန့်,Htaukkyant,ရန်ကုန်-ပြည်လမ်းမကြီး,Yangon-Pyay Main Road,17.051925,96.119561,"https://www.google.com/maps?q=17.051925,96.119561",YBS / YRTA Official
112,112,(၉၁) ဂိတ်,Koe-Sae-Tit Gate (91 Gate),ထောက်ကြန့်,Htaukkyant,ရန်ကုန်-ပြည်လမ်းမကြီး,Yangon-Pyay Main Road,17.100925,96.084445,"https://www.google.com/maps?q=17.100925,96.084445",YBS / YRTA Official
113,113,ကြက်ဖြူကန်,Kyat Phyu Kan,ထောက်ကြန့်,Htaukkyant,ရန်ကုန်-ပြည်လမ်းမကြီး,Yangon-Pyay Main Road,17.086369,96.100841,"https://www.google.com/maps?q=17.086369,96.100841",YBS / YRTA Official
114,114,စမ်းချောင်းပေါက်,San Chaung Pauk,ထောက်ကြန့်,Htaukkyant,ရန်ကုန်-ပြည်လမ်းမကြီး,Yangon-Pyay Main Road,17.095839,96.092856,"https://www.google.com/maps?q=17.095839,96.092856",YBS / YRTA Official
115,115,ထောက်ကြန့်လမ်းဆုံ,Htauk Kyant Lan Sone,ထောက်ကြန့်,Htaukkyant,အမှတ်(၂)လမ်းမ,No. 2 Main Road,17.042732,96.131957,"https://www.google.com/maps?q=17.042732,96.131957",YBS / YRTA Official
116,116,ဗိုလ်သင်တန်း,Bo Thin Tan,ထောက်ကြန့်,Htaukkyant,ရန်ကုန်-ပြည်လမ်းမကြီး,Yangon-Pyay Main Road,17.10556,96.078222,"https://www.google.com/maps?q=17.105560,96.078222",YBS / YRTA Official
117,117,မီးစက်,Mee Sat,ထောက်ကြန့်,Htaukkyant,ရန်ကုန်-ပြည်လမ်းမကြီး,Yangon-Pyay Main Road,17.076985,96.107278,"https://www.google.com/maps?q=17.076985,96.107278",YBS / YRTA Official
118,118,မော်တော်ယာဉ်,Maw Taw Yin,ထောက်ကြန့်,Htaukkyant,ရန်ကုန်-ပြည်လမ်းမကြီး,Yangon-Pyay Main Road,17.108103,96.074531,"https://www.google.com/maps?q=17.108103,96.074531",YBS / YRTA Official
119,119,ရဲဘော်ဈေး,Ye Baw Zay,ထောက်ကြန့်,Htaukkyant,ရန်ကုန်-ပြည်လမ်းမကြီး,Yangon-Pyay Main Road,17.094034,96.095166,"https://www.google.com/maps?q=17.094034,96.095166",YBS / YRTA Official
120,120,လေတပ်,Lay Tat,ထောက်ကြန့်,Htaukkyant,ရန်ကုန်-ပြည်လမ်းမကြီး,Yangon-Pyay Main Road,17.109047,96.073097,"https://www.google.com/maps?q=17.109047,96.073097",YBS / YRTA Official
121,121,ကျောက်တိုင်,Kyauk Taing,ဒဂုံ,Dagon,ZOOLOGICAL Garden Road,ZOOLOGICAL Garden Road,16.788753,96.157194,"https://www.google.com/maps?q=16.788753,96.157194",YBS / YRTA Official
122,122,စိန်ဂျွန်း,Sein Gyun,ဒဂုံ,Dagon,ပြည်လမ်း,Pyay Road,16.781942,96.143846,"https://www.google.com/maps?q=16.781942,96.143846",YBS / YRTA Official
123,123,တောင်ဘက်မုခ်,Taung Phat Moke (Shwedagon South Gate),ဒဂုံ,Dagon,Shwedagon Pagoda Road,Shwedagon Pagoda Road,16.793821,96.151069,"https://www.google.com/maps?q=16.793821,96.151069",YBS / YRTA Official
124,124,ပဲခူးကလပ်,Bago Kalat,ဒဂုံ,Dagon,ပြည်လမ်း,Pyay Road,16.786334,96.142429,"https://www.google.com/maps?q=16.786334,96.142429",YBS / YRTA Official
125,125,မြောက်ဘက်မုခ်,Myauk Phat Moke (Shwedagon North Gate),ဒဂုံ,Dagon,အာဇာနည်လမ်း,RZarNi Road,16.800997,96.14897,"https://www.google.com/maps?q=16.800997,96.148970",YBS / YRTA Official
126,126,လေဟာပြင်စျေး,Lay Har Pyin Zay,ဒဂုံ,Dagon,Shwedagon Pagoda Road,Shwedagon Pagoda Road,16.77819,96.153137,"https://www.google.com/maps?q=16.778190,96.153137",YBS / YRTA Official
127,127,ဟယ်(လ်)ပင်,Halpin,ဒဂုံ,Dagon,ပြည်လမ်း,Pyay Road,16.79028,96.141303,"https://www.google.com/maps?q=16.790280,96.141303",YBS / YRTA Official
128,128,အရှေ့ဘက်မုခ်,Ashae Phat Moke (Shwedagon East Gate),ဒဂုံ,Dagon,အာဇာနည်လမ်း,RZarNi Road,16.798262,96.151938,"https://www.google.com/maps?q=16.798262,96.151938",YBS / YRTA Official
129,129,(၁၁) လမ်း,Sae-Tit Lan (11 Lan),ဒဂုံဆိပ်ကမ်း,Dagon Seikkan,ကျွန်းရွှေဝါလမ်း,Kyun Shwe Wah Road,16.823557,96.267862,"https://www.google.com/maps?q=16.823557,96.267862",YBS / YRTA Official
130,130,(၈၉) ကွေ့,Shit-sae-koe Kwae (89 Kwae),ဒဂုံဆိပ်ကမ်း,Dagon Seikkan,Kun At Min Thar Road,Kun At Min Thar Road,16.842434,96.279679,"https://www.google.com/maps?q=16.842434,96.279679",YBS / YRTA Official
131,131,ကနောင်ကွေ့,Kanaung Kwae,ဒဂုံဆိပ်ကမ်း,Dagon Seikkan,Kanaung Minthargyi Road,Kanaung Minthargyi Road,16.832329,96.276597,"https://www.google.com/maps?q=16.832329,96.276597",YBS / YRTA Official
132,132,ပိတောက်ကွေ့,Padauk Kwae,ဒဂုံဆိပ်ကမ်း,Dagon Seikkan,ကျွန်းရွှေဝါလမ်း,Kyun Shwe Wah Road,16.827115,96.269269,"https://www.google.com/maps?q=16.827115,96.269269",YBS / YRTA Official
133,133,မုခ်ဦး (ယုဇနဥယျာဉ်),Moke Oo Yuzana Garden,ဒဂုံဆိပ်ကမ်း,Dagon Seikkan,Bago River Road,Bago River Road,16.832075,96.270439,"https://www.google.com/maps?q=16.832075,96.270439",YBS / YRTA Official
134,134,မြနန္ဒာ,Mya Nandar,ဒဂုံဆိပ်ကမ်း,Dagon Seikkan,Bago River Road,Bago River Road,16.835173,96.254615,"https://www.google.com/maps?q=16.835173,96.254615",YBS / YRTA Official
135,135,ရတနာလမ်း,Yadanar Lan,ဒဂုံဆိပ်ကမ်း,Dagon Seikkan,Bago River Road,Bago River Road,16.836588,96.249945,"https://www.google.com/maps?q=16.836588,96.249945",YBS / YRTA Official
136,136,ရွှေလီလမ်း,Shwe Li Road,ဒဂုံဆိပ်ကမ်း,Dagon Seikkan,Shwe Li Road,Shwe Li Road,16.827104,96.245743,"https://www.google.com/maps?q=16.827104,96.245743",YBS / YRTA Official
137,137,(၃) ဂိတ်ဟောင်း,Thone Gate Haung (3 Gate),ဒေါပုံ,Dawbon,မြင်တော်သာလမ်း,Myintawthar Road,16.777583,96.195345,"https://www.google.com/maps?q=16.777583,96.195345",YBS / YRTA Official
138,138,ဓမ္မာရုံ,Dhamar Yon,ဒေါပုံ,Dawbon,ယမုံနာလမ်း,Yamonar Road,16.776521,96.197328,"https://www.google.com/maps?q=16.776521,96.197328",YBS / YRTA Official
139,139,မာန်ပြေ,Man Pyae,ဒေါပုံ,Dawbon,ယမုံနာလမ်း,Yamonar Road,16.778397,96.19404,"https://www.google.com/maps?q=16.778397,96.194040",YBS / YRTA Official
140,140,ရန်ပြေ,Yan Pyay,ဒေါပုံ,Dawbon,ယမုံနာလမ်း,Yamonar Road,16.77991,96.191028,"https://www.google.com/maps?q=16.779910,96.191028",YBS / YRTA Official
141,141,ဝါဆို,Warso,ဒေါပုံ,Dawbon,ယမုံနာလမ်း,Yamonar Road,16.782555,96.182733,"https://www.google.com/maps?q=16.782555,96.182733",YBS / YRTA Official
142,142,သင်္ဘောကျင်း,Thinbaw Kyin,ဒေါပုံ,Dawbon,ယမုံနာလမ်း,Yamonar Road,16.781965,96.187147,"https://www.google.com/maps?q=16.781965,96.187147",YBS / YRTA Official
143,143,(၆) လမ်း,Chauk Lan (6 Lan),ပုဇွန်တောင်,Pazundaung,အထက်ပုဇွန်တောင်လမ်း,Upper Pazundaung Road,16.803755,96.185249,"https://www.google.com/maps?q=16.803755,96.185249",YBS / YRTA Official
144,144,ဂန္ဓီ,Gandee,ပုဇွန်တောင်,Pazundaung,မဟာဗန္ဓုလလမ်း,Mahabandoola Road,16.77384,96.174372,"https://www.google.com/maps?q=16.773840,96.174372",YBS / YRTA Official
145,145,ညောင်တန်း,Nyaung Tan,ပုဇွန်တောင်,Pazundaung,အောက်ပုဇွန်တောင်လမ်း,Lower Pazundaung Road,16.778142,96.175494,"https://www.google.com/maps?q=16.778142,96.175494",YBS / YRTA Official
146,146,ပုဇွန်တောင်ဈေး,Pazundaung Zay,ပုဇွန်တောင်,Pazundaung,အထက်ပုဇွန်တောင်လမ်း,Upper Pazundaung Road,16.780225,96.174547,"https://www.google.com/maps?q=16.780225,96.174547",YBS / YRTA Official
147,147,ဗိုလ်တထောင်ဈေး,Botahtaung Zay,ပုဇွန်တောင်,Pazundaung,ကမ်းနားလမ်း,Strand Road,16.769349,96.174957,"https://www.google.com/maps?q=16.769349,96.174957",YBS / YRTA Official
148,148,ဘီအိုစီ,B.O.C,ပုဇွန်တောင်,Pazundaung,Than Lyet Soon Road,Than Lyet Soon Road,16.76858,96.186345,"https://www.google.com/maps?q=16.768580,96.186345",YBS / YRTA Official
149,149,လင်းစဒေါင်း,Lin Sadaung,ပုဇွန်တောင်,Pazundaung,ကမ်းနားလမ်း,Strand Road,16.768981,96.180341,"https://www.google.com/maps?q=16.768981,96.180341",YBS / YRTA Official
150,150,သီတာဆိပ်,Thida Seik,ပုဇွန်တောင်,Pazundaung,အောက်ပုဇွန်တောင်လမ်း,Lower Pazundaung Road,16.774333,96.180194,"https://www.google.com/maps?q=16.774333,96.180194",YBS / YRTA Official
151,151,ကုန်ဈေးတန်း,Kone Zay Tan,ပန်းဘဲတန်း,Pabedan,အနော်ရထာလမ်း,Anawrahta Road,16.777052,96.155092,"https://www.google.com/maps?q=16.777052,96.155092",YBS / YRTA Official
152,152,ဗိုလ်ချုပ်ဈေး,Bogyoke Zay,ပန်းဘဲတန်း,Pabedan,ဗိုလ်ချုပ်အောင်ဆန်းလမ်း,Bogyoke Aung San Road,16.779395,96.154447,"https://www.google.com/maps?q=16.779395,96.154447",YBS / YRTA Official
153,153,ရုပ်ရှင်ရုံ,Yoke Shin Yon,ပန်းဘဲတန်း,Pabedan,ဆူးလေးဘုရားလမ်း,Sule Pagoda Road,16.777455,96.158736,"https://www.google.com/maps?q=16.777455,96.158736",YBS / YRTA Official
154,154,လမ်း (၃၀),Lan Thone Sae (30 Lan),ပန်းဘဲတန်း,Pabedan,အနော်ရထာလမ်း,Anawrahta Road,16.776964,96.157234,"https://www.google.com/maps?q=16.776964,96.157234",YBS / YRTA Official
155,155,သိမ်ကြီးဈေး,Theingyi Zay,ပန်းဘဲတန်း,Pabedan,မဟာဗန္ဓုလလမ်း,Mahabandoola Road,16.774497,96.153833,"https://www.google.com/maps?q=16.774497,96.153833",YBS / YRTA Official
156,156,(၂) ဂိတ်,Hnit Gate (2 Gate),ဖောင်ကြီး,Hpaunggyi,Hlegu-Phaung Gyi Road,Hlegu-Phaung Gyi Road,17.339783,96.197698,"https://www.google.com/maps?q=17.339783,96.197698",YBS / YRTA Official
157,157,စံပြ,San Pya,ဖောင်ကြီး,Hpaunggyi,Hlegu-Phaung Gyi Road,Hlegu-Phaung Gyi Road,17.335318,96.196239,"https://www.google.com/maps?q=17.335318,96.196239",YBS / YRTA Official
158,158,ဆေးရုံကုန်း,Say Yone Kone,ဖောင်ကြီး,Hpaunggyi,Hlegu-Phaung Gyi Road,Hlegu-Phaung Gyi Road,17.327288,96.185811,"https://www.google.com/maps?q=17.327288,96.185811",YBS / YRTA Official
159,159,ဖောင်ကြီးတာဆုံ,Phaung Gyi Tar Sone,ဖောင်ကြီး,Hpaunggyi,Hlegu-Phaung Gyi Road,Hlegu-Phaung Gyi Road,17.322331,96.179502,"https://www.google.com/maps?q=17.322331,96.179502",YBS / YRTA Official
160,160,ဗဟိုဝန်ထမ်းတက္ကသိုလ်,Baho Wun Htan Takke Tho,ဖောင်ကြီး,Hpaunggyi,Hlegu-Phaung Gyi Road,Hlegu-Phaung Gyi Road,17.331549,96.187184,"https://www.google.com/maps?q=17.331549,96.187184",YBS / YRTA Official
161,161,သမဝါယမကောလိပ်,Thama War Ya Ma College,ဖောင်ကြီး,Hpaunggyi,Hlegu-Phaung Gyi Road,Hlegu-Phaung Gyi Road,17.345723,96.200917,"https://www.google.com/maps?q=17.345723,96.200917",YBS / YRTA Official
162,162,(၅) ထပ်ကြီး,Ngar Htat Kyee (5 Htat Kyee),ဗဟန်း,Bahan,East Shwe Gon Daing Road,East Shwe Gon Daing Road,16.810501,96.16332,"https://www.google.com/maps?q=16.810501,96.163320",YBS / YRTA Official
163,163,(၆) ထပ်ကြီး,Chauk Htat Kyee (6 Htat Kyee),ဗဟန်း,Bahan,East Shwe Gon Daing Road,East Shwe Gon Daing Road,16.811207,96.165464,"https://www.google.com/maps?q=16.811207,96.165464",YBS / YRTA Official
164,164,ကုက္ကိုင်း,Koke Kine,ဗဟန်း,Bahan,တက္ကသိုလ်ရိပ်သာလမ်း,University Avenue Road,16.823559,96.153043,"https://www.google.com/maps?q=16.823559,96.153043",YBS / YRTA Official
165,165,ကုက္ကိုင်း / ကျောင်းရှေ့,Kokkaing/ Kyaung Shae,ဗဟန်း,Bahan,ကမ္ဘာအေးဘုရားလမ်း,Kabar Aye Pagoda Road,16.820664,96.155299,"https://www.google.com/maps?q=16.820664,96.155299",YBS / YRTA Official
166,166,စက်မှု(၁)/မြန်မာပလာဇာ,Set Hmu Tit/Myanmar Plaza,ဗဟန်း,Bahan,ကမ္ဘာအေးဘုရားလမ်း,Kabar Aye Pagoda Road,16.826941,96.154453,"https://www.google.com/maps?q=16.826941,96.154453",YBS / YRTA Official
167,167,နတ်မောက်ကျောင်းရှေ့,Nat Mauk Kyaung Shae,ဗဟန်း,Bahan,နတ်မောက်လမ်း,Nat Mauk Road,16.800321,96.166352,"https://www.google.com/maps?q=16.800321,96.166352",YBS / YRTA Official
168,168,နှင်းဆီကုန်းရိပ်သာ,Hnin Si Kone Yate Thar,ဗဟန်း,Bahan,ကမ္ဘာအေးဘုရားလမ်း,Kabar Aye Pagoda Road,16.810351,96.155935,"https://www.google.com/maps?q=16.810351,96.155935",YBS / YRTA Official
169,169,ဖိုးစိန်လမ်း,Phoe Sein Lan,ဗဟန်း,Bahan,နတ်မောက်လမ်း,Nat Mauk Road,16.800151,96.167644,"https://www.google.com/maps?q=16.800151,96.167644",YBS / YRTA Official
170,170,ဗဟန်းသုံးလမ်း,Bahan Thone Lan,ဗဟန်း,Bahan,Bahan Road,Bahan Road,16.79706,96.157028,"https://www.google.com/maps?q=16.797060,96.157028",YBS / YRTA Official
171,171,ရွှေဂုံတိုင်,Shwe Gon Daing,ဗဟန်း,Bahan,West Shwe Gon Daing Road,West Shwe Gon Daing Road,16.805331,96.154423,"https://www.google.com/maps?q=16.805331,96.154423",YBS / YRTA Official
172,172,ဝိဇယပလာဇာ,Wizaya Plaza,ဗဟန်း,Bahan,ဓမ္မစေတီလမ်း,Dhamazedi Road,16.8052,96.143334,"https://www.google.com/maps?q=16.805200,96.143334",YBS / YRTA Official
173,173,သံလွင်,Thanlwin,ဗဟန်း,Bahan,တက္ကသိုလ်ရိပ်သာလမ်း,University Avenue Road,16.824228,96.145139,"https://www.google.com/maps?q=16.824228,96.145139",YBS / YRTA Official
174,174,အထက (၁) ဗဟန်း,Ah Hta Ka Tit Bahan (No. 1 High School),ဗဟန်း,Bahan,ဓမ္မစေတီလမ်း,Dhamazedi Road,16.807292,96.151492,"https://www.google.com/maps?q=16.807292,96.151492",YBS / YRTA Official
175,175,(၅၀) ကွေ့,Ngar-sae Kwae (50 Kwae),ဗိုလ်တထောင်,Botahtaung,Botahtaung Pagoda Road,Botahtaung Pagoda Road,16.774432,96.172566,"https://www.google.com/maps?q=16.774432,96.172566",YBS / YRTA Official
176,176,ကြယ်ငါးပွင့်,Kyel Ngar Pwint,ဗိုလ်တထောင်,Botahtaung,သိမ်ဖြူလမ်း,Thein Phyu Road,16.772389,96.166984,"https://www.google.com/maps?q=16.772389,96.166984",YBS / YRTA Official
177,177,စိန်ပေါ(လ်),Sein Paul,ဗိုလ်တထောင်,Botahtaung,သိမ်ဖြူလမ်း,Thein Phyu Road,16.777445,96.167201,"https://www.google.com/maps?q=16.777445,96.167201",YBS / YRTA Official
178,178,အိုးရှင်း,Ocean (Botahtaung),ဗိုလ်တထောင်,Botahtaung,မဟာဗန္ဓုလလမ်း,Mahabandoola Road,16.773717,96.177385,"https://www.google.com/maps?q=16.773717,96.177385",YBS / YRTA Official
179,179,(၆) မိုင်ခွဲ,Chauk Mile Khawe (6 Mile),မရမ်းကုန်း,Mayangone,ပြည်လမ်း,Pyay Road,16.844326,96.135839,"https://www.google.com/maps?q=16.844326,96.135839",YBS / YRTA Official
180,180,(၇) မိုင်,Khun-hnat Mile (7 Mile),မရမ်းကုန်း,Mayangone,ပြည်လမ်း,Pyay Road,16.856031,96.141375,"https://www.google.com/maps?q=16.856031,96.141375",YBS / YRTA Official
181,181,(၈) မိုင်,Shit Mile (8 Mile),မရမ်းကုန်း,Mayangone,ပြည်လမ်း,Pyay Road,16.867475,96.141751,"https://www.google.com/maps?q=16.867475,96.141751",YBS / YRTA Official
182,182,(၉) မိုင်,Koe Mile (9 Mile),မရမ်းကုန်း,Mayangone,ပြည်လမ်း,Pyay Road,16.880519,96.13626,"https://www.google.com/maps?q=16.880519,96.136260",YBS / YRTA Official
183,183,ကမ္ဘာအေးဘုရားလမ်း,Kabar Aye Paya,မရမ်းကုန်း,Mayangone,ကမ္ဘာအေးဘုရားလမ်း,Kabar Aye Pagoda Road,16.856873,96.156653,"https://www.google.com/maps?q=16.856873,96.156653",YBS / YRTA Official
184,184,ကျိုက်ဝိုင်း,Kyaik Wine,မရမ်းကုန်း,Mayangone,ကျိုက်ဝိုင်းဘုရားလမ်း,Kyaik Wine Pagoda Road,16.866536,96.128669,"https://www.google.com/maps?q=16.866536,96.128669",YBS / YRTA Official
185,185,ချော်တွင်းကုန်း,Chaw Twin Kone,မရမ်းကုန်း,Mayangone,ကမ္ဘာအေးဘုရားလမ်း,Kabar Aye Pagoda Road,16.848967,96.1573,"https://www.google.com/maps?q=16.848967,96.157300",YBS / YRTA Official
186,186,ဘုရင့်နောင်လမ်းဆုံ,Bayint Naung Lan Sone,မရမ်းကုန်း,Mayangone,ဘုရင့်နောင်လမ်း,Bayint Naung Road,16.856972,96.108657,"https://www.google.com/maps?q=16.856972,96.108657",YBS / YRTA Official
187,187,မြိုင်ဟေဝန်ပန်းခြံ,Myaing Hay Wun,မရမ်းကုန်း,Mayangone,ကမ္ဘာအေးဘုရားလမ်း,Kabar Aye Pagoda Road,16.866588,96.143537,"https://www.google.com/maps?q=16.866588,96.143537",YBS / YRTA Official
188,188,သမိုင်းလမ်းဆုံ,Thamine Lan Son,မရမ်းကုန်း,Mayangone,ရန်ကုန်-အင်းစိန်လမ်း,Yangon-Insein Road,16.863581,96.121281,"https://www.google.com/maps?q=16.863581,96.121281",YBS / YRTA Official
189,189,မင်္ဂလာဈေး,Mingalar Zay,မင်္ဂလာတောင်ညွန့်,Mingalar Taung Nyunt,Mill Road,Mill Road,16.791773,96.174681,"https://www.google.com/maps?q=16.791773,96.174681",YBS / YRTA Official
190,190,ယုဇနပလာဇာ / လမ်းကျယ်,Yuzana Plaza/ Lan Kyal,မင်္ဂလာတောင်ညွန့်,Mingalar Taung Nyunt,ဗညားဒလလမ်း,Banyardala Road,16.794242,96.175678,"https://www.google.com/maps?q=16.794242,96.175678",YBS / YRTA Official
191,191,ရန်ကုန်ဘူတာကြီး,Yangon Central Railway Station,မင်္ဂလာတောင်ညွန့်,Mingalar Taung Nyunt,Upper Pansodan Road,Upper Pansodan Road,16.784881,96.162024,"https://www.google.com/maps?q=16.784881,96.162024",YBS / YRTA Official
192,192,သိမ်ဖြူဈေး,Thein Phyu Zay,မင်္ဂလာတောင်ညွန့်,Mingalar Taung Nyunt,သိမ်ဖြူလမ်း,Thein Phyu Road,16.784569,96.167519,"https://www.google.com/maps?q=16.784569,96.167519",YBS / YRTA Official
193,193,အောင်မင်္ဂလာ,Aung Mingalar,မင်္ဂလာတောင်ညွန့်,Mingalar Taung Nyunt,ဗညားဒလလမ်း,Banyardala Road,16.796309,96.176624,"https://www.google.com/maps?q=16.796309,96.176624",YBS / YRTA Official
194,194,ခရေပင်လမ်းခွဲ,Khayae Pin Lan Khawe,မင်္ဂလာဒုံ,Mingaladon,အမှတ်(၁)လမ်းမ,No. 1 Main Road,16.927303,96.131706,"https://www.google.com/maps?q=16.927303,96.131706",YBS / YRTA Official
195,195,ကုန်းထိပ်,Kone Htate,မင်္ဂလာဒုံ,Mingaladon,အမှတ်(၁)လမ်းမ,No. 1 Main Road,17.004641,96.129039,"https://www.google.com/maps?q=17.004641,96.129039",YBS / YRTA Official
196,196,ကျိုက်ကလို့,Kyaikkalot,မင်္ဂလာဒုံ,Mingaladon,အမှတ်(၁)လမ်းမ,No. 1 Main Road,16.951129,96.127038,"https://www.google.com/maps?q=16.951129,96.127038",YBS / YRTA Official
197,197,မင်္ဂလာဒုံဈေး,Mingalardon Zay,မင်္ဂလာဒုံ,Mingaladon,အမှတ်(၁)လမ်းမ,No. 1 Main Road,16.934113,96.13039,"https://www.google.com/maps?q=16.934113,96.130390",YBS / YRTA Official
198,198,ရန်ကုန်လေဆိပ် တာမီနယ် (၁),Yangon Intl. Airport Terminal 1,မင်္ဂလာဒုံ,Mingaladon,Yangon Airport Road,Yangon Airport Road,16.902771,96.136228,"https://www.google.com/maps?q=16.902771,96.136228",YBS / YRTA Official
199,199,ပုလဲလမ်းဆုံ,Palae Lan Sone,မင်္ဂလာဒုံ,Mingaladon,အမှတ်(၃)လမ်းမ,No. 3 Main Road,16.981853,96.147111,"https://www.google.com/maps?q=16.981853,96.147111",YBS / YRTA Official
200,200,ဒဂုံတက္ကသိုလ်,Dagon University,မြောက်ဒဂုံ,North Dagon,Dagon University,Dagon University,16.91305,96.211413,"https://www.google.com/maps?q=16.913050,96.211413",YBS / YRTA Official
201,201,(၃၅) ကွေ့,Thone-sae-ngar Kwae (35 Kwae),မြောက်ဒဂုံ,North Dagon,ပင်လုံလမ်း,Pin Lon Road,16.868091,96.187002,"https://www.google.com/maps?q=16.868091,96.187002",YBS / YRTA Official
202,202,(၄၄) လမ်းဆုံ,Lay-sae-lay Lan Sone (44 Lan Sone),မြောက်ဒဂုံ,North Dagon,ဗိုလ်မှူးဗထူးလမ်း,Bo Hmu Ba Htoo Road,16.89259,96.181006,"https://www.google.com/maps?q=16.892590,96.181006",YBS / YRTA Official
203,203,ဗထူးဈေး,Ba Htoo Zay,မြောက်ဒဂုံ,North Dagon,ဗိုလ်မှူးဗထူးလမ်း,Bo Hmu Ba Htoo Road,16.89564,96.187053,"https://www.google.com/maps?q=16.895640,96.187053",YBS / YRTA Official
204,204,ပင်လုံဆေးရုံ,Pinlon Hospital,မြောက်ဒဂုံ,North Dagon,ပင်လုံလမ်း,Pin Lon Road,16.856,96.195,"https://www.google.com/maps?q=16.856000,96.195000",YBS / YRTA Official
205,205,မန္တလေးလမ်း,Mandalay Lan,မြောက်ဒဂုံ,North Dagon,ပင်လုံလမ်း,Pin Lon Road,16.8744,96.198868,"https://www.google.com/maps?q=16.874400,96.198868",YBS / YRTA Official
206,206,(၂) ဈေး,Hnit Zay (2 Zay),မြောက်ဥက္ကလာပ,North Okkalapa,သုဓမ္မာလမ်း,Thudhamar Road,16.878722,96.156081,"https://www.google.com/maps?q=16.878722,96.156081",YBS / YRTA Official
207,207,(၆) ကွေ့,Chauk Kwae (6 Kwae),မြောက်ဥက္ကလာပ,North Okkalapa,သုဓမ္မာလမ်း,Thudhamar Road,16.919091,96.162873,"https://www.google.com/maps?q=16.919091,96.162873",YBS / YRTA Official
208,208,(ဃ) ဈေး,Ga-gyi Zay,မြောက်ဥက္ကလာပ,North Okkalapa,သုဓမ္မာလမ်း,Thudhamar Road,16.896452,96.159434,"https://www.google.com/maps?q=16.896452,96.159434",YBS / YRTA Official
209,209,(ဈ) ဈေး,Za-myin-zwe Zay,မြောက်ဥက္ကလာပ,North Okkalapa,ခေမာသီလမ်း,Khaymarthi Road,16.911714,96.161796,"https://www.google.com/maps?q=16.911714,96.161796",YBS / YRTA Official
210,210,မြောက်ဥက္ကလာ အဝိုင်း,Myauk Okkalar Awine,မြောက်ဥက္ကလာပ,North Okkalapa,သုဓမ္မာလမ်း,Thudhamar Road,16.89274,96.155061,"https://www.google.com/maps?q=16.892740,96.155061",YBS / YRTA Official
211,211,အောင်မင်္ဂလာ အဝေးပြေး,Aung Mingalar A Way Pyay,မြောက်ဥက္ကလာပ,North Okkalapa,သုဓမ္မာလမ်း,Thudhamar Road,16.926507,96.156078,"https://www.google.com/maps?q=16.926507,96.156078",YBS / YRTA Official
212,212,မဲလမုဘုရား,Melamu Pagoda,မြောက်ဥက္ကလာပ,North Okkalapa,သုဓမ္မာလမ်း,Thudhamar Road,16.887,96.168,"https://www.google.com/maps?q=16.887000,96.168000",YBS / YRTA Official
213,213,မှော်ဘီဈေး,Hmaw Bi Zay,မှော်ဘီ,Hmawbi,ရန်ကုန်-ပြည်လမ်းမကြီး,Yangon-Pyay Main Road,17.100933,96.042672,"https://www.google.com/maps?q=17.100933,96.042672",YBS / YRTA Official
214,214,ဂျီတီစီဆိုက်သစ်,G.T.C Site Thit,မှော်ဘီ,Hmawbi,ရန်ကုန်-ပြည်လမ်းမကြီး,Yangon-Pyay Main Road,17.124427,96.006639,"https://www.google.com/maps?q=17.124427,96.006639",YBS / YRTA Official
215,215,ဂျပန်ဆိုက်,Japan Site,မှော်ဘီ,Hmawbi,ရန်ကုန်-ပြည်လမ်းမကြီး,Yangon-Pyay Main Road,17.140421,95.999799,"https://www.google.com/maps?q=17.140421,95.999799",YBS / YRTA Official
216,216,ထန်းတပင်တာဆုံ,Htan Ta Pin Tar Sone,မှော်ဘီ,Hmawbi,ရန်ကုန်-ပြည်လမ်းမကြီး,Yangon-Pyay Main Road,17.09799,96.035419,"https://www.google.com/maps?q=17.097990,96.035419",YBS / YRTA Official
217,217,ကျောက်ကုန်း,Kyauk Kone,ရန်ကင်း,Yankin,Moe Kaung Road,Moe Kaung Road,16.831231,96.169702,"https://www.google.com/maps?q=16.831231,96.169702",YBS / YRTA Official
218,218,ရန်ကင်းဈေး,Yankin Zay,ရန်ကင်း,Yankin,Yanshin Street,Yanshin Street,16.828822,96.159214,"https://www.google.com/maps?q=16.828822,96.159214",YBS / YRTA Official
219,219,မိုးကောင်း,Moe Kaung,ရန်ကင်း,Yankin,Kanbe Road,Kanbe Road,16.837755,96.166164,"https://www.google.com/maps?q=16.837755,96.166164",YBS / YRTA Official
220,220,ရန်ကင်းစာတိုက်,Yankin Sar Taik,ရန်ကင်း,Yankin,Yankin Road,Yankin Road,16.834688,96.162728,"https://www.google.com/maps?q=16.834688,96.162728",YBS / YRTA Official
221,221,ရွှေပြည်သာကွေ့,Shwe Pyi Thar Kwae,ရွှေပြည်သာ,Shwepyitha,အမှတ်(၄)လမ်းမ,No. 4 Main Road,16.961085,96.097016,"https://www.google.com/maps?q=16.961085,96.097016",YBS / YRTA Official
222,222,ဒဂုံဧရာ,Dagon Ayeyar (Shwepyitha),ရွှေပြည်သာ,Shwepyitha,လှော်ကားလမ်း,Hlawga Road,16.849593,96.236215,"https://www.google.com/maps?q=16.849593,96.236215",YBS / YRTA Official
223,223,ကွန်ပျူတာတက္ကသိုလ်,Computer University (Yangon),ရွှေပြည်သာ,Shwepyitha,အမှတ်(၄)လမ်းမ,No. 4 Main Road,16.998734,96.088477,"https://www.google.com/maps?q=16.998734,96.088477",YBS / YRTA Official
224,224,နဝရတ်,Nawarat,ရွှေပြည်သာ,Shwepyitha,ဘုရင့်နောင်လမ်း,Bayint Naung Road,16.97258,96.075976,"https://www.google.com/maps?q=16.972580,96.075976",YBS / YRTA Official
225,225,သာဓုကန်,Thardukan,ရွှေပြည်သာ,Shwepyitha,အမှတ်(၄)လမ်းမ,No. 4 Main Road,16.983793,96.093191,"https://www.google.com/maps?q=16.983793,96.093191",YBS / YRTA Official
226,226,ဆေးရုံကြီး,Say Yon Gyi (Yangon General Hospital),လသာ,Latha,ဗိုလ်ချုပ်အောင်ဆန်းလမ်း,Bogyoke Aung San Road,16.779525,96.150563,"https://www.google.com/maps?q=16.779525,96.150563",YBS / YRTA Official
227,227,ညောင်ပင်လေးဈေး,Nyaung Pin Lay Zay,လသာ,Latha,ကမ်းနားလမ်း,Strand Road,16.772605,96.146209,"https://www.google.com/maps?q=16.772605,96.146209",YBS / YRTA Official
228,228,လသာ,Latha (Strand),လသာ,Latha,ကမ်းနားလမ်း,Strand Road,16.772114,96.15142,"https://www.google.com/maps?q=16.772114,96.151420",YBS / YRTA Official
229,229,စံပြ,Sanpya,လမ်းမတော်,Lanmadaw,Phone Gyi Road,Phone Gyi Road,16.778647,96.144935,"https://www.google.com/maps?q=16.778647,96.144935",YBS / YRTA Official
230,230,ဗဟိုစည် / မော်တင်,Bahosi/ Mawtin,လမ်းမတော်,Lanmadaw,ဗိုလ်ချုပ်အောင်ဆန်းလမ်း,Bogyoke Aung San Road,16.780018,96.140015,"https://www.google.com/maps?q=16.780018,96.140015",YBS / YRTA Official
231,231,မော်တင်,Maw Tin,လမ်းမတော်,Lanmadaw,မဟာဗန္ဓုလလမ်း,Mahabandoola Road,16.774862,96.142339,"https://www.google.com/maps?q=16.774862,96.142339",YBS / YRTA Official
232,232,ပါရမီလမ်းဆုံ,Parami Junction,လှိုင်,Hlaing,ပြည်လမ်း,Pyay Road,16.84793,96.136581,"https://www.google.com/maps?q=16.847930,96.136581",YBS / YRTA Official
233,233,သီရိမင်္ဂလာဈေးသစ်,Thiri Mingalar Market,လှိုင်,Hlaing,ဘုရင့်နောင်လမ်း,Bayint Naung Road,16.843603,96.112299,"https://www.google.com/maps?q=16.843603,96.112299",YBS / YRTA Official
234,234,သုခ,Thukha,လှိုင်,Hlaing,ရန်ကုန်-အင်းစိန်လမ်း,Yangon-Insein Road,16.84047,96.127017,"https://www.google.com/maps?q=16.840470,96.127017",YBS / YRTA Official
235,235,အေဒီ,A.D,လှိုင်,Hlaing,ပြည်လမ်း,Pyay Road,16.853071,96.140559,"https://www.google.com/maps?q=16.853071,96.140559",YBS / YRTA Official
236,236,အုတ်ကျင်း,Oakyin,လှိုင်,Hlaing,ရန်ကုန်-အင်းစိန်လမ်း,Yangon-Insein Road,16.854916,96.123917,"https://www.google.com/maps?q=16.854916,96.123917",YBS / YRTA Official
237,237,ဒဂုံဧရာ အဝေးပြေး,Dagon Ayeyar Highway,လှိုင်သာယာ,Hlaingtharyar,အမှတ်(၅)လမ်းမ,No. 5 Main Road,16.878048,96.024103,"https://www.google.com/maps?q=16.878048,96.024103",YBS / YRTA Official
238,238,နဝဒေးအိမ်ရာ,Nawaday Housing,လှိုင်သာယာ,Hlaingtharyar,အမှတ်(၅)လမ်းမ,No. 5 Main Road,16.861391,96.068355,"https://www.google.com/maps?q=16.861391,96.068355",YBS / YRTA Official
239,239,နည်းပညာတက္ကသိုလ်,University of Technology (West Yangon),လှိုင်သာယာ,Hlaingtharyar,University of Technology,University of Technology,16.867924,96.011427,"https://www.google.com/maps?q=16.867924,96.011427",YBS / YRTA Official
240,240,လှိုင်သာယာ စီးတီးမတ်,Hlaing Tharyar City Mart,လှိုင်သာယာ,Hlaingtharyar,Yangon-Pathein Rd,Yangon-Pathein Rd,16.853,96.065,"https://www.google.com/maps?q=16.853000,96.065000",YBS / YRTA Official
241,241,ဗိုလ်ချုပ်,Bogyoke,လှိုင်သာယာ,Hlaingtharyar,အမှတ်(၅)လမ်းမ,No. 5 Main Road,16.858331,96.077607,"https://www.google.com/maps?q=16.858331,96.077607",YBS / YRTA Official
242,242,လှည်းကူးဈေး,Hlegu Zay,လှည်းကူး,Hlegu,အမှတ်(၁)လမ်းမ,No. 1 Main Road,17.096831,96.219037,"https://www.google.com/maps?q=17.096831,96.219037",YBS / YRTA Official
243,243,လှည်းကူးတာဆုံ,Hlegu Tar Sone,လှည်းကူး,Hlegu,Hlegu-Phaung Gyi Road,Hlegu-Phaung Gyi Road,17.099807,96.225899,"https://www.google.com/maps?q=17.099807,96.225899",YBS / YRTA Official
244,244,ရတနာမြေ,Yadanar Myay,လှည်းကူး,Hlegu,အမှတ်(၁)လမ်းမ,No. 1 Main Road,17.078205,96.184119,"https://www.google.com/maps?q=17.078205,96.184119",YBS / YRTA Official
245,245,သာကေတအဝိုင်း,Thaketa Roundabout (Awine),သာကေတ,Thaketa,ဧရာဝဏ်လမ်းမကြီး,Ayar Wun Main Road,16.806115,96.216272,"https://www.google.com/maps?q=16.806115,96.216272",YBS / YRTA Official
246,246,သန်လျင်တံတား ချဉ်းကပ်လမ်း,Thanlyin Bridge (Chin Kat Lan),သာကေတ,Thaketa,Thalyin Thada Chin Kat Road,Thalyin Thada Chin Kat Road,16.806431,96.218966,"https://www.google.com/maps?q=16.806431,96.218966",YBS / YRTA Official
247,247,ရှုခင်းသာမြို့ပတ်လမ်း,Shukinthar Myo Pat Road,သာကေတ,Thaketa,ရှူ့ခင်းသာမြို့ပတ်လမ်း,Shukinthar Myo Pat Road,16.793243,96.219589,"https://www.google.com/maps?q=16.793243,96.219589",YBS / YRTA Official
248,248,(၃) ဈေး,Thone Zay (3 Zay),သာကေတ,Thaketa,မြင်တော်သာလမ်း,Myintawthar Road,16.781521,96.197234,"https://www.google.com/maps?q=16.781521,96.197234",YBS / YRTA Official
249,249,ကျောက်တိုင်,Kyauk Taing (Thaketa),သာကေတ,Thaketa,ဧရာဝဏ်လမ်းမကြီး,Ayar Wun Main Road,16.804242,96.196145,"https://www.google.com/maps?q=16.804242,96.196145",YBS / YRTA Official
250,250,တိုင်းရင်းသားကျေးရွာ (အာဆီယံ),National Races Village (Asean),သာကေတ,Thaketa,National Races Village,National Races Village,16.806892,96.232577,"https://www.google.com/maps?q=16.806892,96.232577",YBS / YRTA Official
251,251,စံပြဈေး / ငမိုးရိပ်,Sanpya Zay/ Nga Moe Yeik,သင်္ဃန်းကျွန်း,Thingangyun,သံသုမာလမ်း,Thanthumar Road,16.843208,96.204053,"https://www.google.com/maps?q=16.843208,96.204053",YBS / YRTA Official
252,252,ဇဝန,Zawana,သင်္ဃန်းကျွန်း,Thingangyun,လေးထောင့်ကန်လမ်း,Lay Daung Kan Road,16.827762,96.187952,"https://www.google.com/maps?q=16.827762,96.187952",YBS / YRTA Official
253,253,သုဝဏ္ဏဘောလုံးကွင်း,Thuwunna Stadium,သင်္ဃန်းကျွန်း,Thingangyun,ဝေဇယန္တာလမ်း,Waizayanta Road,16.820033,96.184398,"https://www.google.com/maps?q=16.820033,96.184398",YBS / YRTA Official
254,254,သုဝဏ္ဏလမ်းဆုံ,Thuwunna Lan Sone,သင်္ဃန်းကျွန်း,Thingangyun,သံသုမာလမ်း,Thanthumar Road,16.814838,96.190871,"https://www.google.com/maps?q=16.814838,96.190871",YBS / YRTA Official
255,255,ကျိုက္ကဆံဘုရား,Kyaikkasan Paya,သင်္ဃန်းကျွန်း,Thingangyun,ရတနာလမ်း,Yadanar Road,16.837687,96.18816,"https://www.google.com/maps?q=16.837687,96.188160",YBS / YRTA Official
256,256,ပြည်သာယာ,Pyithaya,သင်္ဃန်းကျွန်း,Thingangyun,Pyithaya Street,Pyithaya Street,16.829299,96.179507,"https://www.google.com/maps?q=16.829299,96.179507",YBS / YRTA Official
257,257,ကျိုက်ခေါက်ဘုရား,Kyaik Khauk Pagoda,သန်လျင်,Thanlyin,ကျိုက်ခေါက်ဘုရားလမ်း,Kyaik Khauk Pagoda Road,16.729647,96.269416,"https://www.google.com/maps?q=16.729647,96.269416",YBS / YRTA Official
258,258,ရေကြောင်းတက္ကသိုလ်,Myanmar Maritime University,သန်လျင်,Thanlyin,Thanlyin,Thanlyin,16.705042,96.266486,"https://www.google.com/maps?q=16.705042,96.266486",YBS / YRTA Official
259,259,သန်လျင်မြို့မဈေး,Thanlyin Myoma Zay,သန်လျင်,Thanlyin,Bogyoke Nay Win Road,Bogyoke Nay Win Road,16.763618,96.24622,"https://www.google.com/maps?q=16.763618,96.246220",YBS / YRTA Official
260,260,မြွေဘုရား,Mway Paya (Snake Pagoda),သန်လျင်,Thanlyin,သန်လျှင်-ကျောက်တန်းလမ်း,Thanlyin-Kyauktan Road,16.662736,96.321136,"https://www.google.com/maps?q=16.662736,96.321136",YBS / YRTA Official
261,261,နည်းပညာတက္ကသိုလ် (ဂျီတီယူ),Nee Pyinyar Takke Tho (G.T.U Thanlyin),သန်လျင်,Thanlyin,သန်လျှင်-ကျောက်တန်းလမ်း,Thanlyin-Kyauktan Road,16.689967,96.307434,"https://www.google.com/maps?q=16.689967,96.307434",YBS / YRTA Official
262,262,အရှေ့ပိုင်းတက္ကသိုလ်,East Yangon University (Taung Dagon),သန်လျင်,Thanlyin,အမှတ်(၆)လမ်းမ,No. 6 Main Road,16.733832,96.288276,"https://www.google.com/maps?q=16.733832,96.288276",YBS / YRTA Official
263,263,ကြိုဆိုပါ၏,Kyo So Par Ei (Welcome),သုံးခွ,Thongwa,အမှတ်(၆)လမ်းမ,No. 6 Main Road,16.759221,96.50995,"https://www.google.com/maps?q=16.759221,96.509950",YBS / YRTA Official
264,264,ခွန်ထိပ်,Khun Htate,သုံးခွ,Thongwa,အမှတ်(၆)လမ်းမ,No. 6 Main Road,16.760125,96.516387,"https://www.google.com/maps?q=16.760125,96.516387",YBS / YRTA Official
265,265,ဘားလမ်း,Bar Lan (Thongwa),သုံးခွ,Thongwa,အမှတ်(၆)လမ်းမ,No. 6 Main Road,16.761112,96.519477,"https://www.google.com/maps?q=16.761112,96.519477",YBS / YRTA Official
266,266,(၁၂) ဂိတ်,Sae-Hnit Gate (12 Gate),အရှေ့ဒဂုံ,East Dagon,ကျန်စစ်သားလမ်း,Kyansitthar Road,16.893526,96.219009,"https://www.google.com/maps?q=16.893526,96.219009",YBS / YRTA Official
267,267,(၁၃) ဂိတ်,Sae-Thone Gate (13 Gate),အရှေ့ဒဂုံ,East Dagon,ကျန်စစ်သားလမ်း,Kyansitthar Road,16.888208,96.226283,"https://www.google.com/maps?q=16.888208,96.226283",YBS / YRTA Official
268,268,စည်ပင်,Si Pin (East Dagon),အရှေ့ဒဂုံ,East Dagon,Min Ye Kyaw Swar Road,Min Ye Kyaw Swar Road,16.930661,96.235281,"https://www.google.com/maps?q=16.930661,96.235281",YBS / YRTA Official
269,269,ကျုံးကြီးဂိတ်,Kyone Gyi Gate,အလုံ,Ahlone,ကြည့်မြင်တိုင်ကမ်းနားလမ်း,Kyee Myin Daing Kannar Road,16.777325,96.136566,"https://www.google.com/maps?q=16.777325,96.136566",YBS / YRTA Official
270,270,ဆင်မင်းဈေး,Sin Min Zay,အလုံ,Ahlone,ကြည့်မြင်တိုင်ကမ်းနားလမ်း,Kyee Myin Daing Kannar Road,16.788381,96.124349,"https://www.google.com/maps?q=16.788381,96.124349",YBS / YRTA Official
271,271,သခင်မြပန်းခြံ,Thakhin Mya Pan Chan,အလုံ,Ahlone,ကြည့်မြင်တိုင်ကမ်းနားလမ်း,Kyee Myin Daing Kannar Road,16.778282,96.135448,"https://www.google.com/maps?q=16.778282,96.135448",YBS / YRTA Official
272,272,သီရိမင်္ဂလာဈေးဟောင်း,Thiri Mingalar Zay (Old),အလုံ,Ahlone,ကြည့်မြင်တိုင်ကမ်းနားလမ်း,Kyee Myin Daing Kannar Road,16.793428,96.122795,"https://www.google.com/maps?q=16.793428,96.122795",YBS / YRTA Official
273,273,ဥက္ကံ,Okkan Station,ဥက္ကံ,Okkan,ပြည်လမ်း,Pyay Road,17.500193,95.85472,"https://www.google.com/maps?q=17.500193,95.854720",YBS / YRTA Official
274,274,အင်းစိန်ပန်းခြံ,Insein Pan Chan,အင်းစိန်,Insein,မင်းကြီးလမ်း,Min Gyi Road,16.887532,96.107586,"https://www.google.com/maps?q=16.887532,96.107586",YBS / YRTA Official
275,275,အင်းစိန်ဈေး,Insein Zay,အင်းစိန်,Insein,လှိုင်မြစ်လမ်း,Hlaing River Road,16.886955,96.102533,"https://www.google.com/maps?q=16.886955,96.102533",YBS / YRTA Official
276,276,အင်းစိန်ဆေးရုံကြီး,Insein Say Yon Gyi,အင်းစိန်,Insein,မင်းကြီးလမ်း,Min Gyi Road,16.892232,96.105865,"https://www.google.com/maps?q=16.892232,96.105865",YBS / YRTA Official
277,277,စော်ဘွားကြီးကုန်း,Saw Bwar Gyi Kone,အင်းစိန်,Insein,ပြည်လမ်း,Pyay Road,16.891841,96.120034,"https://www.google.com/maps?q=16.891841,96.120034",YBS / YRTA Official
278,278,ဒညင်းကုန်းလမ်းဆုံ,Danyin Gone Lan Sone,အင်းစိန်,Insein,အောက်မင်္ဂလာဒုံလမ်း,Lower Mingalardon Road,16.933233,96.101971,"https://www.google.com/maps?q=16.933233,96.101971",YBS / YRTA Official
279,279,ကြို့ကုန်း,Kyoe Kone,အင်းစိန်,Insein,ရန်ကုန်-အင်းစိန်လမ်း,Yangon-Insein Road,16.878483,96.112781,"https://www.google.com/maps?q=16.878483,96.112781",YBS / YRTA Official
280,280,ဘီပီအိုင်,B.P.I,အင်းစိန်,Insein,ရန်ကုန်-အင်းစိန်လမ်း,Yangon-Insein Road,16.874841,96.116313,"https://www.google.com/maps?q=16.874841,96.116313",YBS / YRTA Official
281,281,ပြည်တော်သာ / ဂျီတီအိုင်ထိပ်,Pyi Taw Thar/ G.T.I Htate,အင်းစိန်,Insein,အောက်မင်္ဂလာဒုံလမ်း,Lower Mingalardon Road,16.900989,96.097094,"https://www.google.com/maps?q=16.900989,96.097094",YBS / YRTA Official
282,282,အောင်ဆန်းဈေး,Aung San Zay,အင်းစိန်,Insein,အောက်မင်္ဂလာဒုံလမ်း,Lower Mingalardon Road,16.921587,96.09761,"https://www.google.com/maps?q=16.921587,96.097610",YBS / YRTA Official
283,283,အုတ်ကျင်းဝ,Oakyin Wa,အင်းစိန်,Insein,လမ်းသစ်လမ်း,Lan Thit Road,16.89041,96.111393,"https://www.google.com/maps?q=16.890410,96.111393",YBS / YRTA Official
284,1284,ကျောင်းရှေ့/ကုန်းဆင်း (အဝင်),Kyaung Shae/ Kone Sin (Inbound),ကမာရွတ်,Kamayut,လှည်းတန်းလမ်း,Hledan Road,16.826919,96.121833,"https://www.google.com/maps?q=16.826919,96.121833",YBS / YRTA Official
285,1285,ကျောင်းရှေ့/ဓမ္မာရုံ (အဝင်),Kyaung Shae/ Dhamar Yon (Inbound),ကမာရွတ်,Kamayut,တက္ကသိုလ်ရိပ်သာလမ်း,University Avenue Road,16.824235,96.129424,"https://www.google.com/maps?q=16.824235,96.129424",YBS / YRTA Official
286,1286,ကျောင်းလမ်း (အဝင်),Kyuanlan (Inbound),ကမာရွတ်,Kamayut,တက္ကသိုလ်ရိပ်သာလမ်း,University Avenue Road,16.828283,96.140227,"https://www.google.com/maps?q=16.828283,96.140227",YBS / YRTA Official
287,1287,ခိုင်ရွှေဝါ (အဝင်),Khaing Shwe Wah (Inbound),ကမာရွတ်,Kamayut,ဗဟိုလမ်း,Baho Road,16.829622,96.121003,"https://www.google.com/maps?q=16.829622,96.121003",YBS / YRTA Official
288,1288,စံရိပ်ငြိမ် (အဝင်),San Yeik Nyein (Inbound),ကမာရွတ်,Kamayut,ရန်ကုန်-အင်းစိန်လမ်း,Yangon-Insein Road,16.830021,96.124825,"https://www.google.com/maps?q=16.830021,96.124825",YBS / YRTA Official
289,1289,စိုက်ပျိုးရေး (အဝင်),Saik Pyoe Yay (Inbound),ကမာရွတ်,Kamayut,ပြည်လမ်း,Pyay Road,16.815048,96.13338,"https://www.google.com/maps?q=16.815048,96.133380",YBS / YRTA Official
290,1290,ဆိုက်ကားဂိတ် (အဝင်),Site Kar Gate (Inbound),ကမာရွတ်,Kamayut,ဗဟိုလမ်း,Baho Road,16.826721,96.12049,"https://www.google.com/maps?q=16.826721,96.120490",YBS / YRTA Official
291,1291,ဆင်ရေတွင်း (အဝင်),Sin Yae Twin (Inbound),ကမာရွတ်,Kamayut,ရန်ကုန်-အင်းစိန်လမ်း,Yangon-Insein Road,16.835268,96.129014,"https://www.google.com/maps?q=16.835268,96.129014",YBS / YRTA Official
292,1292,ပြည်ရိပ်မွန် (အဝင်),Pyi Yeik Mon (Inbound),ကမာရွတ်,Kamayut,ဗဟိုလမ်း,Baho Road,16.819208,96.12666,"https://www.google.com/maps?q=16.819208,96.126660",YBS / YRTA Official
293,1293,ဘီအာဘီ (အဝင်),B.R.B (Inbound),ကမာရွတ်,Kamayut,ဗဟိုလမ်း,Baho Road,16.831965,96.119417,"https://www.google.com/maps?q=16.831965,96.119417",YBS / YRTA Official
294,1294,မာလာ (အဝင်),Marlar (Inbound),ကမာရွတ်,Kamayut,ပြည်လမ်း,Pyay Road,16.835605,96.134807,"https://www.google.com/maps?q=16.835605,96.134807",YBS / YRTA Official
295,1295,ရေကြောင်း (အဝင်),Yae Kyaung (Inbound),ကမာရွတ်,Kamayut,ဘုရင့်နောင်လမ်း,Bayint Naung Road,16.828495,96.118416,"https://www.google.com/maps?q=16.828495,96.118416",YBS / YRTA Official
296,1296,ရဲဝင်း (အဝင်),Ye Win (Inbound),ကမာရွတ်,Kamayut,ဗဟိုလမ်း,Baho Road,16.822375,96.124946,"https://www.google.com/maps?q=16.822375,96.124946",YBS / YRTA Official
297,1297,လှည်းတန်း (အဝင်),Hledan (Inbound),ကမာရွတ်,Kamayut,ရန်ကုန်-အင်းစိန်လမ်း,Yangon-Insein Road,16.823879,96.126402,"https://www.google.com/maps?q=16.823879,96.126402",YBS / YRTA Official
298,1298,လှည်းတန်းဈေး (အဝင်),Hledan Zay (Inbound),ကမာရွတ်,Kamayut,လှည်းတန်းလမ်း,Hledan Road,16.829932,96.129924,"https://www.google.com/maps?q=16.829932,96.129924",YBS / YRTA Official
299,1299,သင်္ဘောကျင်း (အဝင်),Thinbaw Kyin (Inbound),ကမာရွတ်,Kamayut,ဘုရင့်နောင်လမ်း,Bayint Naung Road,16.827491,96.125324,"https://www.google.com/maps?q=16.827491,96.125324",YBS / YRTA Official
300,1300,(၄၆) လမ်း (အဝင်),Lay-sae-chauk Lan (46 Lan) (Inbound),ကျောက်တံတား,Kyauktada,အနော်ရထာလမ်း,Anawrahta Road,16.776894,96.173293,"https://www.google.com/maps?q=16.776894,96.173293",YBS / YRTA Official
301,1301,ဆူးလေပန်းခြံ (အဝင်),Sule Pan Chan (Inbound),ကျောက်တံတား,Kyauktada,မဟာဗန္ဓုလလမ်း,Mahabandoola Road,16.773031,96.160074,"https://www.google.com/maps?q=16.773031,96.160074",YBS / YRTA Official
302,1302,ဆူးလေမြို့တော်ခန်းမ (အဝင်),Sule Myodaw Khan Ma (Inbound),ကျောက်တံတား,Kyauktada,ဆူးလေးဘုရားလမ်း,Sule Pagoda Road,16.779048,96.160064,"https://www.google.com/maps?q=16.779048,96.160064",YBS / YRTA Official
303,1303,ပန်းဆိုးတန်း (အဝင်),Pansodan (Inbound),ကျောက်တံတား,Kyauktada,အနော်ရထာလမ်း,Anawrahta Road,16.780324,96.16458,"https://www.google.com/maps?q=16.780324,96.164580",YBS / YRTA Official
304,1304,ပန်းဆိုးတန်း (ဆိပ်ကမ်းသာလမ်း) (အဝင်),Pansodan Seikkanthar (Inbound),ကျောက်တံတား,Kyauktada,ကုန်သည်လမ်း,Merchant Road,16.773698,96.158541,"https://www.google.com/maps?q=16.773698,96.158541",YBS / YRTA Official
305,1305,ဘားလမ်း (အဝင်),Bar Lan (Inbound),ကျောက်တံတား,Kyauktada,အနော်ရထာလမ်း,Anawrahta Road,16.774082,96.158612,"https://www.google.com/maps?q=16.774082,96.158612",YBS / YRTA Official
306,1306,ဗိုလ်ကလေးဈေး (အဝင်),Bokalay Zay (Inbound),ကျောက်တံတား,Kyauktada,မဟာဗန္ဓုလလမ်း,Mahabandoola Road,16.769835,96.163169,"https://www.google.com/maps?q=16.769835,96.163169",YBS / YRTA Official
307,1307,လမ်း (၅၀) (အဝင်),Lan Ngar Sae (50 Lan) (Inbound),ကျောက်တံတား,Kyauktada,ဗိုလ်ချုပ်အောင်ဆန်းလမ်း,Bogyoke Aung San Road,16.774744,96.169092,"https://www.google.com/maps?q=16.774744,96.169092",YBS / YRTA Official
308,1308,ကျောက်တန်း (အဝင်),Kyauk Tan (Inbound),ကျောက်တန်း,Kyauktan,သန်လျှင်-ကျောက်တန်းလမ်း,Thanlyin-Kyauktan Road,16.634571,96.325943,"https://www.google.com/maps?q=16.634571,96.325943",YBS / YRTA Official
309,1309,ချမ်းမြေ့သာယာ (အဝင်),Chan Myae Thar Yar (Inbound),ကျောက်တန်း,Kyauktan,သန်လျှင်-ကျောက်တန်းလမ်း,Thanlyin-Kyauktan Road,16.648561,96.316901,"https://www.google.com/maps?q=16.648561,96.316901",YBS / YRTA Official
310,1310,ဂါတ်တဲကွေ့ (အဝင်),Gat Tae Kwae (Inbound),ကျောက်တန်း,Kyauktan,သန်လျှင်-ကျောက်တန်းလမ်း,Thanlyin-Kyauktan Road,16.636005,96.329611,"https://www.google.com/maps?q=16.636005,96.329611",YBS / YRTA Official
311,1311,ဆီဆိုင် (အဝင်),Si Saing (Inbound),ကျောက်တန်း,Kyauktan,သန်လျှင်-ကျောက်တန်းလမ်း,Thanlyin-Kyauktan Road,16.649555,96.322215,"https://www.google.com/maps?q=16.649555,96.322215",YBS / YRTA Official
312,1312,ဈေးကွေ့ (အဝင်),Zay Kwae (Inbound),ကျောက်တန်း,Kyauktan,သန်လျှင်-ကျောက်တန်းလမ်း,Thanlyin-Kyauktan Road,16.632533,96.328799,"https://www.google.com/maps?q=16.632533,96.328799",YBS / YRTA Official
313,1313,ပဲလှော်ဖို (အဝင်),Pal Hlaw Pho (Inbound),ကျောက်တန်း,Kyauktan,သန်လျှင်-ကျောက်တန်းလမ်း,Thanlyin-Kyauktan Road,16.637348,96.322593,"https://www.google.com/maps?q=16.637348,96.322593",YBS / YRTA Official
314,1314,အောင်ချမ်းသာ (အဝင်),Aung Chan Thar (Inbound),ကျောက်တန်း,Kyauktan,သန်လျှင်-ကျောက်တန်းလမ်း,Thanlyin-Kyauktan Road,16.649364,96.324947,"https://www.google.com/maps?q=16.649364,96.324947",YBS / YRTA Official
315,1315,ကမ်းနားဈေး (အဝင်),Kannar Zay (Inbound),ကြည့်မြင်တိုင်,Kyimyindaing,ကြည့်မြင်တိုင်ကမ်းနားလမ်း,Kyee Myin Daing Kannar Road,16.813003,96.12381,"https://www.google.com/maps?q=16.813003,96.123810",YBS / YRTA Official
316,1316,ကျောင်းရှေ့ (အဝင်),Kyaung Shae (Inbound),ကြည့်မြင်တိုင်,Kyimyindaing,အောက်ကြည့်မြင်တိုင်လမ်း,Lower Kyee Myin Daing Road,16.803794,96.128977,"https://www.google.com/maps?q=16.803794,96.128977",YBS / YRTA Official
317,1317,ကြည့်မြင်တိုင်ညဈေး (အဝင်),Kyee Myin Daing Nya Zay (Inbound),ကြည့်မြင်တိုင်,Kyimyindaing,အထက်ကြည့်မြင်တိုင်လမ်း,Upper Kyee Myin Daing Road,16.807224,96.121252,"https://www.google.com/maps?q=16.807224,96.121252",YBS / YRTA Official
318,1318,ကြည့်မြင်တိုင်ဘူတာ (အဝင်),Kyee Myin Daing Butar (Inbound),ကြည့်မြင်တိုင်,Kyimyindaing,အထက်ကြည့်မြင်တိုင်လမ်း,Upper Kyee Myin Daing Road,16.804456,96.12342,"https://www.google.com/maps?q=16.804456,96.123420",YBS / YRTA Official
319,1319,စလင်းကွင်း (အဝင်),Salin Kwin (Inbound),ကြည့်မြင်တိုင်,Kyimyindaing,အထက်ကြည့်မြင်တိုင်လမ်း,Upper Kyee Myin Daing Road,16.809135,96.130479,"https://www.google.com/maps?q=16.809135,96.130479",YBS / YRTA Official
320,1320,စာတိုက် (အဝင်),Sar Taik (Inbound),ကြည့်မြင်တိုင်,Kyimyindaing,ကြည့်မြင်တိုင်ကမ်းနားလမ်း,Kyee Myin Daing Kannar Road,16.807942,96.120296,"https://www.google.com/maps?q=16.807942,96.120296",YBS / YRTA Official
321,1321,ဆင်မလိုက် (အဝင်),Sinmalite (Inbound),ကြည့်မြင်တိုင်,Kyimyindaing,ကြည့်မြင်တိုင်ကမ်းနားလမ်း,Kyee Myin Daing Kannar Road,16.820843,96.120927,"https://www.google.com/maps?q=16.820843,96.120927",YBS / YRTA Official
322,1322,နတ်စင်လမ်း (အဝင်),Nat Sin Lan (Inbound),ကြည့်မြင်တိုင်,Kyimyindaing,အထက်ကြည့်မြင်တိုင်လမ်း,Upper Kyee Myin Daing Road,16.818653,96.125521,"https://www.google.com/maps?q=16.818653,96.125521",YBS / YRTA Official
323,1323,သဲကွင်း (အဝင်),Thal Kwin (Inbound),ကြည့်မြင်တိုင်,Kyimyindaing,ကြည့်မြင်တိုင်ကမ်းနားလမ်း,Kyee Myin Daing Kannar Road,16.798582,96.119565,"https://www.google.com/maps?q=16.798582,96.119565",YBS / YRTA Official
324,1324,ဟံသာဝတီ (အဝင်),Hantharwaddy (Inbound),ကြည့်မြင်တိုင်,Kyimyindaing,အထက်ကြည့်မြင်တိုင်လမ်း,Upper Kyee Myin Daing Road,16.816843,96.123666,"https://www.google.com/maps?q=16.816843,96.123666",YBS / YRTA Official
325,1325,ဟုမ်းလမ်း (အဝင်),Home Lan (Inbound),ကြည့်မြင်တိုင်,Kyimyindaing,အောက်ကြည့်မြင်တိုင်လမ်း,Lower Kyee Myin Daing Road,16.798038,96.13011,"https://www.google.com/maps?q=16.798038,96.130110",YBS / YRTA Official
326,1326,(၉) ထပ်ကြီး (အဝင်),Koe Htat Kyee (Inbound),စမ်းချောင်း,Sanchaung,ဗားဂရာလမ်း,Bargayar Road,16.802771,96.125289,"https://www.google.com/maps?q=16.802771,96.125289",YBS / YRTA Official
327,1327,မဟာမြိုင် (အဝင်),Mahar Myaing (Inbound),စမ်းချောင်း,Sanchaung,ပြည်လမ်း,Pyay Road,16.811647,96.136635,"https://www.google.com/maps?q=16.811647,96.136635",YBS / YRTA Official
328,1328,မြေနီကုန်း (အဝင်),Myaynigone (Inbound),စမ်းချောင်း,Sanchaung,ဗားဂရာလမ်း,Bargayar Road,16.799713,96.134285,"https://www.google.com/maps?q=16.799713,96.134285",YBS / YRTA Official
329,1329,မြေနီကုန်း (ပြည်လမ်း) (အဝင်),Myaynigone (Pyay Road) (Inbound),စမ်းချောင်း,Sanchaung,ပြည်လမ်း,Pyay Road,16.801495,96.138022,"https://www.google.com/maps?q=16.801495,96.138022",YBS / YRTA Official
330,1330,ရှမ်းလမ်း (အဝင်),Shan Lan (Inbound),စမ်းချောင်း,Sanchaung,ဗားဂရာလမ်း,Bargayar Road,16.806697,96.130723,"https://www.google.com/maps?q=16.806697,96.130723",YBS / YRTA Official
331,1331,ရွှေမန်း (အဝင်),Shwe Man (Inbound),စမ်းချောင်း,Sanchaung,ဗားဂရာလမ်း,Bargayar Road,16.799332,96.134999,"https://www.google.com/maps?q=16.799332,96.134999",YBS / YRTA Official
332,1332,ဟံသာဝတီ (အဝင်),Hantharwaddy (Inbound),စမ်းချောင်း,Sanchaung,ပြည်လမ်း,Pyay Road,16.816884,96.135327,"https://www.google.com/maps?q=16.816884,96.135327",YBS / YRTA Official
333,1333,စာတိုက်ကြီး (အဝင်),Sar Taik Kyee (Inbound),ဆိပ်ကမ်း,Seikkan,ကမ်းနားလမ်း,Strand Road,16.773866,96.166071,"https://www.google.com/maps?q=16.773866,96.166071",YBS / YRTA Official
334,1334,ပန်းဆိုးတန်း (ကမ်းနားလမ်း) (အဝင်),Pansodan (Strand) (Inbound),ဆိပ်ကမ်း,Seikkan,ကမ်းနားလမ်း,Strand Road,16.764473,96.163037,"https://www.google.com/maps?q=16.764473,96.163037",YBS / YRTA Official
335,1335,ဗဟိုရုံး (အဝင်),Baho Yone (Inbound),ဆိပ်ကမ်း,Seikkan,ကမ်းနားလမ်း,Strand Road,16.771007,96.167418,"https://www.google.com/maps?q=16.771007,96.167418",YBS / YRTA Official
336,1336,ဗိုလ်တထောင်ဘုရား (အဝင်),Botahtaung Paya (Inbound),ဆိပ်ကမ်း,Seikkan,ကမ်းနားလမ်း,Strand Road,16.76726,96.173917,"https://www.google.com/maps?q=16.767260,96.173917",YBS / YRTA Official
337,1337,ကုလားဈေး (အဝင်),Kalar Zay (Inbound),တာမွေ,Tamwe,အရှေ့မြင်းပြိုင်လမ်း,East Horse Race Course Road,16.818599,96.171442,"https://www.google.com/maps?q=16.818599,96.171442",YBS / YRTA Official
338,1338,ကျောက်မြောင်းဈေး (အဝင်),Kyauk Myaung Zay (Inbound),တာမွေ,Tamwe,ကျိုက္ကဆံလမ်း,Kyaikkasan Road,16.803571,96.180276,"https://www.google.com/maps?q=16.803571,96.180276",YBS / YRTA Official
339,1339,တာမွေဈေး / တာမွေဗလီ (အဝင်),Tamwe Zay/ Tamwe Bali (Inbound),တာမွေ,Tamwe,ကျိုက္ကဆံလမ်း,Kyaikkasan Road,16.811281,96.173907,"https://www.google.com/maps?q=16.811281,96.173907",YBS / YRTA Official
340,1340,တာမွေပလာဇာ (အဝင်),Tamwe Plaza (Inbound),တာမွေ,Tamwe,သမိန်ဗရမ်းလမ်း,Thamain Bayan Road,16.810681,96.172139,"https://www.google.com/maps?q=16.810681,96.172139",YBS / YRTA Official
341,1341,ဗျိုင်းရေအိုးစင် (အဝင်),Byaing Yae Oh Sin (Inbound),တာမွေ,Tamwe,ဗညားဒလလမ်း,Banyardala Road,16.81062,96.175831,"https://www.google.com/maps?q=16.810620,96.175831",YBS / YRTA Official
342,1342,အလုပ်သမားဆေးရုံကြီး (အဝင်),Alote Thamar Say Yone (Inbound),တာမွေ,Tamwe,ကျိုက္ကဆံလမ်း,Kyaikkasan Road,16.795921,96.174101,"https://www.google.com/maps?q=16.795921,96.174101",YBS / YRTA Official
343,1343,အဝိုင်းထိပ် / တာမွေ (အဝင်),Awine Htate/ Tamwe (Inbound),တာမွေ,Tamwe,အနောက်မြင်းပြိုင်လမ်း,West Horse Race Course Road,16.812942,96.16733,"https://www.google.com/maps?q=16.812942,96.167330",YBS / YRTA Official
344,1344,အာသောက (အဝင်),Arthawka (Inbound),တာမွေ,Tamwe,သမိန်ဗရမ်းလမ်း,Thamain Bayan Road,16.809955,96.180557,"https://www.google.com/maps?q=16.809955,96.180557",YBS / YRTA Official
345,1345,ကန်ကုန်း (အဝင်),Kan Kone (Inbound),တိုက်ကြီး,Taikkyi,ရန်ကုန်-ပြည်လမ်းမကြီး,Yangon-Pyay Main Road,17.271399,95.955015,"https://www.google.com/maps?q=17.271399,95.955015",YBS / YRTA Official
346,1346,ကုန်းကွေ့ (အဝင်),Gone Kwae (Inbound),တိုက်ကြီး,Taikkyi,ရန်ကုန်-ပြည်လမ်းမကြီး,Yangon-Pyay Main Road,17.206649,95.959863,"https://www.google.com/maps?q=17.206649,95.959863",YBS / YRTA Official
347,1347,ကျွန်းချောင်း (အဝင်),Kyun Chaung (Inbound),တိုက်ကြီး,Taikkyi,ရန်ကုန်-ပြည်လမ်းမကြီး,Yangon-Pyay Main Road,17.209787,95.966212,"https://www.google.com/maps?q=17.209787,95.966212",YBS / YRTA Official
348,1348,တိုက်ကြီးခန်းမ (အဝင်),Taik Kyi Khan Ma (Inbound),တိုက်ကြီး,Taikkyi,ရန်ကုန်-ပြည်လမ်းမကြီး,Yangon-Pyay Main Road,17.315056,95.969658,"https://www.google.com/maps?q=17.315056,95.969658",YBS / YRTA Official
349,1349,တိုက်ကြီးဈေး (အဝင်),Taik Kyi Zay (Inbound),တိုက်ကြီး,Taikkyi,ရန်ကုန်-ပြည်လမ်းမကြီး,Yangon-Pyay Main Road,17.311966,95.959201,"https://www.google.com/maps?q=17.311966,95.959201",YBS / YRTA Official
350,1350,မြောင်းတကာတာဆုံ (အဝင်),Myaung Takar Tar Sone (Inbound),တိုက်ကြီး,Taikkyi,ရန်ကုန်-ပြည်လမ်းမကြီး,Yangon-Pyay Main Road,17.185698,95.979179,"https://www.google.com/maps?q=17.185698,95.979179",YBS / YRTA Official
351,1351,ရွှေမြယာ (အဝင်),Shwe Mya Yar (Inbound),တိုက်ကြီး,Taikkyi,ရန်ကုန်-ပြည်လမ်းမကြီး,Yangon-Pyay Main Road,17.245454,95.960188,"https://www.google.com/maps?q=17.245454,95.960188",YBS / YRTA Official
352,1352,အင်းယက်ကြီး (အဝင်),Inn Yat Kyee (Inbound),တိုက်ကြီး,Taikkyi,ရန်ကုန်-ပြည်လမ်းမကြီး,Yangon-Pyay Main Road,17.25026,95.961191,"https://www.google.com/maps?q=17.250260,95.961191",YBS / YRTA Official
353,1353,(၁၈) ကွေ့ (အဝင်),Sae-shit Kwae (18 Kwae) (Inbound),တောင်ဒဂုံ,South Dagon,စည်ပင်လမ်း,Si Pin Road,16.860686,96.230806,"https://www.google.com/maps?q=16.860686,96.230806",YBS / YRTA Official
354,1354,(၃၂) ဂိတ် (အဝင်),Thone-Sae-Hnit Gate (32 Gate) (Inbound),တောင်ဒဂုံ,South Dagon,ကျွန်းရွှေဝါလမ်း,Kyun Shwe Wah Road,16.820989,96.266654,"https://www.google.com/maps?q=16.820989,96.266654",YBS / YRTA Official
355,1355,(၆၂) (အဝင်),Chauk-Sae-Hnit (62) (Inbound),တောင်ဒဂုံ,South Dagon,ရတနာပုံလမ်း,Yadanarpon Road,16.878447,96.253868,"https://www.google.com/maps?q=16.878447,96.253868",YBS / YRTA Official
356,1356,ကားကြီးဂိတ် (အဝင်),Kar Gyi Gate (Inbound),တောင်ဒဂုံ,South Dagon,အမှတ်(၂)လမ်းမ,No. 2 Main Road,16.846624,96.206158,"https://www.google.com/maps?q=16.846624,96.206158",YBS / YRTA Official
357,1357,ကားလေးဂိတ် (အဝင်),Kar Lay Gate (Inbound),တောင်ဒဂုံ,South Dagon,လှော်ကားလမ်း,Hlawga Road,16.85203,96.240285,"https://www.google.com/maps?q=16.852030,96.240285",YBS / YRTA Official
358,1358,ကုန်တိုက် (အဝင်),Kone Taik (Inbound),တောင်ဒဂုံ,South Dagon,လှော်ကားလမ်း,Hlawga Road,16.845095,96.233044,"https://www.google.com/maps?q=16.845095,96.233044",YBS / YRTA Official
359,1359,ကုန်ပဒေသာ (အဝင်),Kone Padaythar (Inbound),တောင်ဒဂုံ,South Dagon,စည်ပင်လမ်း,Si Pin Road,16.854708,96.228977,"https://www.google.com/maps?q=16.854708,96.228977",YBS / YRTA Official
360,1360,ကျောက်လမ်း (အဝင်),Kyauk Lan (Inbound),တောင်ဒဂုံ,South Dagon,အမှတ်(၂)လမ်းမ,No. 2 Main Road,16.882836,96.234379,"https://www.google.com/maps?q=16.882836,96.234379",YBS / YRTA Official
361,1361,ဂျီအီးစီ (အဝင်),G.E.C (Inbound),တောင်ဒဂုံ,South Dagon,ပြည်ထောင်စုလမ်းမကြီး,Pyi Htaung Su Main Road,16.840174,96.224521,"https://www.google.com/maps?q=16.840174,96.224521",YBS / YRTA Official
362,1362,စီးပွားရေးတက္ကသိုလ် (အဝင်),See Pwar Yay Takke Tho (Inbound),တောင်ဒဂုံ,South Dagon,အမှတ်(၂)လမ်းမ,No. 2 Main Road,16.927396,96.268948,"https://www.google.com/maps?q=16.927396,96.268948",YBS / YRTA Official
363,1363,စက်မှုဇုံ (၂) (အဝင်),Set Hmu Zone Hnit (2) (Inbound),တောင်ဒဂုံ,South Dagon,ပြည်ထောင်စုလမ်းမကြီး,Pyi Htaung Su Main Road,16.839217,96.226927,"https://www.google.com/maps?q=16.839217,96.226927",YBS / YRTA Official
364,1364,စက်မှုဇုံဈေး (အဝင်),Set Hmu Zone Zay (Inbound),တောင်ဒဂုံ,South Dagon,ပြည်ထောင်စုလမ်းမကြီး,Pyi Htaung Su Main Road,16.834102,96.233941,"https://www.google.com/maps?q=16.834102,96.233941",YBS / YRTA Official
365,1365,စစ်တောင်းလမ်းထိပ် (အဝင်),Sittaung Lan Htate (Inbound),တောင်ဒဂုံ,South Dagon,ပြည်ထောင်စုလမ်းမကြီး,Pyi Htaung Su Main Road,16.828935,96.238372,"https://www.google.com/maps?q=16.828935,96.238372",YBS / YRTA Official
366,1366,ဆေးရုံရှေ့ (အဝင်),Say Yon Shae (Inbound),တောင်ဒဂုံ,South Dagon,အမှတ်(၂)လမ်းမ,No. 2 Main Road,16.894658,96.235618,"https://www.google.com/maps?q=16.894658,96.235618",YBS / YRTA Official
367,1367,ဆောက်လုပ်ရေး (အဝင်),Sauk Lote Yae (Inbound),တောင်ဒဂုံ,South Dagon,ပြည်ထောင်စုလမ်းမကြီး,Pyi Htaung Su Main Road,16.826054,96.241989,"https://www.google.com/maps?q=16.826054,96.241989",YBS / YRTA Official
368,1368,ညောင်ပင် (အဝင်),Nyaung Pin (Inbound),တောင်ဒဂုံ,South Dagon,အမှတ်(၂)လမ်းမ,No. 2 Main Road,16.902514,96.24552,"https://www.google.com/maps?q=16.902514,96.245520",YBS / YRTA Official
369,1369,တံတားဖြူ (အဝင်),Tadar Phyu (Inbound),တောင်ဒဂုံ,South Dagon,အမှတ်(၂)လမ်းမ,No. 2 Main Road,16.86191,96.213173,"https://www.google.com/maps?q=16.861910,96.213173",YBS / YRTA Official
370,1370,တောင်/မြောက်လမ်းဆုံ (အဝင်),Taung Myauk Lan Sone (Inbound),တောင်ဒဂုံ,South Dagon,ပြည်ထောင်စုလမ်းမကြီး,Pyi Htaung Su Main Road,16.858393,96.217394,"https://www.google.com/maps?q=16.858393,96.217394",YBS / YRTA Official
371,1371,တစ်ရာ့လေးဆယ် (အဝင်),Tayar-Lay-Sae (140) (Inbound),တောင်ဒဂုံ,South Dagon,အမှတ်(၂)လမ်းမ,No. 2 Main Road,16.918101,96.252714,"https://www.google.com/maps?q=16.918101,96.252714",YBS / YRTA Official
372,1372,ပန်းခြံ (အဝင်),Pan Chan (Inbound),တောင်ဒဂုံ,South Dagon,ပြည်ထောင်စုလမ်းမကြီး,Pyi Htaung Su Main Road,16.847376,96.217831,"https://www.google.com/maps?q=16.847376,96.217831",YBS / YRTA Official
373,1373,ဧရာဝတီလမ်းထိပ် (အဝင်),Ayeyarwaddy Lan Htate (Inbound),တောင်ဒဂုံ,South Dagon,ပြည်ထောင်စုလမ်းမကြီး,Pyi Htaung Su Main Road,16.836628,96.232929,"https://www.google.com/maps?q=16.836628,96.232929",YBS / YRTA Official
374,1374,(၁၄/၁၅) လမ်းဆုံ (အဝင်),(14/15) Lan Sone (Inbound),တောင်ဥက္ကလာပ,South Okkalapa,သုမင်္ဂလာလမ်း,Thu Mingalar Road,16.839248,96.187391,"https://www.google.com/maps?q=16.839248,96.187391",YBS / YRTA Official
375,1375,(၃၁) ဂိတ် (အဝင်),Thone-sae-tit Gate (31 Gate) (Inbound),တောင်ဥက္ကလာပ,South Okkalapa,သံသုမာလမ်း,Thanthumar Road,16.853781,96.190258,"https://www.google.com/maps?q=16.853781,96.190258",YBS / YRTA Official
376,1376,၁၃ လမ်း (အဝင်),13 Lan (Inbound),တောင်ဥက္ကလာပ,South Okkalapa,မေတ္တာလမ်း,Metta Road,16.846549,96.188579,"https://www.google.com/maps?q=16.846549,96.188579",YBS / YRTA Official
377,1377,ကေတုမာလာကွေ့ (အဝင်),Kaytu Marlar Kwae (Inbound),တောင်ဥက္ကလာပ,South Okkalapa,ပါရမီလမ်း,Parami Road,16.859881,96.169619,"https://www.google.com/maps?q=16.859881,96.169619",YBS / YRTA Official
378,1378,ဂန္ဓမာဟိုးဆေး (အဝင်),Gandamar Wholesale (Inbound),တောင်ဥက္ကလာပ,South Okkalapa,ဝေဇယန္တာလမ်း,Waizayanta Road,16.861092,96.159008,"https://www.google.com/maps?q=16.861092,96.159008",YBS / YRTA Official
379,1379,စီမံကိန်း (အဝင်),Se Man Kane (Inbound),တောင်ဥက္ကလာပ,South Okkalapa,သံသုမာလမ်း,Thanthumar Road,16.846653,96.196195,"https://www.google.com/maps?q=16.846653,96.196195",YBS / YRTA Official
380,1380,တောင်ဥက္ကလာစာတိုက် (အဝင်),Taung Okkalar Sar Taik (Inbound),တောင်ဥက္ကလာပ,South Okkalapa,သစ္စာလမ်း,Thitsar Road,16.843426,96.183934,"https://www.google.com/maps?q=16.843426,96.183934",YBS / YRTA Official
381,1381,တောင်ဥက္ကလာပဘုရား (အဝင်),Taung Okkalar Paya (Inbound),တောင်ဥက္ကလာပ,South Okkalapa,သံသုမာလမ်း,Thanthumar Road,16.85215,96.188896,"https://www.google.com/maps?q=16.852150,96.188896",YBS / YRTA Official
382,1382,နန္ဒဝန်ဈေး (အဝင်),Nandawun Zay (Inbound),တောင်ဥက္ကလာပ,South Okkalapa,သုမင်္ဂလာလမ်း,Thu Mingalar Road,16.852283,96.171335,"https://www.google.com/maps?q=16.852283,96.171335",YBS / YRTA Official
383,1383,ပဒေသာ (အဝင်),Padaythar (Inbound),တောင်ဥက္ကလာပ,South Okkalapa,သုမင်္ဂလာလမ်း,Thu Mingalar Road,16.846674,96.186609,"https://www.google.com/maps?q=16.846674,96.186609",YBS / YRTA Official
384,1384,ပါရမီ (အဝင်),Parami (Inbound),တောင်ဥက္ကလာပ,South Okkalapa,ဝေဇယန္တာလမ်း,Waizayanta Road,16.856055,96.171697,"https://www.google.com/maps?q=16.856055,96.171697",YBS / YRTA Official
385,1385,ပင်းယ (အဝင်),Pinya (Inbound),တောင်ဥက္ကလာပ,South Okkalapa,ပါရမီလမ်း,Parami Road,16.862917,96.172812,"https://www.google.com/maps?q=16.862917,96.172812",YBS / YRTA Official
386,1386,ဗဟိုစျေး (အဝင်),Baho Zay (Inbound),တောင်ဥက္ကလာပ,South Okkalapa,ဝေဇယန္တာလမ်း,Waizayanta Road,16.840372,96.170814,"https://www.google.com/maps?q=16.840372,96.170814",YBS / YRTA Official
387,1387,ဘေလီ (အဝင်),Bay Li (Inbound),တောင်ဥက္ကလာပ,South Okkalapa,ပါရမီလမ်း,Parami Road,16.859908,96.172712,"https://www.google.com/maps?q=16.859908,96.172712",YBS / YRTA Official
388,1388,မြင်သာဈေး (အဝင်),Myin Thar Zay (Inbound),တောင်ဥက္ကလာပ,South Okkalapa,သံသုမာလမ်း,Thanthumar Road,16.855551,96.186651,"https://www.google.com/maps?q=16.855551,96.186651",YBS / YRTA Official
389,1389,ဟံသာဝတီလမ်း (အဝင်),Hantharwaddy Road (Inbound),တောင်ဥက္ကလာပ,South Okkalapa,ဝေဇယန္တာလမ်း,Waizayanta Road,16.841186,96.174598,"https://www.google.com/maps?q=16.841186,96.174598",YBS / YRTA Official
390,1390,အင်းဝ (အဝင်),Inwa (Inbound),တောင်ဥက္ကလာပ,South Okkalapa,သုမင်္ဂလာလမ်း,Thu Mingalar Road,16.849053,96.176736,"https://www.google.com/maps?q=16.849053,96.176736",YBS / YRTA Official
391,1391,(၁၆) ဂိတ် (အဝင်),Sae-Chauk Gate (16 Gate) (Inbound),ထောက်ကြန့်,Htaukkyant,ရန်ကုန်-ပြည်လမ်းမကြီး,Yangon-Pyay Main Road,17.111384,96.058782,"https://www.google.com/maps?q=17.111384,96.058782",YBS / YRTA Official
392,1392,(၂) ဂိတ် (အဝင်),Hnit Gate (2 Gate) (Inbound),ထောက်ကြန့်,Htaukkyant,ရန်ကုန်-ပြည်လမ်းမကြီး,Yangon-Pyay Main Road,17.066163,96.118515,"https://www.google.com/maps?q=17.066163,96.118515",YBS / YRTA Official
393,1393,(၈၂) (အဝင်),Shit-Sae-Hnit (82) (Inbound),ထောက်ကြန့်,Htaukkyant,ရန်ကုန်-ပြည်လမ်းမကြီး,Yangon-Pyay Main Road,17.051541,96.11781,"https://www.google.com/maps?q=17.051541,96.117810",YBS / YRTA Official
394,1394,(၉) ဂိတ် (အဝင်),Nine Gate (9 Gate) (Inbound),ထောက်ကြန့်,Htaukkyant,ရန်ကုန်-ပြည်လမ်းမကြီး,Yangon-Pyay Main Road,17.056612,96.120353,"https://www.google.com/maps?q=17.056612,96.120353",YBS / YRTA Official
395,1395,(၉၁) ဂိတ် (အဝင်),Koe-Sae-Tit Gate (91 Gate) (Inbound),ထောက်ကြန့်,Htaukkyant,ရန်ကုန်-ပြည်လမ်းမကြီး,Yangon-Pyay Main Road,17.101347,96.086925,"https://www.google.com/maps?q=17.101347,96.086925",YBS / YRTA Official
396,1396,ကြက်ဖြူကန် (အဝင်),Kyat Phyu Kan (Inbound),ထောက်ကြန့်,Htaukkyant,ရန်ကုန်-ပြည်လမ်းမကြီး,Yangon-Pyay Main Road,17.081941,96.101683,"https://www.google.com/maps?q=17.081941,96.101683",YBS / YRTA Official
397,1397,စမ်းချောင်းပေါက် (အဝင်),San Chaung Pauk (Inbound),ထောက်ကြန့်,Htaukkyant,ရန်ကုန်-ပြည်လမ်းမကြီး,Yangon-Pyay Main Road,17.095868,96.096383,"https://www.google.com/maps?q=17.095868,96.096383",YBS / YRTA Official
398,1398,ထောက်ကြန့်လမ်းဆုံ (အဝင်),Htauk Kyant Lan Sone (Inbound),ထောက်ကြန့်,Htaukkyant,အမှတ်(၂)လမ်းမ,No. 2 Main Road,17.039306,96.136565,"https://www.google.com/maps?q=17.039306,96.136565",YBS / YRTA Official
399,1399,ဗိုလ်သင်တန်း (အဝင်),Bo Thin Tan (Inbound),ထောက်ကြန့်,Htaukkyant,ရန်ကုန်-ပြည်လမ်းမကြီး,Yangon-Pyay Main Road,17.101361,96.07508,"https://www.google.com/maps?q=17.101361,96.075080",YBS / YRTA Official
400,1400,မီးစက် (အဝင်),Mee Sat (Inbound),ထောက်ကြန့်,Htaukkyant,ရန်ကုန်-ပြည်လမ်းမကြီး,Yangon-Pyay Main Road,17.077935,96.10903,"https://www.google.com/maps?q=17.077935,96.109030",YBS / YRTA Official
401,1401,မော်တော်ယာဉ် (အဝင်),Maw Taw Yin (Inbound),ထောက်ကြန့်,Htaukkyant,ရန်ကုန်-ပြည်လမ်းမကြီး,Yangon-Pyay Main Road,17.105455,96.07073,"https://www.google.com/maps?q=17.105455,96.070730",YBS / YRTA Official
402,1402,ရဲဘော်ဈေး (အဝင်),Ye Baw Zay (Inbound),ထောက်ကြန့်,Htaukkyant,ရန်ကုန်-ပြည်လမ်းမကြီး,Yangon-Pyay Main Road,17.097937,96.092628,"https://www.google.com/maps?q=17.097937,96.092628",YBS / YRTA Official
403,1403,လေတပ် (အဝင်),Lay Tat (Inbound),ထောက်ကြန့်,Htaukkyant,ရန်ကုန်-ပြည်လမ်းမကြီး,Yangon-Pyay Main Road,17.109992,96.074291,"https://www.google.com/maps?q=17.109992,96.074291",YBS / YRTA Official
404,1404,ကျောက်တိုင် (အဝင်),Kyauk Taing (Inbound),ဒဂုံ,Dagon,ZOOLOGICAL Garden Road,ZOOLOGICAL Garden Road,16.787945,96.158031,"https://www.google.com/maps?q=16.787945,96.158031",YBS / YRTA Official
405,1405,စိန်ဂျွန်း (အဝင်),Sein Gyun (Inbound),ဒဂုံ,Dagon,ပြည်လမ်း,Pyay Road,16.78217,96.148193,"https://www.google.com/maps?q=16.782170,96.148193",YBS / YRTA Official
406,1406,တောင်ဘက်မုခ် (အဝင်),Taung Phat Moke (Shwedagon South Gate) (Inbound),ဒဂုံ,Dagon,Shwedagon Pagoda Road,Shwedagon Pagoda Road,16.790864,96.153231,"https://www.google.com/maps?q=16.790864,96.153231",YBS / YRTA Official
407,1407,ပဲခူးကလပ် (အဝင်),Bago Kalat (Inbound),ဒဂုံ,Dagon,ပြည်လမ်း,Pyay Road,16.783721,96.141387,"https://www.google.com/maps?q=16.783721,96.141387",YBS / YRTA Official
408,1408,မြောက်ဘက်မုခ် (အဝင်),Myauk Phat Moke (Shwedagon North Gate) (Inbound),ဒဂုံ,Dagon,အာဇာနည်လမ်း,RZarNi Road,16.802714,96.14697,"https://www.google.com/maps?q=16.802714,96.146970",YBS / YRTA Official
409,1409,လေဟာပြင်စျေး (အဝင်),Lay Har Pyin Zay (Inbound),ဒဂုံ,Dagon,Shwedagon Pagoda Road,Shwedagon Pagoda Road,16.776352,96.155656,"https://www.google.com/maps?q=16.776352,96.155656",YBS / YRTA Official
410,1410,ဟယ်(လ်)ပင် (အဝင်),Halpin (Inbound),ဒဂုံ,Dagon,ပြည်လမ်း,Pyay Road,16.786005,96.140886,"https://www.google.com/maps?q=16.786005,96.140886",YBS / YRTA Official
411,1411,အရှေ့ဘက်မုခ် (အဝင်),Ashae Phat Moke (Shwedagon East Gate) (Inbound),ဒဂုံ,Dagon,အာဇာနည်လမ်း,RZarNi Road,16.803247,96.156899,"https://www.google.com/maps?q=16.803247,96.156899",YBS / YRTA Official
412,1412,(၁၁) လမ်း (အဝင်),Sae-Tit Lan (11 Lan) (Inbound),ဒဂုံဆိပ်ကမ်း,Dagon Seikkan,ကျွန်းရွှေဝါလမ်း,Kyun Shwe Wah Road,16.81929,96.264994,"https://www.google.com/maps?q=16.819290,96.264994",YBS / YRTA Official
413,1413,(၈၉) ကွေ့ (အဝင်),Shit-sae-koe Kwae (89 Kwae) (Inbound),ဒဂုံဆိပ်ကမ်း,Dagon Seikkan,Kun At Min Thar Road,Kun At Min Thar Road,16.840086,96.284012,"https://www.google.com/maps?q=16.840086,96.284012",YBS / YRTA Official
414,1414,ကနောင်ကွေ့ (အဝင်),Kanaung Kwae (Inbound),ဒဂုံဆိပ်ကမ်း,Dagon Seikkan,Kanaung Minthargyi Road,Kanaung Minthargyi Road,16.836138,96.28039,"https://www.google.com/maps?q=16.836138,96.280390",YBS / YRTA Official
415,1415,ပိတောက်ကွေ့ (အဝင်),Padauk Kwae (Inbound),ဒဂုံဆိပ်ကမ်း,Dagon Seikkan,ကျွန်းရွှေဝါလမ်း,Kyun Shwe Wah Road,16.82581,96.265846,"https://www.google.com/maps?q=16.825810,96.265846",YBS / YRTA Official
416,1416,မုခ်ဦး (ယုဇနဥယျာဉ်) (အဝင်),Moke Oo Yuzana Garden (Inbound),ဒဂုံဆိပ်ကမ်း,Dagon Seikkan,Bago River Road,Bago River Road,16.835412,96.272474,"https://www.google.com/maps?q=16.835412,96.272474",YBS / YRTA Official
417,1417,မြနန္ဒာ (အဝင်),Mya Nandar (Inbound),ဒဂုံဆိပ်ကမ်း,Dagon Seikkan,Bago River Road,Bago River Road,16.83629,96.259487,"https://www.google.com/maps?q=16.836290,96.259487",YBS / YRTA Official
418,1418,ရတနာလမ်း (အဝင်),Yadanar Lan (Inbound),ဒဂုံဆိပ်ကမ်း,Dagon Seikkan,Bago River Road,Bago River Road,16.838128,96.245023,"https://www.google.com/maps?q=16.838128,96.245023",YBS / YRTA Official
419,1419,ရွှေလီလမ်း (အဝင်),Shwe Li Road (Inbound),ဒဂုံဆိပ်ကမ်း,Dagon Seikkan,Shwe Li Road,Shwe Li Road,16.830275,96.243737,"https://www.google.com/maps?q=16.830275,96.243737",YBS / YRTA Official
420,1420,(၃) ဂိတ်ဟောင်း (အဝင်),Thone Gate Haung (3 Gate) (Inbound),ဒေါပုံ,Dawbon,မြင်တော်သာလမ်း,Myintawthar Road,16.779217,96.199734,"https://www.google.com/maps?q=16.779217,96.199734",YBS / YRTA Official
421,1421,ဓမ္မာရုံ (အဝင်),Dhamar Yon (Inbound),ဒေါပုံ,Dawbon,ယမုံနာလမ်း,Yamonar Road,16.772864,96.193482,"https://www.google.com/maps?q=16.772864,96.193482",YBS / YRTA Official
422,1422,မာန်ပြေ (အဝင်),Man Pyae (Inbound),ဒေါပုံ,Dawbon,ယမုံနာလမ်း,Yamonar Road,16.774467,96.194572,"https://www.google.com/maps?q=16.774467,96.194572",YBS / YRTA Official
423,1423,ရန်ပြေ (အဝင်),Yan Pyay (Inbound),ဒေါပုံ,Dawbon,ယမုံနာလမ်း,Yamonar Road,16.777633,96.192076,"https://www.google.com/maps?q=16.777633,96.192076",YBS / YRTA Official
424,1424,ဝါဆို (အဝင်),Warso (Inbound),ဒေါပုံ,Dawbon,ယမုံနာလမ်း,Yamonar Road,16.784731,96.179769,"https://www.google.com/maps?q=16.784731,96.179769",YBS / YRTA Official
425,1425,သင်္ဘောကျင်း (အဝင်),Thinbaw Kyin (Inbound),ဒေါပုံ,Dawbon,ယမုံနာလမ်း,Yamonar Road,16.783307,96.184787,"https://www.google.com/maps?q=16.783307,96.184787",YBS / YRTA Official
426,1426,(၆) လမ်း (အဝင်),Chauk Lan (6 Lan) (Inbound),ပုဇွန်တောင်,Pazundaung,အထက်ပုဇွန်တောင်လမ်း,Upper Pazundaung Road,16.80364,96.189302,"https://www.google.com/maps?q=16.803640,96.189302",YBS / YRTA Official
427,1427,ဂန္ဓီ (အဝင်),Gandee (Inbound),ပုဇွန်တောင်,Pazundaung,မဟာဗန္ဓုလလမ်း,Mahabandoola Road,16.777301,96.170295,"https://www.google.com/maps?q=16.777301,96.170295",YBS / YRTA Official
428,1428,ညောင်တန်း (အဝင်),Nyaung Tan (Inbound),ပုဇွန်တောင်,Pazundaung,အောက်ပုဇွန်တောင်လမ်း,Lower Pazundaung Road,16.777378,96.173261,"https://www.google.com/maps?q=16.777378,96.173261",YBS / YRTA Official
429,1429,ပုဇွန်တောင်ဈေး (အဝင်),Pazundaung Zay (Inbound),ပုဇွန်တောင်,Pazundaung,အထက်ပုဇွန်တောင်လမ်း,Upper Pazundaung Road,16.77526,96.177258,"https://www.google.com/maps?q=16.775260,96.177258",YBS / YRTA Official
430,1430,ဗိုလ်တထောင်ဈေး (အဝင်),Botahtaung Zay (Inbound),ပုဇွန်တောင်,Pazundaung,ကမ်းနားလမ်း,Strand Road,16.77072,96.172577,"https://www.google.com/maps?q=16.770720,96.172577",YBS / YRTA Official
431,1431,ဘီအိုစီ (အဝင်),B.O.C (Inbound),ပုဇွန်တောင်,Pazundaung,Than Lyet Soon Road,Than Lyet Soon Road,16.770992,96.186862,"https://www.google.com/maps?q=16.770992,96.186862",YBS / YRTA Official
432,1432,လင်းစဒေါင်း (အဝင်),Lin Sadaung (Inbound),ပုဇွန်တောင်,Pazundaung,ကမ်းနားလမ်း,Strand Road,16.768258,96.175438,"https://www.google.com/maps?q=16.768258,96.175438",YBS / YRTA Official
433,1433,သီတာဆိပ် (အဝင်),Thida Seik (Inbound),ပုဇွန်တောင်,Pazundaung,အောက်ပုဇွန်တောင်လမ်း,Lower Pazundaung Road,16.770085,96.184025,"https://www.google.com/maps?q=16.770085,96.184025",YBS / YRTA Official
434,1434,ကုန်ဈေးတန်း (အဝင်),Kone Zay Tan (Inbound),ပန်းဘဲတန်း,Pabedan,အနော်ရထာလမ်း,Anawrahta Road,16.781091,96.155548,"https://www.google.com/maps?q=16.781091,96.155548",YBS / YRTA Official
435,1435,ဗိုလ်ချုပ်ဈေး (အဝင်),Bogyoke Zay (Inbound),ပန်းဘဲတန်း,Pabedan,ဗိုလ်ချုပ်အောင်ဆန်းလမ်း,Bogyoke Aung San Road,16.782741,96.155272,"https://www.google.com/maps?q=16.782741,96.155272",YBS / YRTA Official
436,1436,ရုပ်ရှင်ရုံ (အဝင်),Yoke Shin Yon (Inbound),ပန်းဘဲတန်း,Pabedan,ဆူးလေးဘုရားလမ်း,Sule Pagoda Road,16.773936,96.15501,"https://www.google.com/maps?q=16.773936,96.155010",YBS / YRTA Official
437,1437,လမ်း (၃၀) (အဝင်),Lan Thone Sae (30 Lan) (Inbound),ပန်းဘဲတန်း,Pabedan,အနော်ရထာလမ်း,Anawrahta Road,16.775047,96.161224,"https://www.google.com/maps?q=16.775047,96.161224",YBS / YRTA Official
438,1438,သိမ်ကြီးဈေး (အဝင်),Theingyi Zay (Inbound),ပန်းဘဲတန်း,Pabedan,မဟာဗန္ဓုလလမ်း,Mahabandoola Road,16.777458,96.15744,"https://www.google.com/maps?q=16.777458,96.157440",YBS / YRTA Official
439,1439,(၂) ဂိတ် (အဝင်),Hnit Gate (2 Gate) (Inbound),ဖောင်ကြီး,Hpaunggyi,Hlegu-Phaung Gyi Road,Hlegu-Phaung Gyi Road,17.343772,96.194799,"https://www.google.com/maps?q=17.343772,96.194799",YBS / YRTA Official
440,1440,စံပြ (အဝင်),San Pya (Inbound),ဖောင်ကြီး,Hpaunggyi,Hlegu-Phaung Gyi Road,Hlegu-Phaung Gyi Road,17.332813,96.192267,"https://www.google.com/maps?q=17.332813,96.192267",YBS / YRTA Official
441,1441,ဆေးရုံကုန်း (အဝင်),Say Yone Kone (Inbound),ဖောင်ကြီး,Hpaunggyi,Hlegu-Phaung Gyi Road,Hlegu-Phaung Gyi Road,17.330089,96.189652,"https://www.google.com/maps?q=17.330089,96.189652",YBS / YRTA Official
442,1442,ဖောင်ကြီးတာဆုံ (အဝင်),Phaung Gyi Tar Sone (Inbound),ဖောင်ကြီး,Hpaunggyi,Hlegu-Phaung Gyi Road,Hlegu-Phaung Gyi Road,17.321395,96.180709,"https://www.google.com/maps?q=17.321395,96.180709",YBS / YRTA Official
443,1443,ဗဟိုဝန်ထမ်းတက္ကသိုလ် (အဝင်),Baho Wun Htan Takke Tho (Inbound),ဖောင်ကြီး,Hpaunggyi,Hlegu-Phaung Gyi Road,Hlegu-Phaung Gyi Road,17.328095,96.191483,"https://www.google.com/maps?q=17.328095,96.191483",YBS / YRTA Official
444,1444,သမဝါယမကောလိပ် (အဝင်),Thama War Ya Ma College (Inbound),ဖောင်ကြီး,Hpaunggyi,Hlegu-Phaung Gyi Road,Hlegu-Phaung Gyi Road,17.349369,96.205679,"https://www.google.com/maps?q=17.349369,96.205679",YBS / YRTA Official
445,1445,(၅) ထပ်ကြီး (အဝင်),Ngar Htat Kyee (5 Htat Kyee) (Inbound),ဗဟန်း,Bahan,East Shwe Gon Daing Road,East Shwe Gon Daing Road,16.813609,96.167134,"https://www.google.com/maps?q=16.813609,96.167134",YBS / YRTA Official
446,1446,(၆) ထပ်ကြီး (အဝင်),Chauk Htat Kyee (6 Htat Kyee) (Inbound),ဗဟန်း,Bahan,East Shwe Gon Daing Road,East Shwe Gon Daing Road,16.806455,96.16783,"https://www.google.com/maps?q=16.806455,96.167830",YBS / YRTA Official
447,1447,ကုက္ကိုင်း (အဝင်),Koke Kine (Inbound),ဗဟန်း,Bahan,တက္ကသိုလ်ရိပ်သာလမ်း,University Avenue Road,16.821881,96.157351,"https://www.google.com/maps?q=16.821881,96.157351",YBS / YRTA Official
448,1448,ကုက္ကိုင်း / ကျောင်းရှေ့ (အဝင်),Kokkaing/ Kyaung Shae (Inbound),ဗဟန်း,Bahan,ကမ္ဘာအေးဘုရားလမ်း,Kabar Aye Pagoda Road,16.823686,96.15894,"https://www.google.com/maps?q=16.823686,96.158940",YBS / YRTA Official
449,1449,စက်မှု(၁)/မြန်မာပလာဇာ (အဝင်),Set Hmu Tit/Myanmar Plaza (Inbound),ဗဟန်း,Bahan,ကမ္ဘာအေးဘုရားလမ်း,Kabar Aye Pagoda Road,16.830048,96.152121,"https://www.google.com/maps?q=16.830048,96.152121",YBS / YRTA Official
450,1450,နတ်မောက်ကျောင်းရှေ့ (အဝင်),Nat Mauk Kyaung Shae (Inbound),ဗဟန်း,Bahan,နတ်မောက်လမ်း,Nat Mauk Road,16.803195,96.162433,"https://www.google.com/maps?q=16.803195,96.162433",YBS / YRTA Official
451,1451,နှင်းဆီကုန်းရိပ်သာ (အဝင်),Hnin Si Kone Yate Thar (Inbound),ဗဟန်း,Bahan,ကမ္ဘာအေးဘုရားလမ်း,Kabar Aye Pagoda Road,16.814073,96.159521,"https://www.google.com/maps?q=16.814073,96.159521",YBS / YRTA Official
452,1452,ဖိုးစိန်လမ်း (အဝင်),Phoe Sein Lan (Inbound),ဗဟန်း,Bahan,နတ်မောက်လမ်း,Nat Mauk Road,16.797375,96.17081,"https://www.google.com/maps?q=16.797375,96.170810",YBS / YRTA Official
453,1453,ဗဟန်းသုံးလမ်း (အဝင်),Bahan Thone Lan (Inbound),ဗဟန်း,Bahan,Bahan Road,Bahan Road,16.796663,96.15508,"https://www.google.com/maps?q=16.796663,96.155080",YBS / YRTA Official
454,1454,ရွှေဂုံတိုင် (အဝင်),Shwe Gon Daing (Inbound),ဗဟန်း,Bahan,West Shwe Gon Daing Road,West Shwe Gon Daing Road,16.808284,96.151699,"https://www.google.com/maps?q=16.808284,96.151699",YBS / YRTA Official
455,1455,ဝိဇယပလာဇာ (အဝင်),Wizaya Plaza (Inbound),ဗဟန်း,Bahan,ဓမ္မစေတီလမ်း,Dhamazedi Road,16.800437,96.140265,"https://www.google.com/maps?q=16.800437,96.140265",YBS / YRTA Official
456,1456,သံလွင် (အဝင်),Thanlwin (Inbound),ဗဟန်း,Bahan,တက္ကသိုလ်ရိပ်သာလမ်း,University Avenue Road,16.822511,96.148783,"https://www.google.com/maps?q=16.822511,96.148783",YBS / YRTA Official
457,1457,အထက (၁) ဗဟန်း (အဝင်),Ah Hta Ka Tit Bahan (No. 1 High School) (Inbound),ဗဟန်း,Bahan,ဓမ္မစေတီလမ်း,Dhamazedi Road,16.811961,96.149283,"https://www.google.com/maps?q=16.811961,96.149283",YBS / YRTA Official
458,1458,(၅၀) ကွေ့ (အဝင်),Ngar-sae Kwae (50 Kwae) (Inbound),ဗိုလ်တထောင်,Botahtaung,Botahtaung Pagoda Road,Botahtaung Pagoda Road,16.775847,96.171563,"https://www.google.com/maps?q=16.775847,96.171563",YBS / YRTA Official
459,1459,ကြယ်ငါးပွင့် (အဝင်),Kyel Ngar Pwint (Inbound),ဗိုလ်တထောင်,Botahtaung,သိမ်ဖြူလမ်း,Thein Phyu Road,16.7772,96.167346,"https://www.google.com/maps?q=16.777200,96.167346",YBS / YRTA Official
460,1460,စိန်ပေါ(လ်) (အဝင်),Sein Paul (Inbound),ဗိုလ်တထောင်,Botahtaung,သိမ်ဖြူလမ်း,Thein Phyu Road,16.781837,96.163354,"https://www.google.com/maps?q=16.781837,96.163354",YBS / YRTA Official
461,1461,အိုးရှင်း (အဝင်),Ocean (Botahtaung) (Inbound),ဗိုလ်တထောင်,Botahtaung,မဟာဗန္ဓုလလမ်း,Mahabandoola Road,16.778421,96.174171,"https://www.google.com/maps?q=16.778421,96.174171",YBS / YRTA Official
462,1462,(၆) မိုင်ခွဲ (အဝင်),Chauk Mile Khawe (6 Mile) (Inbound),မရမ်းကုန်း,Mayangone,ပြည်လမ်း,Pyay Road,16.848951,96.133494,"https://www.google.com/maps?q=16.848951,96.133494",YBS / YRTA Official
463,1463,(၇) မိုင် (အဝင်),Khun-hnat Mile (7 Mile) (Inbound),မရမ်းကုန်း,Mayangone,ပြည်လမ်း,Pyay Road,16.852115,96.140721,"https://www.google.com/maps?q=16.852115,96.140721",YBS / YRTA Official
464,1464,(၈) မိုင် (အဝင်),Shit Mile (8 Mile) (Inbound),မရမ်းကုန်း,Mayangone,ပြည်လမ်း,Pyay Road,16.86976,96.139888,"https://www.google.com/maps?q=16.869760,96.139888",YBS / YRTA Official
465,1465,(၉) မိုင် (အဝင်),Koe Mile (9 Mile) (Inbound),မရမ်းကုန်း,Mayangone,ပြည်လမ်း,Pyay Road,16.881581,96.136374,"https://www.google.com/maps?q=16.881581,96.136374",YBS / YRTA Official
466,1466,ကမ္ဘာအေးဘုရားလမ်း (အဝင်),Kabar Aye Paya (Inbound),မရမ်းကုန်း,Mayangone,ကမ္ဘာအေးဘုရားလမ်း,Kabar Aye Pagoda Road,16.855725,96.157419,"https://www.google.com/maps?q=16.855725,96.157419",YBS / YRTA Official
467,1467,ကျိုက်ဝိုင်း (အဝင်),Kyaik Wine (Inbound),မရမ်းကုန်း,Mayangone,ကျိုက်ဝိုင်းဘုရားလမ်း,Kyaik Wine Pagoda Road,16.864083,96.130757,"https://www.google.com/maps?q=16.864083,96.130757",YBS / YRTA Official
468,1468,ချော်တွင်းကုန်း (အဝင်),Chaw Twin Kone (Inbound),မရမ်းကုန်း,Mayangone,ကမ္ဘာအေးဘုရားလမ်း,Kabar Aye Pagoda Road,16.843984,96.161556,"https://www.google.com/maps?q=16.843984,96.161556",YBS / YRTA Official
469,1469,ဘုရင့်နောင်လမ်းဆုံ (အဝင်),Bayint Naung Lan Sone (Inbound),မရမ်းကုန်း,Mayangone,ဘုရင့်နောင်လမ်း,Bayint Naung Road,16.857357,96.110851,"https://www.google.com/maps?q=16.857357,96.110851",YBS / YRTA Official
470,1470,မြိုင်ဟေဝန်ပန်းခြံ (အဝင်),Myaing Hay Wun (Inbound),မရမ်းကုန်း,Mayangone,ကမ္ဘာအေးဘုရားလမ်း,Kabar Aye Pagoda Road,16.869008,96.145243,"https://www.google.com/maps?q=16.869008,96.145243",YBS / YRTA Official
471,1471,သမိုင်းလမ်းဆုံ (အဝင်),Thamine Lan Son (Inbound),မရမ်းကုန်း,Mayangone,ရန်ကုန်-အင်းစိန်လမ်း,Yangon-Insein Road,16.862223,96.116981,"https://www.google.com/maps?q=16.862223,96.116981",YBS / YRTA Official
472,1472,မင်္ဂလာဈေး (အဝင်),Mingalar Zay (Inbound),မင်္ဂလာတောင်ညွန့်,Mingalar Taung Nyunt,Mill Road,Mill Road,16.793415,96.172983,"https://www.google.com/maps?q=16.793415,96.172983",YBS / YRTA Official
473,1473,ယုဇနပလာဇာ / လမ်းကျယ် (အဝင်),Yuzana Plaza/ Lan Kyal (Inbound),မင်္ဂလာတောင်ညွန့်,Mingalar Taung Nyunt,ဗညားဒလလမ်း,Banyardala Road,16.792381,96.179158,"https://www.google.com/maps?q=16.792381,96.179158",YBS / YRTA Official
474,1474,ရန်ကုန်ဘူတာကြီး (အဝင်),Yangon Central Railway Station (Inbound),မင်္ဂလာတောင်ညွန့်,Mingalar Taung Nyunt,Upper Pansodan Road,Upper Pansodan Road,16.787079,96.160027,"https://www.google.com/maps?q=16.787079,96.160027",YBS / YRTA Official
475,1475,သိမ်ဖြူဈေး (အဝင်),Thein Phyu Zay (Inbound),မင်္ဂလာတောင်ညွန့်,Mingalar Taung Nyunt,သိမ်ဖြူလမ်း,Thein Phyu Road,16.782662,96.166603,"https://www.google.com/maps?q=16.782662,96.166603",YBS / YRTA Official
476,1476,အောင်မင်္ဂလာ (အဝင်),Aung Mingalar (Inbound),မင်္ဂလာတောင်ညွန့်,Mingalar Taung Nyunt,ဗညားဒလလမ်း,Banyardala Road,16.795333,96.174581,"https://www.google.com/maps?q=16.795333,96.174581",YBS / YRTA Official
477,1477,ခရေပင်လမ်းခွဲ (အဝင်),Khayae Pin Lan Khawe (Inbound),မင်္ဂလာဒုံ,Mingaladon,အမှတ်(၁)လမ်းမ,No. 1 Main Road,16.923576,96.13091,"https://www.google.com/maps?q=16.923576,96.130910",YBS / YRTA Official
478,1478,ကုန်းထိပ် (အဝင်),Kone Htate (Inbound),မင်္ဂလာဒုံ,Mingaladon,အမှတ်(၁)လမ်းမ,No. 1 Main Road,17.009045,96.130812,"https://www.google.com/maps?q=17.009045,96.130812",YBS / YRTA Official
479,1479,ကျိုက်ကလို့ (အဝင်),Kyaikkalot (Inbound),မင်္ဂလာဒုံ,Mingaladon,အမှတ်(၁)လမ်းမ,No. 1 Main Road,16.955157,96.128193,"https://www.google.com/maps?q=16.955157,96.128193",YBS / YRTA Official
480,1480,မင်္ဂလာဒုံဈေး (အဝင်),Mingalardon Zay (Inbound),မင်္ဂလာဒုံ,Mingaladon,အမှတ်(၁)လမ်းမ,No. 1 Main Road,16.932122,96.130869,"https://www.google.com/maps?q=16.932122,96.130869",YBS / YRTA Official
481,1481,ရန်ကုန်လေဆိပ် တာမီနယ် (၁) (အဝင်),Yangon Intl. Airport Terminal 1 (Inbound),မင်္ဂလာဒုံ,Mingaladon,Yangon Airport Road,Yangon Airport Road,16.897775,96.134097,"https://www.google.com/maps?q=16.897775,96.134097",YBS / YRTA Official
482,1482,ပုလဲလမ်းဆုံ (အဝင်),Palae Lan Sone (Inbound),မင်္ဂလာဒုံ,Mingaladon,အမှတ်(၃)လမ်းမ,No. 3 Main Road,16.981152,96.147911,"https://www.google.com/maps?q=16.981152,96.147911",YBS / YRTA Official
483,1483,ဒဂုံတက္ကသိုလ် (အဝင်),Dagon University (Inbound),မြောက်ဒဂုံ,North Dagon,Dagon University,Dagon University,16.914597,96.211063,"https://www.google.com/maps?q=16.914597,96.211063",YBS / YRTA Official
484,1484,(၃၅) ကွေ့ (အဝင်),Thone-sae-ngar Kwae (35 Kwae) (Inbound),မြောက်ဒဂုံ,North Dagon,ပင်လုံလမ်း,Pin Lon Road,16.867513,96.184139,"https://www.google.com/maps?q=16.867513,96.184139",YBS / YRTA Official
485,1485,(၄၄) လမ်းဆုံ (အဝင်),Lay-sae-lay Lan Sone (44 Lan Sone) (Inbound),မြောက်ဒဂုံ,North Dagon,ဗိုလ်မှူးဗထူးလမ်း,Bo Hmu Ba Htoo Road,16.892322,96.185018,"https://www.google.com/maps?q=16.892322,96.185018",YBS / YRTA Official
486,1486,ဗထူးဈေး (အဝင်),Ba Htoo Zay (Inbound),မြောက်ဒဂုံ,North Dagon,ဗိုလ်မှူးဗထူးလမ်း,Bo Hmu Ba Htoo Road,16.8986,96.18375,"https://www.google.com/maps?q=16.898600,96.183750",YBS / YRTA Official
487,1487,ပင်လုံဆေးရုံ (အဝင်),Pinlon Hospital (Inbound),မြောက်ဒဂုံ,North Dagon,ပင်လုံလမ်း,Pin Lon Road,16.851848,96.195155,"https://www.google.com/maps?q=16.851848,96.195155",YBS / YRTA Official
488,1488,မန္တလေးလမ်း (အဝင်),Mandalay Lan (Inbound),မြောက်ဒဂုံ,North Dagon,ပင်လုံလမ်း,Pin Lon Road,16.875729,96.19722,"https://www.google.com/maps?q=16.875729,96.197220",YBS / YRTA Official
489,1489,(၂) ဈေး (အဝင်),Hnit Zay (2 Zay) (Inbound),မြောက်ဥက္ကလာပ,North Okkalapa,သုဓမ္မာလမ်း,Thudhamar Road,16.881906,96.158592,"https://www.google.com/maps?q=16.881906,96.158592",YBS / YRTA Official
490,1490,(၆) ကွေ့ (အဝင်),Chauk Kwae (6 Kwae) (Inbound),မြောက်ဥက္ကလာပ,North Okkalapa,သုဓမ္မာလမ်း,Thudhamar Road,16.920819,96.160119,"https://www.google.com/maps?q=16.920819,96.160119",YBS / YRTA Official
491,1491,(ဃ) ဈေး (အဝင်),Ga-gyi Zay (Inbound),မြောက်ဥက္ကလာပ,North Okkalapa,သုဓမ္မာလမ်း,Thudhamar Road,16.893443,96.154678,"https://www.google.com/maps?q=16.893443,96.154678",YBS / YRTA Official
492,1492,(ဈ) ဈေး (အဝင်),Za-myin-zwe Zay (Inbound),မြောက်ဥက္ကလာပ,North Okkalapa,ခေမာသီလမ်း,Khaymarthi Road,16.909162,96.161547,"https://www.google.com/maps?q=16.909162,96.161547",YBS / YRTA Official
493,1493,မြောက်ဥက္ကလာ အဝိုင်း (အဝင်),Myauk Okkalar Awine (Inbound),မြောက်ဥက္ကလာပ,North Okkalapa,သုဓမ္မာလမ်း,Thudhamar Road,16.896237,96.150789,"https://www.google.com/maps?q=16.896237,96.150789",YBS / YRTA Official
494,1494,အောင်မင်္ဂလာ အဝေးပြေး (အဝင်),Aung Mingalar A Way Pyay (Inbound),မြောက်ဥက္ကလာပ,North Okkalapa,သုဓမ္မာလမ်း,Thudhamar Road,16.925651,96.157376,"https://www.google.com/maps?q=16.925651,96.157376",YBS / YRTA Official
495,1495,မဲလမုဘုရား (အဝင်),Melamu Pagoda (Inbound),မြောက်ဥက္ကလာပ,North Okkalapa,သုဓမ္မာလမ်း,Thudhamar Road,16.883944,96.169964,"https://www.google.com/maps?q=16.883944,96.169964",YBS / YRTA Official
496,1496,မှော်ဘီဈေး (အဝင်),Hmaw Bi Zay (Inbound),မှော်ဘီ,Hmawbi,ရန်ကုန်-ပြည်လမ်းမကြီး,Yangon-Pyay Main Road,17.100877,96.040112,"https://www.google.com/maps?q=17.100877,96.040112",YBS / YRTA Official
497,1497,ဂျီတီစီဆိုက်သစ် (အဝင်),G.T.C Site Thit (Inbound),မှော်ဘီ,Hmawbi,ရန်ကုန်-ပြည်လမ်းမကြီး,Yangon-Pyay Main Road,17.125988,96.001694,"https://www.google.com/maps?q=17.125988,96.001694",YBS / YRTA Official
498,1498,ဂျပန်ဆိုက် (အဝင်),Japan Site (Inbound),မှော်ဘီ,Hmawbi,ရန်ကုန်-ပြည်လမ်းမကြီး,Yangon-Pyay Main Road,17.142931,96.002499,"https://www.google.com/maps?q=17.142931,96.002499",YBS / YRTA Official
499,1499,ထန်းတပင်တာဆုံ (အဝင်),Htan Ta Pin Tar Sone (Inbound),မှော်ဘီ,Hmawbi,ရန်ကုန်-ပြည်လမ်းမကြီး,Yangon-Pyay Main Road,17.094056,96.03467,"https://www.google.com/maps?q=17.094056,96.034670",YBS / YRTA Official
500,1500,ကျောက်ကုန်း (အဝင်),Kyauk Kone (Inbound),ရန်ကင်း,Yankin,Moe Kaung Road,Moe Kaung Road,16.82799,96.174282,"https://www.google.com/maps?q=16.827990,96.174282",YBS / YRTA Official
501,1501,ရန်ကင်းဈေး (အဝင်),Yankin Zay (Inbound),ရန်ကင်း,Yankin,Yanshin Street,Yanshin Street,16.829002,96.154716,"https://www.google.com/maps?q=16.829002,96.154716",YBS / YRTA Official
502,1502,မိုးကောင်း (အဝင်),Moe Kaung (Inbound),ရန်ကင်း,Yankin,Kanbe Road,Kanbe Road,16.835247,96.169647,"https://www.google.com/maps?q=16.835247,96.169647",YBS / YRTA Official
503,1503,ရန်ကင်းစာတိုက် (အဝင်),Yankin Sar Taik (Inbound),ရန်ကင်း,Yankin,Yankin Road,Yankin Road,16.834253,96.165742,"https://www.google.com/maps?q=16.834253,96.165742",YBS / YRTA Official
504,1504,ရွှေပြည်သာကွေ့ (အဝင်),Shwe Pyi Thar Kwae (Inbound),ရွှေပြည်သာ,Shwepyitha,အမှတ်(၄)လမ်းမ,No. 4 Main Road,16.962761,96.101895,"https://www.google.com/maps?q=16.962761,96.101895",YBS / YRTA Official
505,1505,ဒဂုံဧရာ (အဝင်),Dagon Ayeyar (Shwepyitha) (Inbound),ရွှေပြည်သာ,Shwepyitha,လှော်ကားလမ်း,Hlawga Road,16.850548,96.240715,"https://www.google.com/maps?q=16.850548,96.240715",YBS / YRTA Official
506,1506,ကွန်ပျူတာတက္ကသိုလ် (အဝင်),Computer University (Yangon) (Inbound),ရွှေပြည်သာ,Shwepyitha,အမှတ်(၄)လမ်းမ,No. 4 Main Road,17.002648,96.089604,"https://www.google.com/maps?q=17.002648,96.089604",YBS / YRTA Official
507,1507,နဝရတ် (အဝင်),Nawarat (Inbound),ရွှေပြည်သာ,Shwepyitha,ဘုရင့်နောင်လမ်း,Bayint Naung Road,16.974773,96.076024,"https://www.google.com/maps?q=16.974773,96.076024",YBS / YRTA Official
508,1508,သာဓုကန် (အဝင်),Thardukan (Inbound),ရွှေပြည်သာ,Shwepyitha,အမှတ်(၄)လမ်းမ,No. 4 Main Road,16.987099,96.09367,"https://www.google.com/maps?q=16.987099,96.093670",YBS / YRTA Official
509,1509,ဆေးရုံကြီး (အဝင်),Say Yon Gyi (Yangon General Hospital) (Inbound),လသာ,Latha,ဗိုလ်ချုပ်အောင်ဆန်းလမ်း,Bogyoke Aung San Road,16.783497,96.153,"https://www.google.com/maps?q=16.783497,96.153000",YBS / YRTA Official
510,1510,ညောင်ပင်လေးဈေး (အဝင်),Nyaung Pin Lay Zay (Inbound),လသာ,Latha,ကမ်းနားလမ်း,Strand Road,16.772352,96.143801,"https://www.google.com/maps?q=16.772352,96.143801",YBS / YRTA Official
511,1511,လသာ (အဝင်),Latha (Strand) (Inbound),လသာ,Latha,ကမ်းနားလမ်း,Strand Road,16.769586,96.152797,"https://www.google.com/maps?q=16.769586,96.152797",YBS / YRTA Official
512,1512,စံပြ (အဝင်),Sanpya (Inbound),လမ်းမတော်,Lanmadaw,Phone Gyi Road,Phone Gyi Road,16.781305,96.145148,"https://www.google.com/maps?q=16.781305,96.145148",YBS / YRTA Official
513,1513,ဗဟိုစည် / မော်တင် (အဝင်),Bahosi/ Mawtin (Inbound),လမ်းမတော်,Lanmadaw,ဗိုလ်ချုပ်အောင်ဆန်းလမ်း,Bogyoke Aung San Road,16.781285,96.137761,"https://www.google.com/maps?q=16.781285,96.137761",YBS / YRTA Official
514,1514,မော်တင် (အဝင်),Maw Tin (Inbound),လမ်းမတော်,Lanmadaw,မဟာဗန္ဓုလလမ်း,Mahabandoola Road,16.770637,96.140196,"https://www.google.com/maps?q=16.770637,96.140196",YBS / YRTA Official
515,1515,ပါရမီလမ်းဆုံ (အဝင်),Parami Junction (Inbound),လှိုင်,Hlaing,ပြည်လမ်း,Pyay Road,16.845647,96.134778,"https://www.google.com/maps?q=16.845647,96.134778",YBS / YRTA Official
516,1516,သီရိမင်္ဂလာဈေးသစ် (အဝင်),Thiri Mingalar Market (Inbound),လှိုင်,Hlaing,ဘုရင့်နောင်လမ်း,Bayint Naung Road,16.844005,96.108683,"https://www.google.com/maps?q=16.844005,96.108683",YBS / YRTA Official
517,1517,သုခ (အဝင်),Thukha (Inbound),လှိုင်,Hlaing,ရန်ကုန်-အင်းစိန်လမ်း,Yangon-Insein Road,16.837783,96.128956,"https://www.google.com/maps?q=16.837783,96.128956",YBS / YRTA Official
518,1518,အေဒီ (အဝင်),A.D (Inbound),လှိုင်,Hlaing,ပြည်လမ်း,Pyay Road,16.855135,96.136201,"https://www.google.com/maps?q=16.855135,96.136201",YBS / YRTA Official
519,1519,အုတ်ကျင်း (အဝင်),Oakyin (Inbound),လှိုင်,Hlaing,ရန်ကုန်-အင်းစိန်လမ်း,Yangon-Insein Road,16.853992,96.124343,"https://www.google.com/maps?q=16.853992,96.124343",YBS / YRTA Official
520,1520,ဒဂုံဧရာ အဝေးပြေး (အဝင်),Dagon Ayeyar Highway (Inbound),လှိုင်သာယာ,Hlaingtharyar,အမှတ်(၅)လမ်းမ,No. 5 Main Road,16.877206,96.021171,"https://www.google.com/maps?q=16.877206,96.021171",YBS / YRTA Official
521,1521,နဝဒေးအိမ်ရာ (အဝင်),Nawaday Housing (Inbound),လှိုင်သာယာ,Hlaingtharyar,အမှတ်(၅)လမ်းမ,No. 5 Main Road,16.860592,96.072403,"https://www.google.com/maps?q=16.860592,96.072403",YBS / YRTA Official
522,1522,နည်းပညာတက္ကသိုလ် (အဝင်),University of Technology (West Yangon) (Inbound),လှိုင်သာယာ,Hlaingtharyar,University of Technology,University of Technology,16.868765,96.013382,"https://www.google.com/maps?q=16.868765,96.013382",YBS / YRTA Official
523,1523,လှိုင်သာယာ စီးတီးမတ် (အဝင်),Hlaing Tharyar City Mart (Inbound),လှိုင်သာယာ,Hlaingtharyar,Yangon-Pathein Rd,Yangon-Pathein Rd,16.856567,96.067656,"https://www.google.com/maps?q=16.856567,96.067656",YBS / YRTA Official
524,1524,ဗိုလ်ချုပ် (အဝင်),Bogyoke (Inbound),လှိုင်သာယာ,Hlaingtharyar,အမှတ်(၅)လမ်းမ,No. 5 Main Road,16.857135,96.072666,"https://www.google.com/maps?q=16.857135,96.072666",YBS / YRTA Official
525,1525,လှည်းကူးဈေး (အဝင်),Hlegu Zay (Inbound),လှည်းကူး,Hlegu,အမှတ်(၁)လမ်းမ,No. 1 Main Road,17.095349,96.221572,"https://www.google.com/maps?q=17.095349,96.221572",YBS / YRTA Official
526,1526,လှည်းကူးတာဆုံ (အဝင်),Hlegu Tar Sone (Inbound),လှည်းကူး,Hlegu,Hlegu-Phaung Gyi Road,Hlegu-Phaung Gyi Road,17.103341,96.230433,"https://www.google.com/maps?q=17.103341,96.230433",YBS / YRTA Official
527,1527,ရတနာမြေ (အဝင်),Yadanar Myay (Inbound),လှည်းကူး,Hlegu,အမှတ်(၁)လမ်းမ,No. 1 Main Road,17.077395,96.186594,"https://www.google.com/maps?q=17.077395,96.186594",YBS / YRTA Official
528,1528,သာကေတအဝိုင်း (အဝင်),Thaketa Roundabout (Awine) (Inbound),သာကေတ,Thaketa,ဧရာဝဏ်လမ်းမကြီး,Ayar Wun Main Road,16.806576,96.217305,"https://www.google.com/maps?q=16.806576,96.217305",YBS / YRTA Official
529,1529,သန်လျင်တံတား ချဉ်းကပ်လမ်း (အဝင်),Thanlyin Bridge (Chin Kat Lan) (Inbound),သာကေတ,Thaketa,Thalyin Thada Chin Kat Road,Thalyin Thada Chin Kat Road,16.803636,96.21616,"https://www.google.com/maps?q=16.803636,96.216160",YBS / YRTA Official
530,1530,ရှုခင်းသာမြို့ပတ်လမ်း (အဝင်),Shukinthar Myo Pat Road (Inbound),သာကေတ,Thaketa,ရှူ့ခင်းသာမြို့ပတ်လမ်း,Shukinthar Myo Pat Road,16.792601,96.214879,"https://www.google.com/maps?q=16.792601,96.214879",YBS / YRTA Official
531,1531,(၃) ဈေး (အဝင်),Thone Zay (3 Zay) (Inbound),သာကေတ,Thaketa,မြင်တော်သာလမ်း,Myintawthar Road,16.779882,96.199025,"https://www.google.com/maps?q=16.779882,96.199025",YBS / YRTA Official
532,1532,ကျောက်တိုင် (အဝင်),Kyauk Taing (Thaketa) (Inbound),သာကေတ,Thaketa,ဧရာဝဏ်လမ်းမကြီး,Ayar Wun Main Road,16.803285,96.192795,"https://www.google.com/maps?q=16.803285,96.192795",YBS / YRTA Official
533,1533,တိုင်းရင်းသားကျေးရွာ (အာဆီယံ) (အဝင်),National Races Village (Asean) (Inbound),သာကေတ,Thaketa,National Races Village,National Races Village,16.806566,96.228853,"https://www.google.com/maps?q=16.806566,96.228853",YBS / YRTA Official
534,1534,စံပြဈေး / ငမိုးရိပ် (အဝင်),Sanpya Zay/ Nga Moe Yeik (Inbound),သင်္ဃန်းကျွန်း,Thingangyun,သံသုမာလမ်း,Thanthumar Road,16.844431,96.199323,"https://www.google.com/maps?q=16.844431,96.199323",YBS / YRTA Official
535,1535,ဇဝန (အဝင်),Zawana (Inbound),သင်္ဃန်းကျွန်း,Thingangyun,လေးထောင့်ကန်လမ်း,Lay Daung Kan Road,16.826702,96.188596,"https://www.google.com/maps?q=16.826702,96.188596",YBS / YRTA Official
536,1536,သုဝဏ္ဏဘောလုံးကွင်း (အဝင်),Thuwunna Stadium (Inbound),သင်္ဃန်းကျွန်း,Thingangyun,ဝေဇယန္တာလမ်း,Waizayanta Road,16.815304,96.185825,"https://www.google.com/maps?q=16.815304,96.185825",YBS / YRTA Official
537,1537,သုဝဏ္ဏလမ်းဆုံ (အဝင်),Thuwunna Lan Sone (Inbound),သင်္ဃန်းကျွန်း,Thingangyun,သံသုမာလမ်း,Thanthumar Road,16.811195,96.190488,"https://www.google.com/maps?q=16.811195,96.190488",YBS / YRTA Official
538,1538,ကျိုက္ကဆံဘုရား (အဝင်),Kyaikkasan Paya (Inbound),သင်္ဃန်းကျွန်း,Thingangyun,ရတနာလမ်း,Yadanar Road,16.83319,96.186951,"https://www.google.com/maps?q=16.833190,96.186951",YBS / YRTA Official
539,1539,ပြည်သာယာ (အဝင်),Pyithaya (Inbound),သင်္ဃန်းကျွန်း,Thingangyun,Pyithaya Street,Pyithaya Street,16.826416,96.177775,"https://www.google.com/maps?q=16.826416,96.177775",YBS / YRTA Official
540,1540,ကျိုက်ခေါက်ဘုရား (အဝင်),Kyaik Khauk Pagoda (Inbound),သန်လျင်,Thanlyin,ကျိုက်ခေါက်ဘုရားလမ်း,Kyaik Khauk Pagoda Road,16.732259,96.268207,"https://www.google.com/maps?q=16.732259,96.268207",YBS / YRTA Official
541,1541,ရေကြောင်းတက္ကသိုလ် (အဝင်),Myanmar Maritime University (Inbound),သန်လျင်,Thanlyin,Thanlyin,Thanlyin,16.707562,96.269805,"https://www.google.com/maps?q=16.707562,96.269805",YBS / YRTA Official
542,1542,သန်လျင်မြို့မဈေး (အဝင်),Thanlyin Myoma Zay (Inbound),သန်လျင်,Thanlyin,Bogyoke Nay Win Road,Bogyoke Nay Win Road,16.761141,96.242039,"https://www.google.com/maps?q=16.761141,96.242039",YBS / YRTA Official
543,1543,မြွေဘုရား (အဝင်),Mway Paya (Snake Pagoda) (Inbound),သန်လျင်,Thanlyin,သန်လျှင်-ကျောက်တန်းလမ်း,Thanlyin-Kyauktan Road,16.65793,96.32153,"https://www.google.com/maps?q=16.657930,96.321530",YBS / YRTA Official
544,1544,နည်းပညာတက္ကသိုလ် (ဂျီတီယူ) (အဝင်),Nee Pyinyar Takke Tho (G.T.U Thanlyin) (Inbound),သန်လျင်,Thanlyin,သန်လျှင်-ကျောက်တန်းလမ်း,Thanlyin-Kyauktan Road,16.694966,96.305934,"https://www.google.com/maps?q=16.694966,96.305934",YBS / YRTA Official
545,1545,အရှေ့ပိုင်းတက္ကသိုလ် (အဝင်),East Yangon University (Taung Dagon) (Inbound),သန်လျင်,Thanlyin,အမှတ်(၆)လမ်းမ,No. 6 Main Road,16.735333,96.291088,"https://www.google.com/maps?q=16.735333,96.291088",YBS / YRTA Official
546,1546,ကြိုဆိုပါ၏ (အဝင်),Kyo So Par Ei (Welcome) (Inbound),သုံးခွ,Thongwa,အမှတ်(၆)လမ်းမ,No. 6 Main Road,16.760739,96.512492,"https://www.google.com/maps?q=16.760739,96.512492",YBS / YRTA Official
547,1547,ခွန်ထိပ် (အဝင်),Khun Htate (Inbound),သုံးခွ,Thongwa,အမှတ်(၆)လမ်းမ,No. 6 Main Road,16.764621,96.513381,"https://www.google.com/maps?q=16.764621,96.513381",YBS / YRTA Official
548,1548,ဘားလမ်း (အဝင်),Bar Lan (Thongwa) (Inbound),သုံးခွ,Thongwa,အမှတ်(၆)လမ်းမ,No. 6 Main Road,16.756316,96.516001,"https://www.google.com/maps?q=16.756316,96.516001",YBS / YRTA Official
549,1549,(၁၂) ဂိတ် (အဝင်),Sae-Hnit Gate (12 Gate) (Inbound),အရှေ့ဒဂုံ,East Dagon,ကျန်စစ်သားလမ်း,Kyansitthar Road,16.889788,96.220704,"https://www.google.com/maps?q=16.889788,96.220704",YBS / YRTA Official
550,1550,(၁၃) ဂိတ် (အဝင်),Sae-Thone Gate (13 Gate) (Inbound),အရှေ့ဒဂုံ,East Dagon,ကျန်စစ်သားလမ်း,Kyansitthar Road,16.888848,96.223463,"https://www.google.com/maps?q=16.888848,96.223463",YBS / YRTA Official
551,1551,စည်ပင် (အဝင်),Si Pin (East Dagon) (Inbound),အရှေ့ဒဂုံ,East Dagon,Min Ye Kyaw Swar Road,Min Ye Kyaw Swar Road,16.932656,96.23795,"https://www.google.com/maps?q=16.932656,96.237950",YBS / YRTA Official
552,1552,ကျုံးကြီးဂိတ် (အဝင်),Kyone Gyi Gate (Inbound),အလုံ,Ahlone,ကြည့်မြင်တိုင်ကမ်းနားလမ်း,Kyee Myin Daing Kannar Road,16.774003,96.137638,"https://www.google.com/maps?q=16.774003,96.137638",YBS / YRTA Official
553,1553,ဆင်မင်းဈေး (အဝင်),Sin Min Zay (Inbound),အလုံ,Ahlone,ကြည့်မြင်တိုင်ကမ်းနားလမ်း,Kyee Myin Daing Kannar Road,16.79086,96.120494,"https://www.google.com/maps?q=16.790860,96.120494",YBS / YRTA Official
554,1554,သခင်မြပန်းခြံ (အဝင်),Thakhin Mya Pan Chan (Inbound),အလုံ,Ahlone,ကြည့်မြင်တိုင်ကမ်းနားလမ်း,Kyee Myin Daing Kannar Road,16.781475,96.140095,"https://www.google.com/maps?q=16.781475,96.140095",YBS / YRTA Official
555,1555,သီရိမင်္ဂလာဈေးဟောင်း (အဝင်),Thiri Mingalar Zay (Old) (Inbound),အလုံ,Ahlone,ကြည့်မြင်တိုင်ကမ်းနားလမ်း,Kyee Myin Daing Kannar Road,16.789509,96.118052,"https://www.google.com/maps?q=16.789509,96.118052",YBS / YRTA Official
556,1556,ဥက္ကံ (အဝင်),Okkan Station (Inbound),ဥက္ကံ,Okkan,ပြည်လမ်း,Pyay Road,17.498313,95.856493,"https://www.google.com/maps?q=17.498313,95.856493",YBS / YRTA Official
557,1557,အင်းစိန်ပန်းခြံ (အဝင်),Insein Pan Chan (Inbound),အင်းစိန်,Insein,မင်းကြီးလမ်း,Min Gyi Road,16.892114,96.106553,"https://www.google.com/maps?q=16.892114,96.106553",YBS / YRTA Official
558,1558,အင်းစိန်ဈေး (အဝင်),Insein Zay (Inbound),အင်းစိန်,Insein,လှိုင်မြစ်လမ်း,Hlaing River Road,16.889105,96.098293,"https://www.google.com/maps?q=16.889105,96.098293",YBS / YRTA Official
559,1559,အင်းစိန်ဆေးရုံကြီး (အဝင်),Insein Say Yon Gyi (Inbound),အင်းစိန်,Insein,မင်းကြီးလမ်း,Min Gyi Road,16.894138,96.107137,"https://www.google.com/maps?q=16.894138,96.107137",YBS / YRTA Official
560,1560,စော်ဘွားကြီးကုန်း (အဝင်),Saw Bwar Gyi Kone (Inbound),အင်းစိန်,Insein,ပြည်လမ်း,Pyay Road,16.88786,96.122759,"https://www.google.com/maps?q=16.887860,96.122759",YBS / YRTA Official
561,1561,ဒညင်းကုန်းလမ်းဆုံ (အဝင်),Danyin Gone Lan Sone (Inbound),အင်းစိန်,Insein,အောက်မင်္ဂလာဒုံလမ်း,Lower Mingalardon Road,16.936736,96.102975,"https://www.google.com/maps?q=16.936736,96.102975",YBS / YRTA Official
562,1562,ကြို့ကုန်း (အဝင်),Kyoe Kone (Inbound),အင်းစိန်,Insein,ရန်ကုန်-အင်းစိန်လမ်း,Yangon-Insein Road,16.874694,96.117619,"https://www.google.com/maps?q=16.874694,96.117619",YBS / YRTA Official
563,1563,ဘီပီအိုင် (အဝင်),B.P.I (Inbound),အင်းစိန်,Insein,ရန်ကုန်-အင်းစိန်လမ်း,Yangon-Insein Road,16.877667,96.114785,"https://www.google.com/maps?q=16.877667,96.114785",YBS / YRTA Official
564,1564,ပြည်တော်သာ / ဂျီတီအိုင်ထိပ် (အဝင်),Pyi Taw Thar/ G.T.I Htate (Inbound),အင်းစိန်,Insein,အောက်မင်္ဂလာဒုံလမ်း,Lower Mingalardon Road,16.900273,96.0958,"https://www.google.com/maps?q=16.900273,96.095800",YBS / YRTA Official
565,1565,အောင်ဆန်းဈေး (အဝင်),Aung San Zay (Inbound),အင်းစိန်,Insein,အောက်မင်္ဂလာဒုံလမ်း,Lower Mingalardon Road,16.921647,96.096022,"https://www.google.com/maps?q=16.921647,96.096022",YBS / YRTA Official
566,1566,အုတ်ကျင်းဝ (အဝင်),Oakyin Wa (Inbound),အင်းစိန်,Insein,လမ်းသစ်လမ်း,Lan Thit Road,16.893906,96.114616,"https://www.google.com/maps?q=16.893906,96.114616",YBS / YRTA Official
567,1567,ကျောင်းရှေ့/ကုန်းဆင်း (အထွက်),Kyaung Shae/ Kone Sin (Outbound),ကမာရွတ်,Kamayut,လှည်းတန်းလမ်း,Hledan Road,16.819608,96.133495,"https://www.google.com/maps?q=16.819608,96.133495",YBS / YRTA Official
568,1568,ကျောင်းရှေ့/ဓမ္မာရုံ (အထွက်),Kyaung Shae/ Dhamar Yon (Outbound),ကမာရွတ်,Kamayut,တက္ကသိုလ်ရိပ်သာလမ်း,University Avenue Road,16.828519,96.137123,"https://www.google.com/maps?q=16.828519,96.137123",YBS / YRTA Official
569,1569,ကျောင်းလမ်း (အထွက်),Kyuanlan (Outbound),ကမာရွတ်,Kamayut,တက္ကသိုလ်ရိပ်သာလမ်း,University Avenue Road,16.829028,96.137492,"https://www.google.com/maps?q=16.829028,96.137492",YBS / YRTA Official
570,1570,ခိုင်ရွှေဝါ (အထွက်),Khaing Shwe Wah (Outbound),ကမာရွတ်,Kamayut,ဗဟိုလမ်း,Baho Road,16.829207,96.132116,"https://www.google.com/maps?q=16.829207,96.132116",YBS / YRTA Official
571,1571,စံရိပ်ငြိမ် (အထွက်),San Yeik Nyein (Outbound),ကမာရွတ်,Kamayut,ရန်ကုန်-အင်းစိန်လမ်း,Yangon-Insein Road,16.827353,96.13415,"https://www.google.com/maps?q=16.827353,96.134150",YBS / YRTA Official
572,1572,စိုက်ပျိုးရေး (အထွက်),Saik Pyoe Yay (Outbound),ကမာရွတ်,Kamayut,ပြည်လမ်း,Pyay Road,16.818435,96.133078,"https://www.google.com/maps?q=16.818435,96.133078",YBS / YRTA Official
573,1573,ဆိုက်ကားဂိတ် (အထွက်),Site Kar Gate (Outbound),ကမာရွတ်,Kamayut,ဗဟိုလမ်း,Baho Road,16.83049,96.126967,"https://www.google.com/maps?q=16.830490,96.126967",YBS / YRTA Official
574,1574,ဆင်ရေတွင်း (အထွက်),Sin Yae Twin (Outbound),ကမာရွတ်,Kamayut,ရန်ကုန်-အင်းစိန်လမ်း,Yangon-Insein Road,16.830295,96.133841,"https://www.google.com/maps?q=16.830295,96.133841",YBS / YRTA Official
575,1575,ပြည်ရိပ်မွန် (အထွက်),Pyi Yeik Mon (Outbound),ကမာရွတ်,Kamayut,ဗဟိုလမ်း,Baho Road,16.826965,96.119567,"https://www.google.com/maps?q=16.826965,96.119567",YBS / YRTA Official
576,1576,ဘီအာဘီ (အထွက်),B.R.B (Outbound),ကမာရွတ်,Kamayut,ဗဟိုလမ်း,Baho Road,16.834595,96.12051,"https://www.google.com/maps?q=16.834595,96.120510",YBS / YRTA Official
577,1577,မာလာ (အထွက်),Marlar (Outbound),ကမာရွတ်,Kamayut,ပြည်လမ်း,Pyay Road,16.832018,96.134481,"https://www.google.com/maps?q=16.832018,96.134481",YBS / YRTA Official
578,1578,ရေကြောင်း (အထွက်),Yae Kyaung (Outbound),ကမာရွတ်,Kamayut,ဘုရင့်နောင်လမ်း,Bayint Naung Road,16.828277,96.114791,"https://www.google.com/maps?q=16.828277,96.114791",YBS / YRTA Official
579,1579,ရဲဝင်း (အထွက်),Ye Win (Outbound),ကမာရွတ်,Kamayut,ဗဟိုလမ်း,Baho Road,16.823067,96.121808,"https://www.google.com/maps?q=16.823067,96.121808",YBS / YRTA Official
580,1580,လှည်းတန်း (အထွက်),Hledan (Outbound),ကမာရွတ်,Kamayut,ရန်ကုန်-အင်းစိန်လမ်း,Yangon-Insein Road,16.823634,96.134902,"https://www.google.com/maps?q=16.823634,96.134902",YBS / YRTA Official
581,1581,လှည်းတန်းဈေး (အထွက်),Hledan Zay (Outbound),ကမာရွတ်,Kamayut,လှည်းတန်းလမ်း,Hledan Road,16.824062,96.134592,"https://www.google.com/maps?q=16.824062,96.134592",YBS / YRTA Official
582,1582,သင်္ဘောကျင်း (အထွက်),Thinbaw Kyin (Outbound),ကမာရွတ်,Kamayut,ဘုရင့်နောင်လမ်း,Bayint Naung Road,16.827438,96.119671,"https://www.google.com/maps?q=16.827438,96.119671",YBS / YRTA Official
583,1583,(၄၆) လမ်း (အထွက်),Lay-sae-chauk Lan (46 Lan) (Outbound),ကျောက်တံတား,Kyauktada,အနော်ရထာလမ်း,Anawrahta Road,16.769184,96.175283,"https://www.google.com/maps?q=16.769184,96.175283",YBS / YRTA Official
584,1584,ဆူးလေပန်းခြံ (အထွက်),Sule Pan Chan (Outbound),ကျောက်တံတား,Kyauktada,မဟာဗန္ဓုလလမ်း,Mahabandoola Road,16.76803,96.162855,"https://www.google.com/maps?q=16.768030,96.162855",YBS / YRTA Official
585,1585,ဆူးလေမြို့တော်ခန်းမ (အထွက်),Sule Myodaw Khan Ma (Outbound),ကျောက်တံတား,Kyauktada,ဆူးလေးဘုရားလမ်း,Sule Pagoda Road,16.775583,96.162751,"https://www.google.com/maps?q=16.775583,96.162751",YBS / YRTA Official
586,1586,ပန်းဆိုးတန်း (အထွက်),Pansodan (Outbound),ကျောက်တံတား,Kyauktada,အနော်ရထာလမ်း,Anawrahta Road,16.779566,96.165995,"https://www.google.com/maps?q=16.779566,96.165995",YBS / YRTA Official
587,1587,ပန်းဆိုးတန်း (ဆိပ်ကမ်းသာလမ်း) (အထွက်),Pansodan Seikkanthar (Outbound),ကျောက်တံတား,Kyauktada,ကုန်သည်လမ်း,Merchant Road,16.771514,96.167477,"https://www.google.com/maps?q=16.771514,96.167477",YBS / YRTA Official
588,1588,ဘားလမ်း (အထွက်),Bar Lan (Outbound),ကျောက်တံတား,Kyauktada,အနော်ရထာလမ်း,Anawrahta Road,16.770699,96.156542,"https://www.google.com/maps?q=16.770699,96.156542",YBS / YRTA Official
589,1589,ဗိုလ်ကလေးဈေး (အထွက်),Bokalay Zay (Outbound),ကျောက်တံတား,Kyauktada,မဟာဗန္ဓုလလမ်း,Mahabandoola Road,16.776914,96.162934,"https://www.google.com/maps?q=16.776914,96.162934",YBS / YRTA Official
590,1590,လမ်း (၅၀) (အထွက်),Lan Ngar Sae (50 Lan) (Outbound),ကျောက်တံတား,Kyauktada,ဗိုလ်ချုပ်အောင်ဆန်းလမ်း,Bogyoke Aung San Road,16.779957,96.170911,"https://www.google.com/maps?q=16.779957,96.170911",YBS / YRTA Official
591,1591,ကျောက်တန်း (အထွက်),Kyauk Tan (Outbound),ကျောက်တန်း,Kyauktan,သန်လျှင်-ကျောက်တန်းလမ်း,Thanlyin-Kyauktan Road,16.633678,96.326178,"https://www.google.com/maps?q=16.633678,96.326178",YBS / YRTA Official
592,1592,ချမ်းမြေ့သာယာ (အထွက်),Chan Myae Thar Yar (Outbound),ကျောက်တန်း,Kyauktan,သန်လျှင်-ကျောက်တန်းလမ်း,Thanlyin-Kyauktan Road,16.653548,96.317268,"https://www.google.com/maps?q=16.653548,96.317268",YBS / YRTA Official
593,1593,ဂါတ်တဲကွေ့ (အထွက်),Gat Tae Kwae (Outbound),ကျောက်တန်း,Kyauktan,သန်လျှင်-ကျောက်တန်းလမ်း,Thanlyin-Kyauktan Road,16.641378,96.321808,"https://www.google.com/maps?q=16.641378,96.321808",YBS / YRTA Official
594,1594,ဆီဆိုင် (အထွက်),Si Saing (Outbound),ကျောက်တန်း,Kyauktan,သန်လျှင်-ကျောက်တန်းလမ်း,Thanlyin-Kyauktan Road,16.644346,96.315434,"https://www.google.com/maps?q=16.644346,96.315434",YBS / YRTA Official
595,1595,ဈေးကွေ့ (အထွက်),Zay Kwae (Outbound),ကျောက်တန်း,Kyauktan,သန်လျှင်-ကျောက်တန်းလမ်း,Thanlyin-Kyauktan Road,16.631211,96.320801,"https://www.google.com/maps?q=16.631211,96.320801",YBS / YRTA Official
596,1596,ပဲလှော်ဖို (အထွက်),Pal Hlaw Pho (Outbound),ကျောက်တန်း,Kyauktan,သန်လျှင်-ကျောက်တန်းလမ်း,Thanlyin-Kyauktan Road,16.641252,96.327731,"https://www.google.com/maps?q=16.641252,96.327731",YBS / YRTA Official
597,1597,အောင်ချမ်းသာ (အထွက်),Aung Chan Thar (Outbound),ကျောက်တန်း,Kyauktan,သန်လျှင်-ကျောက်တန်းလမ်း,Thanlyin-Kyauktan Road,16.639746,96.319293,"https://www.google.com/maps?q=16.639746,96.319293",YBS / YRTA Official
598,1598,ကမ်းနားဈေး (အထွက်),Kannar Zay (Outbound),ကြည့်မြင်တိုင်,Kyimyindaing,ကြည့်မြင်တိုင်ကမ်းနားလမ်း,Kyee Myin Daing Kannar Road,16.812197,96.125333,"https://www.google.com/maps?q=16.812197,96.125333",YBS / YRTA Official
599,1599,ကျောင်းရှေ့ (အထွက်),Kyaung Shae (Outbound),ကြည့်မြင်တိုင်,Kyimyindaing,အောက်ကြည့်မြင်တိုင်လမ်း,Lower Kyee Myin Daing Road,16.807514,96.126587,"https://www.google.com/maps?q=16.807514,96.126587",YBS / YRTA Official
600,1600,ကြည့်မြင်တိုင်ညဈေး (အထွက်),Kyee Myin Daing Nya Zay (Outbound),ကြည့်မြင်တိုင်,Kyimyindaing,အထက်ကြည့်မြင်တိုင်လမ်း,Upper Kyee Myin Daing Road,16.806679,96.119939,"https://www.google.com/maps?q=16.806679,96.119939",YBS / YRTA Official
601,1601,ကြည့်မြင်တိုင်ဘူတာ (အထွက်),Kyee Myin Daing Butar (Outbound),ကြည့်မြင်တိုင်,Kyimyindaing,အထက်ကြည့်မြင်တိုင်လမ်း,Upper Kyee Myin Daing Road,16.801713,96.121655,"https://www.google.com/maps?q=16.801713,96.121655",YBS / YRTA Official
602,1602,စလင်းကွင်း (အထွက်),Salin Kwin (Outbound),ကြည့်မြင်တိုင်,Kyimyindaing,အထက်ကြည့်မြင်တိုင်လမ်း,Upper Kyee Myin Daing Road,16.807217,96.118762,"https://www.google.com/maps?q=16.807217,96.118762",YBS / YRTA Official
603,1603,စာတိုက် (အထွက်),Sar Taik (Outbound),ကြည့်မြင်တိုင်,Kyimyindaing,ကြည့်မြင်တိုင်ကမ်းနားလမ်း,Kyee Myin Daing Kannar Road,16.80469,96.118764,"https://www.google.com/maps?q=16.804690,96.118764",YBS / YRTA Official
604,1604,ဆင်မလိုက် (အထွက်),Sinmalite (Outbound),ကြည့်မြင်တိုင်,Kyimyindaing,ကြည့်မြင်တိုင်ကမ်းနားလမ်း,Kyee Myin Daing Kannar Road,16.826403,96.122771,"https://www.google.com/maps?q=16.826403,96.122771",YBS / YRTA Official
605,1605,နတ်စင်လမ်း (အထွက်),Nat Sin Lan (Outbound),ကြည့်မြင်တိုင်,Kyimyindaing,အထက်ကြည့်မြင်တိုင်လမ်း,Upper Kyee Myin Daing Road,16.817469,96.120326,"https://www.google.com/maps?q=16.817469,96.120326",YBS / YRTA Official
606,1606,သဲကွင်း (အထွက်),Thal Kwin (Outbound),ကြည့်မြင်တိုင်,Kyimyindaing,ကြည့်မြင်တိုင်ကမ်းနားလမ်း,Kyee Myin Daing Kannar Road,16.80646,96.121962,"https://www.google.com/maps?q=16.806460,96.121962",YBS / YRTA Official
607,1607,ဟံသာဝတီ (အထွက်),Hantharwaddy (Outbound),ကြည့်မြင်တိုင်,Kyimyindaing,အထက်ကြည့်မြင်တိုင်လမ်း,Upper Kyee Myin Daing Road,16.82182,96.12715,"https://www.google.com/maps?q=16.821820,96.127150",YBS / YRTA Official
608,1608,ဟုမ်းလမ်း (အထွက်),Home Lan (Outbound),ကြည့်မြင်တိုင်,Kyimyindaing,အောက်ကြည့်မြင်တိုင်လမ်း,Lower Kyee Myin Daing Road,16.796733,96.125239,"https://www.google.com/maps?q=16.796733,96.125239",YBS / YRTA Official
609,1609,(၉) ထပ်ကြီး (အထွက်),Koe Htat Kyee (Outbound),စမ်းချောင်း,Sanchaung,ဗားဂရာလမ်း,Bargayar Road,16.799042,96.121367,"https://www.google.com/maps?q=16.799042,96.121367",YBS / YRTA Official
610,1610,မဟာမြိုင် (အထွက်),Mahar Myaing (Outbound),စမ်းချောင်း,Sanchaung,ပြည်လမ်း,Pyay Road,16.813288,96.136206,"https://www.google.com/maps?q=16.813288,96.136206",YBS / YRTA Official
611,1611,မြေနီကုန်း (အထွက်),Myaynigone (Outbound),စမ်းချောင်း,Sanchaung,ဗားဂရာလမ်း,Bargayar Road,16.808636,96.137325,"https://www.google.com/maps?q=16.808636,96.137325",YBS / YRTA Official
612,1612,မြေနီကုန်း (ပြည်လမ်း) (အထွက်),Myaynigone (Pyay Road) (Outbound),စမ်းချောင်း,Sanchaung,ပြည်လမ်း,Pyay Road,16.79901,96.13869,"https://www.google.com/maps?q=16.799010,96.138690",YBS / YRTA Official
613,1613,ရှမ်းလမ်း (အထွက်),Shan Lan (Outbound),စမ်းချောင်း,Sanchaung,ဗားဂရာလမ်း,Bargayar Road,16.79708,96.126239,"https://www.google.com/maps?q=16.797080,96.126239",YBS / YRTA Official
614,1614,ရွှေမန်း (အထွက်),Shwe Man (Outbound),စမ်းချောင်း,Sanchaung,ဗားဂရာလမ်း,Bargayar Road,16.80464,96.133241,"https://www.google.com/maps?q=16.804640,96.133241",YBS / YRTA Official
615,1615,ဟံသာဝတီ (အထွက်),Hantharwaddy (Outbound),စမ်းချောင်း,Sanchaung,ပြည်လမ်း,Pyay Road,16.819332,96.129313,"https://www.google.com/maps?q=16.819332,96.129313",YBS / YRTA Official
616,1616,စာတိုက်ကြီး (အထွက်),Sar Taik Kyee (Outbound),ဆိပ်ကမ်း,Seikkan,ကမ်းနားလမ်း,Strand Road,16.773122,96.164058,"https://www.google.com/maps?q=16.773122,96.164058",YBS / YRTA Official
617,1617,ပန်းဆိုးတန်း (ကမ်းနားလမ်း) (အထွက်),Pansodan (Strand) (Outbound),ဆိပ်ကမ်း,Seikkan,ကမ်းနားလမ်း,Strand Road,16.773719,96.156715,"https://www.google.com/maps?q=16.773719,96.156715",YBS / YRTA Official
618,1618,ဗဟိုရုံး (အထွက်),Baho Yone (Outbound),ဆိပ်ကမ်း,Seikkan,ကမ်းနားလမ်း,Strand Road,16.769529,96.166306,"https://www.google.com/maps?q=16.769529,96.166306",YBS / YRTA Official
619,1619,ဗိုလ်တထောင်ဘုရား (အထွက်),Botahtaung Paya (Outbound),ဆိပ်ကမ်း,Seikkan,ကမ်းနားလမ်း,Strand Road,16.768733,96.177909,"https://www.google.com/maps?q=16.768733,96.177909",YBS / YRTA Official
620,1620,ကုလားဈေး (အထွက်),Kalar Zay (Outbound),တာမွေ,Tamwe,အရှေ့မြင်းပြိုင်လမ်း,East Horse Race Course Road,16.829833,96.169175,"https://www.google.com/maps?q=16.829833,96.169175",YBS / YRTA Official
621,1621,ကျောက်မြောင်းဈေး (အထွက်),Kyauk Myaung Zay (Outbound),တာမွေ,Tamwe,ကျိုက္ကဆံလမ်း,Kyaikkasan Road,16.805849,96.177382,"https://www.google.com/maps?q=16.805849,96.177382",YBS / YRTA Official
622,1622,တာမွေဈေး / တာမွေဗလီ (အထွက်),Tamwe Zay/ Tamwe Bali (Outbound),တာမွေ,Tamwe,ကျိုက္ကဆံလမ်း,Kyaikkasan Road,16.811123,96.182987,"https://www.google.com/maps?q=16.811123,96.182987",YBS / YRTA Official
623,1623,တာမွေပလာဇာ (အထွက်),Tamwe Plaza (Outbound),တာမွေ,Tamwe,သမိန်ဗရမ်းလမ်း,Thamain Bayan Road,16.806292,96.171017,"https://www.google.com/maps?q=16.806292,96.171017",YBS / YRTA Official
624,1624,ဗျိုင်းရေအိုးစင် (အထွက်),Byaing Yae Oh Sin (Outbound),တာမွေ,Tamwe,ဗညားဒလလမ်း,Banyardala Road,16.8089,96.166982,"https://www.google.com/maps?q=16.808900,96.166982",YBS / YRTA Official
625,1625,အလုပ်သမားဆေးရုံကြီး (အထွက်),Alote Thamar Say Yone (Outbound),တာမွေ,Tamwe,ကျိုက္ကဆံလမ်း,Kyaikkasan Road,16.793044,96.166338,"https://www.google.com/maps?q=16.793044,96.166338",YBS / YRTA Official
626,1626,အဝိုင်းထိပ် / တာမွေ (အထွက်),Awine Htate/ Tamwe (Outbound),တာမွေ,Tamwe,အနောက်မြင်းပြိုင်လမ်း,West Horse Race Course Road,16.804392,96.17006,"https://www.google.com/maps?q=16.804392,96.170060",YBS / YRTA Official
627,1627,အာသောက (အထွက်),Arthawka (Outbound),တာမွေ,Tamwe,သမိန်ဗရမ်းလမ်း,Thamain Bayan Road,16.808737,96.177032,"https://www.google.com/maps?q=16.808737,96.177032",YBS / YRTA Official
628,1628,ကန်ကုန်း (အထွက်),Kan Kone (Outbound),တိုက်ကြီး,Taikkyi,ရန်ကုန်-ပြည်လမ်းမကြီး,Yangon-Pyay Main Road,17.264585,95.957815,"https://www.google.com/maps?q=17.264585,95.957815",YBS / YRTA Official
629,1629,ကုန်းကွေ့ (အထွက်),Gone Kwae (Outbound),တိုက်ကြီး,Taikkyi,ရန်ကုန်-ပြည်လမ်းမကြီး,Yangon-Pyay Main Road,17.214688,95.960931,"https://www.google.com/maps?q=17.214688,95.960931",YBS / YRTA Official
630,1630,ကျွန်းချောင်း (အထွက်),Kyun Chaung (Outbound),တိုက်ကြီး,Taikkyi,ရန်ကုန်-ပြည်လမ်းမကြီး,Yangon-Pyay Main Road,17.217403,95.96828,"https://www.google.com/maps?q=17.217403,95.968280",YBS / YRTA Official
631,1631,တိုက်ကြီးခန်းမ (အထွက်),Taik Kyi Khan Ma (Outbound),တိုက်ကြီး,Taikkyi,ရန်ကုန်-ပြည်လမ်းမကြီး,Yangon-Pyay Main Road,17.315586,95.968217,"https://www.google.com/maps?q=17.315586,95.968217",YBS / YRTA Official
632,1632,တိုက်ကြီးဈေး (အထွက်),Taik Kyi Zay (Outbound),တိုက်ကြီး,Taikkyi,ရန်ကုန်-ပြည်လမ်းမကြီး,Yangon-Pyay Main Road,17.316309,95.970127,"https://www.google.com/maps?q=17.316309,95.970127",YBS / YRTA Official
633,1633,မြောင်းတကာတာဆုံ (အထွက်),Myaung Takar Tar Sone (Outbound),တိုက်ကြီး,Taikkyi,ရန်ကုန်-ပြည်လမ်းမကြီး,Yangon-Pyay Main Road,17.180795,95.975378,"https://www.google.com/maps?q=17.180795,95.975378",YBS / YRTA Official
634,1634,ရွှေမြယာ (အထွက်),Shwe Mya Yar (Outbound),တိုက်ကြီး,Taikkyi,ရန်ကုန်-ပြည်လမ်းမကြီး,Yangon-Pyay Main Road,17.251812,95.966454,"https://www.google.com/maps?q=17.251812,95.966454",YBS / YRTA Official
635,1635,အင်းယက်ကြီး (အထွက်),Inn Yat Kyee (Outbound),တိုက်ကြီး,Taikkyi,ရန်ကုန်-ပြည်လမ်းမကြီး,Yangon-Pyay Main Road,17.259467,95.952156,"https://www.google.com/maps?q=17.259467,95.952156",YBS / YRTA Official
636,1636,(၁၈) ကွေ့ (အထွက်),Sae-shit Kwae (18 Kwae) (Outbound),တောင်ဒဂုံ,South Dagon,စည်ပင်လမ်း,Si Pin Road,16.853017,96.231636,"https://www.google.com/maps?q=16.853017,96.231636",YBS / YRTA Official
637,1637,(၃၂) ဂိတ် (အထွက်),Thone-Sae-Hnit Gate (32 Gate) (Outbound),တောင်ဒဂုံ,South Dagon,ကျွန်းရွှေဝါလမ်း,Kyun Shwe Wah Road,16.82497,96.267194,"https://www.google.com/maps?q=16.824970,96.267194",YBS / YRTA Official
638,1638,(၆၂) (အထွက်),Chauk-Sae-Hnit (62) (Outbound),တောင်ဒဂုံ,South Dagon,ရတနာပုံလမ်း,Yadanarpon Road,16.877625,96.244509,"https://www.google.com/maps?q=16.877625,96.244509",YBS / YRTA Official
639,1639,ကားကြီးဂိတ် (အထွက်),Kar Gyi Gate (Outbound),တောင်ဒဂုံ,South Dagon,အမှတ်(၂)လမ်းမ,No. 2 Main Road,16.850223,96.212036,"https://www.google.com/maps?q=16.850223,96.212036",YBS / YRTA Official
640,1640,ကားလေးဂိတ် (အထွက်),Kar Lay Gate (Outbound),တောင်ဒဂုံ,South Dagon,လှော်ကားလမ်း,Hlawga Road,16.858277,96.237993,"https://www.google.com/maps?q=16.858277,96.237993",YBS / YRTA Official
641,1641,ကုန်တိုက် (အထွက်),Kone Taik (Outbound),တောင်ဒဂုံ,South Dagon,လှော်ကားလမ်း,Hlawga Road,16.84799,96.228634,"https://www.google.com/maps?q=16.847990,96.228634",YBS / YRTA Official
642,1642,ကုန်ပဒေသာ (အထွက်),Kone Padaythar (Outbound),တောင်ဒဂုံ,South Dagon,စည်ပင်လမ်း,Si Pin Road,16.842855,96.226458,"https://www.google.com/maps?q=16.842855,96.226458",YBS / YRTA Official
643,1643,ကျောက်လမ်း (အထွက်),Kyauk Lan (Outbound),တောင်ဒဂုံ,South Dagon,အမှတ်(၂)လမ်းမ,No. 2 Main Road,16.88079,96.230459,"https://www.google.com/maps?q=16.880790,96.230459",YBS / YRTA Official
644,1644,ဂျီအီးစီ (အထွက်),G.E.C (Outbound),တောင်ဒဂုံ,South Dagon,ပြည်ထောင်စုလမ်းမကြီး,Pyi Htaung Su Main Road,16.837834,96.234203,"https://www.google.com/maps?q=16.837834,96.234203",YBS / YRTA Official
645,1645,စီးပွားရေးတက္ကသိုလ် (အထွက်),See Pwar Yay Takke Tho (Outbound),တောင်ဒဂုံ,South Dagon,အမှတ်(၂)လမ်းမ,No. 2 Main Road,16.934054,96.269193,"https://www.google.com/maps?q=16.934054,96.269193",YBS / YRTA Official
646,1646,စက်မှုဇုံ (၂) (အထွက်),Set Hmu Zone Hnit (2) (Outbound),တောင်ဒဂုံ,South Dagon,ပြည်ထောင်စုလမ်းမကြီး,Pyi Htaung Su Main Road,16.848678,96.237219,"https://www.google.com/maps?q=16.848678,96.237219",YBS / YRTA Official
647,1647,စက်မှုဇုံဈေး (အထွက်),Set Hmu Zone Zay (Outbound),တောင်ဒဂုံ,South Dagon,ပြည်ထောင်စုလမ်းမကြီး,Pyi Htaung Su Main Road,16.840976,96.229173,"https://www.google.com/maps?q=16.840976,96.229173",YBS / YRTA Official
648,1648,စစ်တောင်းလမ်းထိပ် (အထွက်),Sittaung Lan Htate (Outbound),တောင်ဒဂုံ,South Dagon,ပြည်ထောင်စုလမ်းမကြီး,Pyi Htaung Su Main Road,16.824749,96.238162,"https://www.google.com/maps?q=16.824749,96.238162",YBS / YRTA Official
649,1649,ဆေးရုံရှေ့ (အထွက်),Say Yon Shae (Outbound),တောင်ဒဂုံ,South Dagon,အမှတ်(၂)လမ်းမ,No. 2 Main Road,16.89062,96.242182,"https://www.google.com/maps?q=16.890620,96.242182",YBS / YRTA Official
650,1650,ဆောက်လုပ်ရေး (အထွက်),Sauk Lote Yae (Outbound),တောင်ဒဂုံ,South Dagon,ပြည်ထောင်စုလမ်းမကြီး,Pyi Htaung Su Main Road,16.834915,96.235521,"https://www.google.com/maps?q=16.834915,96.235521",YBS / YRTA Official
651,1651,ညောင်ပင် (အထွက်),Nyaung Pin (Outbound),တောင်ဒဂုံ,South Dagon,အမှတ်(၂)လမ်းမ,No. 2 Main Road,16.906652,96.251219,"https://www.google.com/maps?q=16.906652,96.251219",YBS / YRTA Official
652,1652,တံတားဖြူ (အထွက်),Tadar Phyu (Outbound),တောင်ဒဂုံ,South Dagon,အမှတ်(၂)လမ်းမ,No. 2 Main Road,16.857431,96.206332,"https://www.google.com/maps?q=16.857431,96.206332",YBS / YRTA Official
653,1653,တောင်/မြောက်လမ်းဆုံ (အထွက်),Taung Myauk Lan Sone (Outbound),တောင်ဒဂုံ,South Dagon,ပြည်ထောင်စုလမ်းမကြီး,Pyi Htaung Su Main Road,16.856385,96.212048,"https://www.google.com/maps?q=16.856385,96.212048",YBS / YRTA Official
654,1654,တစ်ရာ့လေးဆယ် (အထွက်),Tayar-Lay-Sae (140) (Outbound),တောင်ဒဂုံ,South Dagon,အမှတ်(၂)လမ်းမ,No. 2 Main Road,16.917578,96.261176,"https://www.google.com/maps?q=16.917578,96.261176",YBS / YRTA Official
655,1655,ပန်းခြံ (အထွက်),Pan Chan (Outbound),တောင်ဒဂုံ,South Dagon,ပြည်ထောင်စုလမ်းမကြီး,Pyi Htaung Su Main Road,16.848854,96.221425,"https://www.google.com/maps?q=16.848854,96.221425",YBS / YRTA Official
656,1656,ဧရာဝတီလမ်းထိပ် (အထွက်),Ayeyarwaddy Lan Htate (Outbound),တောင်ဒဂုံ,South Dagon,ပြည်ထောင်စုလမ်းမကြီး,Pyi Htaung Su Main Road,16.834215,96.239937,"https://www.google.com/maps?q=16.834215,96.239937",YBS / YRTA Official
657,1657,(၁၄/၁၅) လမ်းဆုံ (အထွက်),(14/15) Lan Sone (Outbound),တောင်ဥက္ကလာပ,South Okkalapa,သုမင်္ဂလာလမ်း,Thu Mingalar Road,16.84166,96.186408,"https://www.google.com/maps?q=16.841660,96.186408",YBS / YRTA Official
658,1658,(၃၁) ဂိတ် (အထွက်),Thone-sae-tit Gate (31 Gate) (Outbound),တောင်ဥက္ကလာပ,South Okkalapa,သံသုမာလမ်း,Thanthumar Road,16.848261,96.191492,"https://www.google.com/maps?q=16.848261,96.191492",YBS / YRTA Official
659,1659,၁၃ လမ်း (အထွက်),13 Lan (Outbound),တောင်ဥက္ကလာပ,South Okkalapa,မေတ္တာလမ်း,Metta Road,16.844872,96.197239,"https://www.google.com/maps?q=16.844872,96.197239",YBS / YRTA Official
660,1660,ကေတုမာလာကွေ့ (အထွက်),Kaytu Marlar Kwae (Outbound),တောင်ဥက္ကလာပ,South Okkalapa,ပါရမီလမ်း,Parami Road,16.854827,96.172351,"https://www.google.com/maps?q=16.854827,96.172351",YBS / YRTA Official
661,1661,ဂန္ဓမာဟိုးဆေး (အထွက်),Gandamar Wholesale (Outbound),တောင်ဥက္ကလာပ,South Okkalapa,ဝေဇယန္တာလမ်း,Waizayanta Road,16.871512,96.161887,"https://www.google.com/maps?q=16.871512,96.161887",YBS / YRTA Official
662,1662,စီမံကိန်း (အထွက်),Se Man Kane (Outbound),တောင်ဥက္ကလာပ,South Okkalapa,သံသုမာလမ်း,Thanthumar Road,16.848073,96.197109,"https://www.google.com/maps?q=16.848073,96.197109",YBS / YRTA Official
663,1663,တောင်ဥက္ကလာစာတိုက် (အထွက်),Taung Okkalar Sar Taik (Outbound),တောင်ဥက္ကလာပ,South Okkalapa,သစ္စာလမ်း,Thitsar Road,16.841242,96.177628,"https://www.google.com/maps?q=16.841242,96.177628",YBS / YRTA Official
664,1664,တောင်ဥက္ကလာပဘုရား (အထွက်),Taung Okkalar Paya (Outbound),တောင်ဥက္ကလာပ,South Okkalapa,သံသုမာလမ်း,Thanthumar Road,16.856566,96.187164,"https://www.google.com/maps?q=16.856566,96.187164",YBS / YRTA Official
665,1665,နန္ဒဝန်ဈေး (အထွက်),Nandawun Zay (Outbound),တောင်ဥက္ကလာပ,South Okkalapa,သုမင်္ဂလာလမ်း,Thu Mingalar Road,16.85568,96.171382,"https://www.google.com/maps?q=16.855680,96.171382",YBS / YRTA Official
666,1666,ပဒေသာ (အထွက်),Padaythar (Outbound),တောင်ဥက္ကလာပ,South Okkalapa,သုမင်္ဂလာလမ်း,Thu Mingalar Road,16.842419,96.189664,"https://www.google.com/maps?q=16.842419,96.189664",YBS / YRTA Official
667,1667,ပါရမီ (အထွက်),Parami (Outbound),တောင်ဥက္ကလာပ,South Okkalapa,ဝေဇယန္တာလမ်း,Waizayanta Road,16.850437,96.170407,"https://www.google.com/maps?q=16.850437,96.170407",YBS / YRTA Official
668,1668,ပင်းယ (အထွက်),Pinya (Outbound),တောင်ဥက္ကလာပ,South Okkalapa,ပါရမီလမ်း,Parami Road,16.853751,96.183246,"https://www.google.com/maps?q=16.853751,96.183246",YBS / YRTA Official
669,1669,ဗဟိုစျေး (အထွက်),Baho Zay (Outbound),တောင်ဥက္ကလာပ,South Okkalapa,ဝေဇယန္တာလမ်း,Waizayanta Road,16.842149,96.169766,"https://www.google.com/maps?q=16.842149,96.169766",YBS / YRTA Official
670,1670,ဘေလီ (အထွက်),Bay Li (Outbound),တောင်ဥက္ကလာပ,South Okkalapa,ပါရမီလမ်း,Parami Road,16.855774,96.177889,"https://www.google.com/maps?q=16.855774,96.177889",YBS / YRTA Official
671,1671,မြင်သာဈေး (အထွက်),Myin Thar Zay (Outbound),တောင်ဥက္ကလာပ,South Okkalapa,သံသုမာလမ်း,Thanthumar Road,16.857545,96.175696,"https://www.google.com/maps?q=16.857545,96.175696",YBS / YRTA Official
672,1672,ဟံသာဝတီလမ်း (အထွက်),Hantharwaddy Road (Outbound),တောင်ဥက္ကလာပ,South Okkalapa,ဝေဇယန္တာလမ်း,Waizayanta Road,16.850918,96.177951,"https://www.google.com/maps?q=16.850918,96.177951",YBS / YRTA Official
673,1673,အင်းဝ (အထွက်),Inwa (Outbound),တောင်ဥက္ကလာပ,South Okkalapa,သုမင်္ဂလာလမ်း,Thu Mingalar Road,16.848925,96.171768,"https://www.google.com/maps?q=16.848925,96.171768",YBS / YRTA Official
674,1674,(၁၆) ဂိတ် (အထွက်),Sae-Chauk Gate (16 Gate) (Outbound),ထောက်ကြန့်,Htaukkyant,ရန်ကုန်-ပြည်လမ်းမကြီး,Yangon-Pyay Main Road,17.111793,96.053804,"https://www.google.com/maps?q=17.111793,96.053804",YBS / YRTA Official
675,1675,(၂) ဂိတ် (အထွက်),Hnit Gate (2 Gate) (Outbound),ထောက်ကြန့်,Htaukkyant,ရန်ကုန်-ပြည်လမ်းမကြီး,Yangon-Pyay Main Road,17.068854,96.116464,"https://www.google.com/maps?q=17.068854,96.116464",YBS / YRTA Official
676,1676,(၈၂) (အထွက်),Shit-Sae-Hnit (82) (Outbound),ထောက်ကြန့်,Htaukkyant,ရန်ကုန်-ပြည်လမ်းမကြီး,Yangon-Pyay Main Road,17.051594,96.124864,"https://www.google.com/maps?q=17.051594,96.124864",YBS / YRTA Official
677,1677,(၉) ဂိတ် (အထွက်),Nine Gate (9 Gate) (Outbound),ထောက်ကြန့်,Htaukkyant,ရန်ကုန်-ပြည်လမ်းမကြီး,Yangon-Pyay Main Road,17.059129,96.115717,"https://www.google.com/maps?q=17.059129,96.115717",YBS / YRTA Official
678,1678,(၉၁) ဂိတ် (အထွက်),Koe-Sae-Tit Gate (91 Gate) (Outbound),ထောက်ကြန့်,Htaukkyant,ရန်ကုန်-ပြည်လမ်းမကြီး,Yangon-Pyay Main Road,17.101694,96.082699,"https://www.google.com/maps?q=17.101694,96.082699",YBS / YRTA Official
679,1679,ကြက်ဖြူကန် (အထွက်),Kyat Phyu Kan (Outbound),ထောက်ကြန့်,Htaukkyant,ရန်ကုန်-ပြည်လမ်းမကြီး,Yangon-Pyay Main Road,17.092697,96.100965,"https://www.google.com/maps?q=17.092697,96.100965",YBS / YRTA Official
680,1680,စမ်းချောင်းပေါက် (အထွက်),San Chaung Pauk (Outbound),ထောက်ကြန့်,Htaukkyant,ရန်ကုန်-ပြည်လမ်းမကြီး,Yangon-Pyay Main Road,17.101529,96.098316,"https://www.google.com/maps?q=17.101529,96.098316",YBS / YRTA Official
681,1681,ထောက်ကြန့်လမ်းဆုံ (အထွက်),Htauk Kyant Lan Sone (Outbound),ထောက်ကြန့်,Htaukkyant,အမှတ်(၂)လမ်းမ,No. 2 Main Road,17.039376,96.136307,"https://www.google.com/maps?q=17.039376,96.136307",YBS / YRTA Official
682,1682,ဗိုလ်သင်တန်း (အထွက်),Bo Thin Tan (Outbound),ထောက်ကြန့်,Htaukkyant,ရန်ကုန်-ပြည်လမ်းမကြီး,Yangon-Pyay Main Road,17.104284,96.084736,"https://www.google.com/maps?q=17.104284,96.084736",YBS / YRTA Official
683,1683,မီးစက် (အထွက်),Mee Sat (Outbound),ထောက်ကြန့်,Htaukkyant,ရန်ကုန်-ပြည်လမ်းမကြီး,Yangon-Pyay Main Road,17.077101,96.112086,"https://www.google.com/maps?q=17.077101,96.112086",YBS / YRTA Official
684,1684,မော်တော်ယာဉ် (အထွက်),Maw Taw Yin (Outbound),ထောက်ကြန့်,Htaukkyant,ရန်ကုန်-ပြည်လမ်းမကြီး,Yangon-Pyay Main Road,17.104846,96.071509,"https://www.google.com/maps?q=17.104846,96.071509",YBS / YRTA Official
685,1685,ရဲဘော်ဈေး (အထွက်),Ye Baw Zay (Outbound),ထောက်ကြန့်,Htaukkyant,ရန်ကုန်-ပြည်လမ်းမကြီး,Yangon-Pyay Main Road,17.095338,96.10265,"https://www.google.com/maps?q=17.095338,96.102650",YBS / YRTA Official
686,1686,လေတပ် (အထွက်),Lay Tat (Outbound),ထောက်ကြန့်,Htaukkyant,ရန်ကုန်-ပြည်လမ်းမကြီး,Yangon-Pyay Main Road,17.108892,96.067826,"https://www.google.com/maps?q=17.108892,96.067826",YBS / YRTA Official
687,1687,ကျောက်တိုင် (အထွက်),Kyauk Taing (Outbound),ဒဂုံ,Dagon,ZOOLOGICAL Garden Road,ZOOLOGICAL Garden Road,16.789332,96.154871,"https://www.google.com/maps?q=16.789332,96.154871",YBS / YRTA Official
688,1688,စိန်ဂျွန်း (အထွက်),Sein Gyun (Outbound),ဒဂုံ,Dagon,ပြည်လမ်း,Pyay Road,16.782721,96.144497,"https://www.google.com/maps?q=16.782721,96.144497",YBS / YRTA Official
689,1689,တောင်ဘက်မုခ် (အထွက်),Taung Phat Moke (Shwedagon South Gate) (Outbound),ဒဂုံ,Dagon,Shwedagon Pagoda Road,Shwedagon Pagoda Road,16.793151,96.148396,"https://www.google.com/maps?q=16.793151,96.148396",YBS / YRTA Official
690,1690,ပဲခူးကလပ် (အထွက်),Bago Kalat (Outbound),ဒဂုံ,Dagon,ပြည်လမ်း,Pyay Road,16.781664,96.145391,"https://www.google.com/maps?q=16.781664,96.145391",YBS / YRTA Official
691,1691,မြောက်ဘက်မုခ် (အထွက်),Myauk Phat Moke (Shwedagon North Gate) (Outbound),ဒဂုံ,Dagon,အာဇာနည်လမ်း,RZarNi Road,16.802074,96.144973,"https://www.google.com/maps?q=16.802074,96.144973",YBS / YRTA Official
692,1692,လေဟာပြင်စျေး (အထွက်),Lay Har Pyin Zay (Outbound),ဒဂုံ,Dagon,Shwedagon Pagoda Road,Shwedagon Pagoda Road,16.782323,96.146292,"https://www.google.com/maps?q=16.782323,96.146292",YBS / YRTA Official
693,1693,ဟယ်(လ်)ပင် (အထွက်),Halpin (Outbound),ဒဂုံ,Dagon,ပြည်လမ်း,Pyay Road,16.793951,96.144381,"https://www.google.com/maps?q=16.793951,96.144381",YBS / YRTA Official
694,1694,အရှေ့ဘက်မုခ် (အထွက်),Ashae Phat Moke (Shwedagon East Gate) (Outbound),ဒဂုံ,Dagon,အာဇာနည်လမ်း,RZarNi Road,16.802933,96.150229,"https://www.google.com/maps?q=16.802933,96.150229",YBS / YRTA Official
695,1695,(၁၁) လမ်း (အထွက်),Sae-Tit Lan (11 Lan) (Outbound),ဒဂုံဆိပ်ကမ်း,Dagon Seikkan,ကျွန်းရွှေဝါလမ်း,Kyun Shwe Wah Road,16.826012,96.272673,"https://www.google.com/maps?q=16.826012,96.272673",YBS / YRTA Official
696,1696,(၈၉) ကွေ့ (အထွက်),Shit-sae-koe Kwae (89 Kwae) (Outbound),ဒဂုံဆိပ်ကမ်း,Dagon Seikkan,Kun At Min Thar Road,Kun At Min Thar Road,16.849646,96.279609,"https://www.google.com/maps?q=16.849646,96.279609",YBS / YRTA Official
697,1697,ကနောင်ကွေ့ (အထွက်),Kanaung Kwae (Outbound),ဒဂုံဆိပ်ကမ်း,Dagon Seikkan,Kanaung Minthargyi Road,Kanaung Minthargyi Road,16.825384,96.276631,"https://www.google.com/maps?q=16.825384,96.276631",YBS / YRTA Official
698,1698,ပိတောက်ကွေ့ (အထွက်),Padauk Kwae (Outbound),ဒဂုံဆိပ်ကမ်း,Dagon Seikkan,ကျွန်းရွှေဝါလမ်း,Kyun Shwe Wah Road,16.828468,96.274815,"https://www.google.com/maps?q=16.828468,96.274815",YBS / YRTA Official
699,1699,မုခ်ဦး (ယုဇနဥယျာဉ်) (အထွက်),Moke Oo Yuzana Garden (Outbound),ဒဂုံဆိပ်ကမ်း,Dagon Seikkan,Bago River Road,Bago River Road,16.837688,96.269544,"https://www.google.com/maps?q=16.837688,96.269544",YBS / YRTA Official
700,1700,မြနန္ဒာ (အထွက်),Mya Nandar (Outbound),ဒဂုံဆိပ်ကမ်း,Dagon Seikkan,Bago River Road,Bago River Road,16.835562,96.253969,"https://www.google.com/maps?q=16.835562,96.253969",YBS / YRTA Official
701,1701,ရတနာလမ်း (အထွက်),Yadanar Lan (Outbound),ဒဂုံဆိပ်ကမ်း,Dagon Seikkan,Bago River Road,Bago River Road,16.839925,96.248595,"https://www.google.com/maps?q=16.839925,96.248595",YBS / YRTA Official
702,1702,ရွှေလီလမ်း (အထွက်),Shwe Li Road (Outbound),ဒဂုံဆိပ်ကမ်း,Dagon Seikkan,Shwe Li Road,Shwe Li Road,16.829426,96.240558,"https://www.google.com/maps?q=16.829426,96.240558",YBS / YRTA Official
703,1703,(၃) ဂိတ်ဟောင်း (အထွက်),Thone Gate Haung (3 Gate) (Outbound),ဒေါပုံ,Dawbon,မြင်တော်သာလမ်း,Myintawthar Road,16.777125,96.202383,"https://www.google.com/maps?q=16.777125,96.202383",YBS / YRTA Official
704,1704,ဓမ္မာရုံ (အထွက်),Dhamar Yon (Outbound),ဒေါပုံ,Dawbon,ယမုံနာလမ်း,Yamonar Road,16.774099,96.200219,"https://www.google.com/maps?q=16.774099,96.200219",YBS / YRTA Official
705,1705,မာန်ပြေ (အထွက်),Man Pyae (Outbound),ဒေါပုံ,Dawbon,ယမုံနာလမ်း,Yamonar Road,16.780645,96.199316,"https://www.google.com/maps?q=16.780645,96.199316",YBS / YRTA Official
706,1706,ရန်ပြေ (အထွက်),Yan Pyay (Outbound),ဒေါပုံ,Dawbon,ယမုံနာလမ်း,Yamonar Road,16.785195,96.196418,"https://www.google.com/maps?q=16.785195,96.196418",YBS / YRTA Official
707,1707,ဝါဆို (အထွက်),Warso (Outbound),ဒေါပုံ,Dawbon,ယမုံနာလမ်း,Yamonar Road,16.780755,96.179983,"https://www.google.com/maps?q=16.780755,96.179983",YBS / YRTA Official
708,1708,သင်္ဘောကျင်း (အထွက်),Thinbaw Kyin (Outbound),ဒေါပုံ,Dawbon,ယမုံနာလမ်း,Yamonar Road,16.785246,96.191038,"https://www.google.com/maps?q=16.785246,96.191038",YBS / YRTA Official
709,1709,(၆) လမ်း (အထွက်),Chauk Lan (6 Lan) (Outbound),ပုဇွန်တောင်,Pazundaung,အထက်ပုဇွန်တောင်လမ်း,Upper Pazundaung Road,16.809341,96.178287,"https://www.google.com/maps?q=16.809341,96.178287",YBS / YRTA Official
710,1710,ဂန္ဓီ (အထွက်),Gandee (Outbound),ပုဇွန်တောင်,Pazundaung,မဟာဗန္ဓုလလမ်း,Mahabandoola Road,16.767366,96.176339,"https://www.google.com/maps?q=16.767366,96.176339",YBS / YRTA Official
711,1711,ညောင်တန်း (အထွက်),Nyaung Tan (Outbound),ပုဇွန်တောင်,Pazundaung,အောက်ပုဇွန်တောင်လမ်း,Lower Pazundaung Road,16.784456,96.182955,"https://www.google.com/maps?q=16.784456,96.182955",YBS / YRTA Official
712,1712,ပုဇွန်တောင်ဈေး (အထွက်),Pazundaung Zay (Outbound),ပုဇွန်တောင်,Pazundaung,အထက်ပုဇွန်တောင်လမ်း,Upper Pazundaung Road,16.783926,96.173557,"https://www.google.com/maps?q=16.783926,96.173557",YBS / YRTA Official
713,1713,ဗိုလ်တထောင်ဈေး (အထွက်),Botahtaung Zay (Outbound),ပုဇွန်တောင်,Pazundaung,ကမ်းနားလမ်း,Strand Road,16.763326,96.176963,"https://www.google.com/maps?q=16.763326,96.176963",YBS / YRTA Official
714,1714,ဘီအိုစီ (အထွက်),B.O.C (Outbound),ပုဇွန်တောင်,Pazundaung,Than Lyet Soon Road,Than Lyet Soon Road,16.774169,96.1855,"https://www.google.com/maps?q=16.774169,96.185500",YBS / YRTA Official
715,1715,လင်းစဒေါင်း (အထွက်),Lin Sadaung (Outbound),ပုဇွန်တောင်,Pazundaung,ကမ်းနားလမ်း,Strand Road,16.771891,96.186392,"https://www.google.com/maps?q=16.771891,96.186392",YBS / YRTA Official
716,1716,သီတာဆိပ် (အထွက်),Thida Seik (Outbound),ပုဇွန်တောင်,Pazundaung,အောက်ပုဇွန်တောင်လမ်း,Lower Pazundaung Road,16.767523,96.184636,"https://www.google.com/maps?q=16.767523,96.184636",YBS / YRTA Official
717,1717,ကုန်ဈေးတန်း (အထွက်),Kone Zay Tan (Outbound),ပန်းဘဲတန်း,Pabedan,အနော်ရထာလမ်း,Anawrahta Road,16.773953,96.153215,"https://www.google.com/maps?q=16.773953,96.153215",YBS / YRTA Official
718,1718,ဗိုလ်ချုပ်ဈေး (အထွက်),Bogyoke Zay (Outbound),ပန်းဘဲတန်း,Pabedan,ဗိုလ်ချုပ်အောင်ဆန်းလမ်း,Bogyoke Aung San Road,16.774079,96.154914,"https://www.google.com/maps?q=16.774079,96.154914",YBS / YRTA Official
719,1719,ရုပ်ရှင်ရုံ (အထွက်),Yoke Shin Yon (Outbound),ပန်းဘဲတန်း,Pabedan,ဆူးလေးဘုရားလမ်း,Sule Pagoda Road,16.778444,96.163124,"https://www.google.com/maps?q=16.778444,96.163124",YBS / YRTA Official
720,1720,လမ်း (၃၀) (အထွက်),Lan Thone Sae (30 Lan) (Outbound),ပန်းဘဲတန်း,Pabedan,အနော်ရထာလမ်း,Anawrahta Road,16.772014,96.150919,"https://www.google.com/maps?q=16.772014,96.150919",YBS / YRTA Official
721,1721,သိမ်ကြီးဈေး (အထွက်),Theingyi Zay (Outbound),ပန်းဘဲတန်း,Pabedan,မဟာဗန္ဓုလလမ်း,Mahabandoola Road,16.78006,96.155629,"https://www.google.com/maps?q=16.780060,96.155629",YBS / YRTA Official
722,1722,(၂) ဂိတ် (အထွက်),Hnit Gate (2 Gate) (Outbound),ဖောင်ကြီး,Hpaunggyi,Hlegu-Phaung Gyi Road,Hlegu-Phaung Gyi Road,17.335895,96.20389,"https://www.google.com/maps?q=17.335895,96.203890",YBS / YRTA Official
723,1723,စံပြ (အထွက်),San Pya (Outbound),ဖောင်ကြီး,Hpaunggyi,Hlegu-Phaung Gyi Road,Hlegu-Phaung Gyi Road,17.329965,96.195656,"https://www.google.com/maps?q=17.329965,96.195656",YBS / YRTA Official
724,1724,ဆေးရုံကုန်း (အထွက်),Say Yone Kone (Outbound),ဖောင်ကြီး,Hpaunggyi,Hlegu-Phaung Gyi Road,Hlegu-Phaung Gyi Road,17.323598,96.182141,"https://www.google.com/maps?q=17.323598,96.182141",YBS / YRTA Official
725,1725,ဖောင်ကြီးတာဆုံ (အထွက်),Phaung Gyi Tar Sone (Outbound),ဖောင်ကြီး,Hpaunggyi,Hlegu-Phaung Gyi Road,Hlegu-Phaung Gyi Road,17.314972,96.184071,"https://www.google.com/maps?q=17.314972,96.184071",YBS / YRTA Official
726,1726,ဗဟိုဝန်ထမ်းတက္ကသိုလ် (အထွက်),Baho Wun Htan Takke Tho (Outbound),ဖောင်ကြီး,Hpaunggyi,Hlegu-Phaung Gyi Road,Hlegu-Phaung Gyi Road,17.337567,96.189848,"https://www.google.com/maps?q=17.337567,96.189848",YBS / YRTA Official
727,1727,သမဝါယမကောလိပ် (အထွက်),Thama War Ya Ma College (Outbound),ဖောင်ကြီး,Hpaunggyi,Hlegu-Phaung Gyi Road,Hlegu-Phaung Gyi Road,17.340593,96.200043,"https://www.google.com/maps?q=17.340593,96.200043",YBS / YRTA Official
728,1728,(၅) ထပ်ကြီး (အထွက်),Ngar Htat Kyee (5 Htat Kyee) (Outbound),ဗဟန်း,Bahan,East Shwe Gon Daing Road,East Shwe Gon Daing Road,16.808184,96.164634,"https://www.google.com/maps?q=16.808184,96.164634",YBS / YRTA Official
729,1729,(၆) ထပ်ကြီး (အထွက်),Chauk Htat Kyee (6 Htat Kyee) (Outbound),ဗဟန်း,Bahan,East Shwe Gon Daing Road,East Shwe Gon Daing Road,16.813291,96.164329,"https://www.google.com/maps?q=16.813291,96.164329",YBS / YRTA Official
730,1730,ကုက္ကိုင်း (အထွက်),Koke Kine (Outbound),ဗဟန်း,Bahan,တက္ကသိုလ်ရိပ်သာလမ်း,University Avenue Road,16.81981,96.158223,"https://www.google.com/maps?q=16.819810,96.158223",YBS / YRTA Official
731,1731,ကုက္ကိုင်း / ကျောင်းရှေ့ (အထွက်),Kokkaing/ Kyaung Shae (Outbound),ဗဟန်း,Bahan,ကမ္ဘာအေးဘုရားလမ်း,Kabar Aye Pagoda Road,16.816152,96.153569,"https://www.google.com/maps?q=16.816152,96.153569",YBS / YRTA Official
732,1732,စက်မှု(၁)/မြန်မာပလာဇာ (အထွက်),Set Hmu Tit/Myanmar Plaza (Outbound),ဗဟန်း,Bahan,ကမ္ဘာအေးဘုရားလမ်း,Kabar Aye Pagoda Road,16.826689,96.150511,"https://www.google.com/maps?q=16.826689,96.150511",YBS / YRTA Official
733,1733,နတ်မောက်ကျောင်းရှေ့ (အထွက်),Nat Mauk Kyaung Shae (Outbound),ဗဟန်း,Bahan,နတ်မောက်လမ်း,Nat Mauk Road,16.8014,96.167474,"https://www.google.com/maps?q=16.801400,96.167474",YBS / YRTA Official
734,1734,နှင်းဆီကုန်းရိပ်သာ (အထွက်),Hnin Si Kone Yate Thar (Outbound),ဗဟန်း,Bahan,ကမ္ဘာအေးဘုရားလမ်း,Kabar Aye Pagoda Road,16.817741,96.152863,"https://www.google.com/maps?q=16.817741,96.152863",YBS / YRTA Official
735,1735,ဖိုးစိန်လမ်း (အထွက်),Phoe Sein Lan (Outbound),ဗဟန်း,Bahan,နတ်မောက်လမ်း,Nat Mauk Road,16.80732,96.170017,"https://www.google.com/maps?q=16.807320,96.170017",YBS / YRTA Official
736,1736,ဗဟန်းသုံးလမ်း (အထွက်),Bahan Thone Lan (Outbound),ဗဟန်း,Bahan,Bahan Road,Bahan Road,16.793677,96.158017,"https://www.google.com/maps?q=16.793677,96.158017",YBS / YRTA Official
737,1737,ရွှေဂုံတိုင် (အထွက်),Shwe Gon Daing (Outbound),ဗဟန်း,Bahan,West Shwe Gon Daing Road,West Shwe Gon Daing Road,16.808118,96.158093,"https://www.google.com/maps?q=16.808118,96.158093",YBS / YRTA Official
738,1738,ဝိဇယပလာဇာ (အထွက်),Wizaya Plaza (Outbound),ဗဟန်း,Bahan,ဓမ္မစေတီလမ်း,Dhamazedi Road,16.798436,96.14493,"https://www.google.com/maps?q=16.798436,96.144930",YBS / YRTA Official
739,1739,သံလွင် (အထွက်),Thanlwin (Outbound),ဗဟန်း,Bahan,တက္ကသိုလ်ရိပ်သာလမ်း,University Avenue Road,16.824179,96.151201,"https://www.google.com/maps?q=16.824179,96.151201",YBS / YRTA Official
740,1740,အထက (၁) ဗဟန်း (အထွက်),Ah Hta Ka Tit Bahan (No. 1 High School) (Outbound),ဗဟန်း,Bahan,ဓမ္မစေတီလမ်း,Dhamazedi Road,16.804085,96.155975,"https://www.google.com/maps?q=16.804085,96.155975",YBS / YRTA Official
741,1741,(၅၀) ကွေ့ (အထွက်),Ngar-sae Kwae (50 Kwae) (Outbound),ဗိုလ်တထောင်,Botahtaung,Botahtaung Pagoda Road,Botahtaung Pagoda Road,16.776038,96.170351,"https://www.google.com/maps?q=16.776038,96.170351",YBS / YRTA Official
742,1742,ကြယ်ငါးပွင့် (အထွက်),Kyel Ngar Pwint (Outbound),ဗိုလ်တထောင်,Botahtaung,သိမ်ဖြူလမ်း,Thein Phyu Road,16.774438,96.168797,"https://www.google.com/maps?q=16.774438,96.168797",YBS / YRTA Official
743,1743,စိန်ပေါ(လ်) (အထွက်),Sein Paul (Outbound),ဗိုလ်တထောင်,Botahtaung,သိမ်ဖြူလမ်း,Thein Phyu Road,16.780111,96.170515,"https://www.google.com/maps?q=16.780111,96.170515",YBS / YRTA Official
744,1744,အိုးရှင်း (အထွက်),Ocean (Botahtaung) (Outbound),ဗိုလ်တထောင်,Botahtaung,မဟာဗန္ဓုလလမ်း,Mahabandoola Road,16.776105,96.18246,"https://www.google.com/maps?q=16.776105,96.182460",YBS / YRTA Official
745,1745,(၆) မိုင်ခွဲ (အထွက်),Chauk Mile Khawe (6 Mile) (Outbound),မရမ်းကုန်း,Mayangone,ပြည်လမ်း,Pyay Road,16.84625,96.14189,"https://www.google.com/maps?q=16.846250,96.141890",YBS / YRTA Official
746,1746,(၇) မိုင် (အထွက်),Khun-hnat Mile (7 Mile) (Outbound),မရမ်းကုန်း,Mayangone,ပြည်လမ်း,Pyay Road,16.858226,96.138509,"https://www.google.com/maps?q=16.858226,96.138509",YBS / YRTA Official
747,1747,(၈) မိုင် (အထွက်),Shit Mile (8 Mile) (Outbound),မရမ်းကုန်း,Mayangone,ပြည်လမ်း,Pyay Road,16.866587,96.142945,"https://www.google.com/maps?q=16.866587,96.142945",YBS / YRTA Official
748,1748,(၉) မိုင် (အထွက်),Koe Mile (9 Mile) (Outbound),မရမ်းကုန်း,Mayangone,ပြည်လမ်း,Pyay Road,16.884004,96.130112,"https://www.google.com/maps?q=16.884004,96.130112",YBS / YRTA Official
749,1749,ကမ္ဘာအေးဘုရားလမ်း (အထွက်),Kabar Aye Paya (Outbound),မရမ်းကုန်း,Mayangone,ကမ္ဘာအေးဘုရားလမ်း,Kabar Aye Pagoda Road,16.8538,96.160365,"https://www.google.com/maps?q=16.853800,96.160365",YBS / YRTA Official
750,1750,ကျိုက်ဝိုင်း (အထွက်),Kyaik Wine (Outbound),မရမ်းကုန်း,Mayangone,ကျိုက်ဝိုင်းဘုရားလမ်း,Kyaik Wine Pagoda Road,16.861671,96.123151,"https://www.google.com/maps?q=16.861671,96.123151",YBS / YRTA Official
751,1751,ချော်တွင်းကုန်း (အထွက်),Chaw Twin Kone (Outbound),မရမ်းကုန်း,Mayangone,ကမ္ဘာအေးဘုရားလမ်း,Kabar Aye Pagoda Road,16.849558,96.164372,"https://www.google.com/maps?q=16.849558,96.164372",YBS / YRTA Official
752,1752,ဘုရင့်နောင်လမ်းဆုံ (အထွက်),Bayint Naung Lan Sone (Outbound),မရမ်းကုန်း,Mayangone,ဘုရင့်နောင်လမ်း,Bayint Naung Road,16.857435,96.114859,"https://www.google.com/maps?q=16.857435,96.114859",YBS / YRTA Official
753,1753,မြိုင်ဟေဝန်ပန်းခြံ (အထွက်),Myaing Hay Wun (Outbound),မရမ်းကုန်း,Mayangone,ကမ္ဘာအေးဘုရားလမ်း,Kabar Aye Pagoda Road,16.871545,96.139892,"https://www.google.com/maps?q=16.871545,96.139892",YBS / YRTA Official
754,1754,သမိုင်းလမ်းဆုံ (အထွက်),Thamine Lan Son (Outbound),မရမ်းကုန်း,Mayangone,ရန်ကုန်-အင်းစိန်လမ်း,Yangon-Insein Road,16.868451,96.121009,"https://www.google.com/maps?q=16.868451,96.121009",YBS / YRTA Official
755,1755,မင်္ဂလာဈေး (အထွက်),Mingalar Zay (Outbound),မင်္ဂလာတောင်ညွန့်,Mingalar Taung Nyunt,Mill Road,Mill Road,16.79637,96.178379,"https://www.google.com/maps?q=16.796370,96.178379",YBS / YRTA Official
756,1756,ယုဇနပလာဇာ / လမ်းကျယ် (အထွက်),Yuzana Plaza/ Lan Kyal (Outbound),မင်္ဂလာတောင်ညွန့်,Mingalar Taung Nyunt,ဗညားဒလလမ်း,Banyardala Road,16.791823,96.169906,"https://www.google.com/maps?q=16.791823,96.169906",YBS / YRTA Official
757,1757,ရန်ကုန်ဘူတာကြီး (အထွက်),Yangon Central Railway Station (Outbound),မင်္ဂလာတောင်ညွန့်,Mingalar Taung Nyunt,Upper Pansodan Road,Upper Pansodan Road,16.791824,96.156635,"https://www.google.com/maps?q=16.791824,96.156635",YBS / YRTA Official
758,1758,သိမ်ဖြူဈေး (အထွက်),Thein Phyu Zay (Outbound),မင်္ဂလာတောင်ညွန့်,Mingalar Taung Nyunt,သိမ်ဖြူလမ်း,Thein Phyu Road,16.791567,96.172921,"https://www.google.com/maps?q=16.791567,96.172921",YBS / YRTA Official
759,1759,အောင်မင်္ဂလာ (အထွက်),Aung Mingalar (Outbound),မင်္ဂလာတောင်ညွန့်,Mingalar Taung Nyunt,ဗညားဒလလမ်း,Banyardala Road,16.799672,96.183823,"https://www.google.com/maps?q=16.799672,96.183823",YBS / YRTA Official
760,1760,ခရေပင်လမ်းခွဲ (အထွက်),Khayae Pin Lan Khawe (Outbound),မင်္ဂလာဒုံ,Mingaladon,အမှတ်(၁)လမ်းမ,No. 1 Main Road,16.934312,96.136275,"https://www.google.com/maps?q=16.934312,96.136275",YBS / YRTA Official
761,1761,ကုန်းထိပ် (အထွက်),Kone Htate (Outbound),မင်္ဂလာဒုံ,Mingaladon,အမှတ်(၁)လမ်းမ,No. 1 Main Road,17.002628,96.133399,"https://www.google.com/maps?q=17.002628,96.133399",YBS / YRTA Official
762,1762,ကျိုက်ကလို့ (အထွက်),Kyaikkalot (Outbound),မင်္ဂလာဒုံ,Mingaladon,အမှတ်(၁)လမ်းမ,No. 1 Main Road,16.943838,96.127587,"https://www.google.com/maps?q=16.943838,96.127587",YBS / YRTA Official
763,1763,မင်္ဂလာဒုံဈေး (အထွက်),Mingalardon Zay (Outbound),မင်္ဂလာဒုံ,Mingaladon,အမှတ်(၁)လမ်းမ,No. 1 Main Road,16.933435,96.132982,"https://www.google.com/maps?q=16.933435,96.132982",YBS / YRTA Official
764,1764,ရန်ကုန်လေဆိပ် တာမီနယ် (၁) (အထွက်),Yangon Intl. Airport Terminal 1 (Outbound),မင်္ဂလာဒုံ,Mingaladon,Yangon Airport Road,Yangon Airport Road,16.905356,96.137496,"https://www.google.com/maps?q=16.905356,96.137496",YBS / YRTA Official
765,1765,ပုလဲလမ်းဆုံ (အထွက်),Palae Lan Sone (Outbound),မင်္ဂလာဒုံ,Mingaladon,အမှတ်(၃)လမ်းမ,No. 3 Main Road,16.986689,96.153715,"https://www.google.com/maps?q=16.986689,96.153715",YBS / YRTA Official
766,1766,ဒဂုံတက္ကသိုလ် (အထွက်),Dagon University (Outbound),မြောက်ဒဂုံ,North Dagon,Dagon University,Dagon University,16.907175,96.20742,"https://www.google.com/maps?q=16.907175,96.207420",YBS / YRTA Official
767,1767,(၃၅) ကွေ့ (အထွက်),Thone-sae-ngar Kwae (35 Kwae) (Outbound),မြောက်ဒဂုံ,North Dagon,ပင်လုံလမ်း,Pin Lon Road,16.860966,96.192766,"https://www.google.com/maps?q=16.860966,96.192766",YBS / YRTA Official
768,1768,(၄၄) လမ်းဆုံ (အထွက်),Lay-sae-lay Lan Sone (44 Lan Sone) (Outbound),မြောက်ဒဂုံ,North Dagon,ဗိုလ်မှူးဗထူးလမ်း,Bo Hmu Ba Htoo Road,16.893511,96.187235,"https://www.google.com/maps?q=16.893511,96.187235",YBS / YRTA Official
769,1769,ဗထူးဈေး (အထွက်),Ba Htoo Zay (Outbound),မြောက်ဒဂုံ,North Dagon,ဗိုလ်မှူးဗထူးလမ်း,Bo Hmu Ba Htoo Road,16.891461,96.180501,"https://www.google.com/maps?q=16.891461,96.180501",YBS / YRTA Official
770,1770,ပင်လုံဆေးရုံ (အထွက်),Pinlon Hospital (Outbound),မြောက်ဒဂုံ,North Dagon,ပင်လုံလမ်း,Pin Lon Road,16.860858,96.201141,"https://www.google.com/maps?q=16.860858,96.201141",YBS / YRTA Official
771,1771,မန္တလေးလမ်း (အထွက်),Mandalay Lan (Outbound),မြောက်ဒဂုံ,North Dagon,ပင်လုံလမ်း,Pin Lon Road,16.871433,96.197492,"https://www.google.com/maps?q=16.871433,96.197492",YBS / YRTA Official
772,1772,(၂) ဈေး (အထွက်),Hnit Zay (2 Zay) (Outbound),မြောက်ဥက္ကလာပ,North Okkalapa,သုဓမ္မာလမ်း,Thudhamar Road,16.873319,96.162775,"https://www.google.com/maps?q=16.873319,96.162775",YBS / YRTA Official
773,1773,(၆) ကွေ့ (အထွက်),Chauk Kwae (6 Kwae) (Outbound),မြောက်ဥက္ကလာပ,North Okkalapa,သုဓမ္မာလမ်း,Thudhamar Road,16.916156,96.162762,"https://www.google.com/maps?q=16.916156,96.162762",YBS / YRTA Official
774,1774,(ဃ) ဈေး (အထွက်),Ga-gyi Zay (Outbound),မြောက်ဥက္ကလာပ,North Okkalapa,သုဓမ္မာလမ်း,Thudhamar Road,16.89041,96.165243,"https://www.google.com/maps?q=16.890410,96.165243",YBS / YRTA Official
775,1775,(ဈ) ဈေး (အထွက်),Za-myin-zwe Zay (Outbound),မြောက်ဥက္ကလာပ,North Okkalapa,ခေမာသီလမ်း,Khaymarthi Road,16.906249,96.161101,"https://www.google.com/maps?q=16.906249,96.161101",YBS / YRTA Official
776,1776,မြောက်ဥက္ကလာ အဝိုင်း (အထွက်),Myauk Okkalar Awine (Outbound),မြောက်ဥက္ကလာပ,North Okkalapa,သုဓမ္မာလမ်း,Thudhamar Road,16.895297,96.158708,"https://www.google.com/maps?q=16.895297,96.158708",YBS / YRTA Official
777,1777,အောင်မင်္ဂလာ အဝေးပြေး (အထွက်),Aung Mingalar A Way Pyay (Outbound),မြောက်ဥက္ကလာပ,North Okkalapa,သုဓမ္မာလမ်း,Thudhamar Road,16.933197,96.154865,"https://www.google.com/maps?q=16.933197,96.154865",YBS / YRTA Official
778,1778,မဲလမုဘုရား (အထွက်),Melamu Pagoda (Outbound),မြောက်ဥက္ကလာပ,North Okkalapa,သုဓမ္မာလမ်း,Thudhamar Road,16.890634,96.162818,"https://www.google.com/maps?q=16.890634,96.162818",YBS / YRTA Official
779,1779,မှော်ဘီဈေး (အထွက်),Hmaw Bi Zay (Outbound),မှော်ဘီ,Hmawbi,ရန်ကုန်-ပြည်လမ်းမကြီး,Yangon-Pyay Main Road,17.099656,96.036657,"https://www.google.com/maps?q=17.099656,96.036657",YBS / YRTA Official
780,1780,ဂျီတီစီဆိုက်သစ် (အထွက်),G.T.C Site Thit (Outbound),မှော်ဘီ,Hmawbi,ရန်ကုန်-ပြည်လမ်းမကြီး,Yangon-Pyay Main Road,17.124267,96.005261,"https://www.google.com/maps?q=17.124267,96.005261",YBS / YRTA Official
781,1781,ဂျပန်ဆိုက် (အထွက်),Japan Site (Outbound),မှော်ဘီ,Hmawbi,ရန်ကုန်-ပြည်လမ်းမကြီး,Yangon-Pyay Main Road,17.147194,95.99279,"https://www.google.com/maps?q=17.147194,95.992790",YBS / YRTA Official
782,1782,ထန်းတပင်တာဆုံ (အထွက်),Htan Ta Pin Tar Sone (Outbound),မှော်ဘီ,Hmawbi,ရန်ကုန်-ပြည်လမ်းမကြီး,Yangon-Pyay Main Road,17.096048,96.03457,"https://www.google.com/maps?q=17.096048,96.034570",YBS / YRTA Official
783,1783,ကျောက်ကုန်း (အထွက်),Kyauk Kone (Outbound),ရန်ကင်း,Yankin,Moe Kaung Road,Moe Kaung Road,16.837989,96.175034,"https://www.google.com/maps?q=16.837989,96.175034",YBS / YRTA Official
784,1784,ရန်ကင်းဈေး (အထွက်),Yankin Zay (Outbound),ရန်ကင်း,Yankin,Yanshin Street,Yanshin Street,16.822812,96.161999,"https://www.google.com/maps?q=16.822812,96.161999",YBS / YRTA Official
785,1785,မိုးကောင်း (အထွက်),Moe Kaung (Outbound),ရန်ကင်း,Yankin,Kanbe Road,Kanbe Road,16.838422,96.173332,"https://www.google.com/maps?q=16.838422,96.173332",YBS / YRTA Official
786,1786,ရန်ကင်းစာတိုက် (အထွက်),Yankin Sar Taik (Outbound),ရန်ကင်း,Yankin,Yankin Road,Yankin Road,16.832568,96.1612,"https://www.google.com/maps?q=16.832568,96.161200",YBS / YRTA Official
787,1787,ရွှေပြည်သာကွေ့ (အထွက်),Shwe Pyi Thar Kwae (Outbound),ရွှေပြည်သာ,Shwepyitha,အမှတ်(၄)လမ်းမ,No. 4 Main Road,16.956432,96.091348,"https://www.google.com/maps?q=16.956432,96.091348",YBS / YRTA Official
788,1788,ဒဂုံဧရာ (အထွက်),Dagon Ayeyar (Shwepyitha) (Outbound),ရွှေပြည်သာ,Shwepyitha,လှော်ကားလမ်း,Hlawga Road,16.854813,96.235536,"https://www.google.com/maps?q=16.854813,96.235536",YBS / YRTA Official
789,1789,ကွန်ပျူတာတက္ကသိုလ် (အထွက်),Computer University (Yangon) (Outbound),ရွှေပြည်သာ,Shwepyitha,အမှတ်(၄)လမ်းမ,No. 4 Main Road,17.001176,96.090603,"https://www.google.com/maps?q=17.001176,96.090603",YBS / YRTA Official
790,1790,နဝရတ် (အထွက်),Nawarat (Outbound),ရွှေပြည်သာ,Shwepyitha,ဘုရင့်နောင်လမ်း,Bayint Naung Road,16.974037,96.068796,"https://www.google.com/maps?q=16.974037,96.068796",YBS / YRTA Official
791,1791,သာဓုကန် (အထွက်),Thardukan (Outbound),ရွှေပြည်သာ,Shwepyitha,အမှတ်(၄)လမ်းမ,No. 4 Main Road,16.988095,96.089345,"https://www.google.com/maps?q=16.988095,96.089345",YBS / YRTA Official
792,1792,ဆေးရုံကြီး (အထွက်),Say Yon Gyi (Yangon General Hospital) (Outbound),လသာ,Latha,ဗိုလ်ချုပ်အောင်ဆန်းလမ်း,Bogyoke Aung San Road,16.773914,96.151532,"https://www.google.com/maps?q=16.773914,96.151532",YBS / YRTA Official
793,1793,ညောင်ပင်လေးဈေး (အထွက်),Nyaung Pin Lay Zay (Outbound),လသာ,Latha,ကမ်းနားလမ်း,Strand Road,16.766134,96.150186,"https://www.google.com/maps?q=16.766134,96.150186",YBS / YRTA Official
794,1794,လသာ (အထွက်),Latha (Strand) (Outbound),လသာ,Latha,ကမ်းနားလမ်း,Strand Road,16.767721,96.147159,"https://www.google.com/maps?q=16.767721,96.147159",YBS / YRTA Official
795,1795,စံပြ (အထွက်),Sanpya (Outbound),လမ်းမတော်,Lanmadaw,Phone Gyi Road,Phone Gyi Road,16.784192,96.142363,"https://www.google.com/maps?q=16.784192,96.142363",YBS / YRTA Official
796,1796,ဗဟိုစည် / မော်တင် (အထွက်),Bahosi/ Mawtin (Outbound),လမ်းမတော်,Lanmadaw,ဗိုလ်ချုပ်အောင်ဆန်းလမ်း,Bogyoke Aung San Road,16.774731,96.146023,"https://www.google.com/maps?q=16.774731,96.146023",YBS / YRTA Official
797,1797,မော်တင် (အထွက်),Maw Tin (Outbound),လမ်းမတော်,Lanmadaw,မဟာဗန္ဓုလလမ်း,Mahabandoola Road,16.767405,96.147715,"https://www.google.com/maps?q=16.767405,96.147715",YBS / YRTA Official
798,1798,ပါရမီလမ်းဆုံ (အထွက်),Parami Junction (Outbound),လှိုင်,Hlaing,ပြည်လမ်း,Pyay Road,16.8426,96.131031,"https://www.google.com/maps?q=16.842600,96.131031",YBS / YRTA Official
799,1799,သီရိမင်္ဂလာဈေးသစ် (အထွက်),Thiri Mingalar Market (Outbound),လှိုင်,Hlaing,ဘုရင့်နောင်လမ်း,Bayint Naung Road,16.839863,96.107416,"https://www.google.com/maps?q=16.839863,96.107416",YBS / YRTA Official
800,1800,သုခ (အထွက်),Thukha (Outbound),လှိုင်,Hlaing,ရန်ကုန်-အင်းစိန်လမ်း,Yangon-Insein Road,16.842886,96.119904,"https://www.google.com/maps?q=16.842886,96.119904",YBS / YRTA Official
801,1801,အေဒီ (အထွက်),A.D (Outbound),လှိုင်,Hlaing,ပြည်လမ်း,Pyay Road,16.845794,96.144909,"https://www.google.com/maps?q=16.845794,96.144909",YBS / YRTA Official
802,1802,အုတ်ကျင်း (အထွက်),Oakyin (Outbound),လှိုင်,Hlaing,ရန်ကုန်-အင်းစိန်လမ်း,Yangon-Insein Road,16.850985,96.121274,"https://www.google.com/maps?q=16.850985,96.121274",YBS / YRTA Official
803,1803,ဒဂုံဧရာ အဝေးပြေး (အထွက်),Dagon Ayeyar Highway (Outbound),လှိုင်သာယာ,Hlaingtharyar,အမှတ်(၅)လမ်းမ,No. 5 Main Road,16.873162,96.017389,"https://www.google.com/maps?q=16.873162,96.017389",YBS / YRTA Official
804,1804,နဝဒေးအိမ်ရာ (အထွက်),Nawaday Housing (Outbound),လှိုင်သာယာ,Hlaingtharyar,အမှတ်(၅)လမ်းမ,No. 5 Main Road,16.865017,96.068746,"https://www.google.com/maps?q=16.865017,96.068746",YBS / YRTA Official
805,1805,နည်းပညာတက္ကသိုလ် (အထွက်),University of Technology (West Yangon) (Outbound),လှိုင်သာယာ,Hlaingtharyar,University of Technology,University of Technology,16.871609,96.011071,"https://www.google.com/maps?q=16.871609,96.011071",YBS / YRTA Official
806,1806,လှိုင်သာယာ စီးတီးမတ် (အထွက်),Hlaing Tharyar City Mart (Outbound),လှိုင်သာယာ,Hlaingtharyar,Yangon-Pathein Rd,Yangon-Pathein Rd,16.85717,96.065199,"https://www.google.com/maps?q=16.857170,96.065199",YBS / YRTA Official
807,1807,ဗိုလ်ချုပ် (အထွက်),Bogyoke (Outbound),လှိုင်သာယာ,Hlaingtharyar,အမှတ်(၅)လမ်းမ,No. 5 Main Road,16.852467,96.077665,"https://www.google.com/maps?q=16.852467,96.077665",YBS / YRTA Official
808,1808,လှည်းကူးဈေး (အထွက်),Hlegu Zay (Outbound),လှည်းကူး,Hlegu,အမှတ်(၁)လမ်းမ,No. 1 Main Road,17.103512,96.212187,"https://www.google.com/maps?q=17.103512,96.212187",YBS / YRTA Official
809,1809,လှည်းကူးတာဆုံ (အထွက်),Hlegu Tar Sone (Outbound),လှည်းကူး,Hlegu,Hlegu-Phaung Gyi Road,Hlegu-Phaung Gyi Road,17.104055,96.231404,"https://www.google.com/maps?q=17.104055,96.231404",YBS / YRTA Official
810,1810,ရတနာမြေ (အထွက်),Yadanar Myay (Outbound),လှည်းကူး,Hlegu,အမှတ်(၁)လမ်းမ,No. 1 Main Road,17.078527,96.18349,"https://www.google.com/maps?q=17.078527,96.183490",YBS / YRTA Official
811,1811,သာကေတအဝိုင်း (အထွက်),Thaketa Roundabout (Awine) (Outbound),သာကေတ,Thaketa,ဧရာဝဏ်လမ်းမကြီး,Ayar Wun Main Road,16.813075,96.209684,"https://www.google.com/maps?q=16.813075,96.209684",YBS / YRTA Official
812,1812,သန်လျင်တံတား ချဉ်းကပ်လမ်း (အထွက်),Thanlyin Bridge (Chin Kat Lan) (Outbound),သာကေတ,Thaketa,Thalyin Thada Chin Kat Road,Thalyin Thada Chin Kat Road,16.806116,96.21749,"https://www.google.com/maps?q=16.806116,96.217490",YBS / YRTA Official
813,1813,ရှုခင်းသာမြို့ပတ်လမ်း (အထွက်),Shukinthar Myo Pat Road (Outbound),သာကေတ,Thaketa,ရှူ့ခင်းသာမြို့ပတ်လမ်း,Shukinthar Myo Pat Road,16.796034,96.219443,"https://www.google.com/maps?q=16.796034,96.219443",YBS / YRTA Official
814,1814,(၃) ဈေး (အထွက်),Thone Zay (3 Zay) (Outbound),သာကေတ,Thaketa,မြင်တော်သာလမ်း,Myintawthar Road,16.787667,96.190836,"https://www.google.com/maps?q=16.787667,96.190836",YBS / YRTA Official
815,1815,ကျောက်တိုင် (အထွက်),Kyauk Taing (Thaketa) (Outbound),သာကေတ,Thaketa,ဧရာဝဏ်လမ်းမကြီး,Ayar Wun Main Road,16.797954,96.197769,"https://www.google.com/maps?q=16.797954,96.197769",YBS / YRTA Official
816,1816,တိုင်းရင်းသားကျေးရွာ (အာဆီယံ) (အထွက်),National Races Village (Asean) (Outbound),သာကေတ,Thaketa,National Races Village,National Races Village,16.800377,96.229202,"https://www.google.com/maps?q=16.800377,96.229202",YBS / YRTA Official
817,1817,စံပြဈေး / ငမိုးရိပ် (အထွက်),Sanpya Zay/ Nga Moe Yeik (Outbound),သင်္ဃန်းကျွန်း,Thingangyun,သံသုမာလမ်း,Thanthumar Road,16.845204,96.204778,"https://www.google.com/maps?q=16.845204,96.204778",YBS / YRTA Official
818,1818,ဇဝန (အထွက်),Zawana (Outbound),သင်္ဃန်းကျွန်း,Thingangyun,လေးထောင့်ကန်လမ်း,Lay Daung Kan Road,16.82514,96.195371,"https://www.google.com/maps?q=16.825140,96.195371",YBS / YRTA Official
819,1819,သုဝဏ္ဏဘောလုံးကွင်း (အထွက်),Thuwunna Stadium (Outbound),သင်္ဃန်းကျွန်း,Thingangyun,ဝေဇယန္တာလမ်း,Waizayanta Road,16.820491,96.183704,"https://www.google.com/maps?q=16.820491,96.183704",YBS / YRTA Official
820,1820,သုဝဏ္ဏလမ်းဆုံ (အထွက်),Thuwunna Lan Sone (Outbound),သင်္ဃန်းကျွန်း,Thingangyun,သံသုမာလမ်း,Thanthumar Road,16.816419,96.184859,"https://www.google.com/maps?q=16.816419,96.184859",YBS / YRTA Official
821,1821,ကျိုက္ကဆံဘုရား (အထွက်),Kyaikkasan Paya (Outbound),သင်္ဃန်းကျွန်း,Thingangyun,ရတနာလမ်း,Yadanar Road,16.840714,96.193452,"https://www.google.com/maps?q=16.840714,96.193452",YBS / YRTA Official
822,1822,ပြည်သာယာ (အထွက်),Pyithaya (Outbound),သင်္ဃန်းကျွန်း,Thingangyun,Pyithaya Street,Pyithaya Street,16.831563,96.183541,"https://www.google.com/maps?q=16.831563,96.183541",YBS / YRTA Official
823,1823,ကျိုက်ခေါက်ဘုရား (အထွက်),Kyaik Khauk Pagoda (Outbound),သန်လျင်,Thanlyin,ကျိုက်ခေါက်ဘုရားလမ်း,Kyaik Khauk Pagoda Road,16.73296,96.265141,"https://www.google.com/maps?q=16.732960,96.265141",YBS / YRTA Official
824,1824,ရေကြောင်းတက္ကသိုလ် (အထွက်),Myanmar Maritime University (Outbound),သန်လျင်,Thanlyin,Thanlyin,Thanlyin,16.704315,96.262413,"https://www.google.com/maps?q=16.704315,96.262413",YBS / YRTA Official
825,1825,သန်လျင်မြို့မဈေး (အထွက်),Thanlyin Myoma Zay (Outbound),သန်လျင်,Thanlyin,Bogyoke Nay Win Road,Bogyoke Nay Win Road,16.761202,96.245522,"https://www.google.com/maps?q=16.761202,96.245522",YBS / YRTA Official
826,1826,မြွေဘုရား (အထွက်),Mway Paya (Snake Pagoda) (Outbound),သန်လျင်,Thanlyin,သန်လျှင်-ကျောက်တန်းလမ်း,Thanlyin-Kyauktan Road,16.661476,96.315062,"https://www.google.com/maps?q=16.661476,96.315062",YBS / YRTA Official
827,1827,နည်းပညာတက္ကသိုလ် (ဂျီတီယူ) (အထွက်),Nee Pyinyar Takke Tho (G.T.U Thanlyin) (Outbound),သန်လျင်,Thanlyin,သန်လျှင်-ကျောက်တန်းလမ်း,Thanlyin-Kyauktan Road,16.688868,96.309911,"https://www.google.com/maps?q=16.688868,96.309911",YBS / YRTA Official
828,1828,အရှေ့ပိုင်းတက္ကသိုလ် (အထွက်),East Yangon University (Taung Dagon) (Outbound),သန်လျင်,Thanlyin,အမှတ်(၆)လမ်းမ,No. 6 Main Road,16.731947,96.283066,"https://www.google.com/maps?q=16.731947,96.283066",YBS / YRTA Official
829,1829,ကြိုဆိုပါ၏ (အထွက်),Kyo So Par Ei (Welcome) (Outbound),သုံးခွ,Thongwa,အမှတ်(၆)လမ်းမ,No. 6 Main Road,16.765566,96.503457,"https://www.google.com/maps?q=16.765566,96.503457",YBS / YRTA Official
830,1830,ခွန်ထိပ် (အထွက်),Khun Htate (Outbound),သုံးခွ,Thongwa,အမှတ်(၆)လမ်းမ,No. 6 Main Road,16.765102,96.510285,"https://www.google.com/maps?q=16.765102,96.510285",YBS / YRTA Official
831,1831,ဘားလမ်း (အထွက်),Bar Lan (Thongwa) (Outbound),သုံးခွ,Thongwa,အမှတ်(၆)လမ်းမ,No. 6 Main Road,16.75506,96.523059,"https://www.google.com/maps?q=16.755060,96.523059",YBS / YRTA Official
832,1832,(၁၂) ဂိတ် (အထွက်),Sae-Hnit Gate (12 Gate) (Outbound),အရှေ့ဒဂုံ,East Dagon,ကျန်စစ်သားလမ်း,Kyansitthar Road,16.898203,96.219855,"https://www.google.com/maps?q=16.898203,96.219855",YBS / YRTA Official
833,1833,(၁၃) ဂိတ် (အထွက်),Sae-Thone Gate (13 Gate) (Outbound),အရှေ့ဒဂုံ,East Dagon,ကျန်စစ်သားလမ်း,Kyansitthar Road,16.889505,96.227207,"https://www.google.com/maps?q=16.889505,96.227207",YBS / YRTA Official
834,1834,စည်ပင် (အထွက်),Si Pin (East Dagon) (Outbound),အရှေ့ဒဂုံ,East Dagon,Min Ye Kyaw Swar Road,Min Ye Kyaw Swar Road,16.928106,96.229614,"https://www.google.com/maps?q=16.928106,96.229614",YBS / YRTA Official
835,1835,ကျုံးကြီးဂိတ် (အထွက်),Kyone Gyi Gate (Outbound),အလုံ,Ahlone,ကြည့်မြင်တိုင်ကမ်းနားလမ်း,Kyee Myin Daing Kannar Road,16.775129,96.139046,"https://www.google.com/maps?q=16.775129,96.139046",YBS / YRTA Official
836,1836,ဆင်မင်းဈေး (အထွက်),Sin Min Zay (Outbound),အလုံ,Ahlone,ကြည့်မြင်တိုင်ကမ်းနားလမ်း,Kyee Myin Daing Kannar Road,16.792135,96.12987,"https://www.google.com/maps?q=16.792135,96.129870",YBS / YRTA Official
837,1837,သခင်မြပန်းခြံ (အထွက်),Thakhin Mya Pan Chan (Outbound),အလုံ,Ahlone,ကြည့်မြင်တိုင်ကမ်းနားလမ်း,Kyee Myin Daing Kannar Road,16.781598,96.142474,"https://www.google.com/maps?q=16.781598,96.142474",YBS / YRTA Official
838,1838,သီရိမင်္ဂလာဈေးဟောင်း (အထွက်),Thiri Mingalar Zay (Old) (Outbound),အလုံ,Ahlone,ကြည့်မြင်တိုင်ကမ်းနားလမ်း,Kyee Myin Daing Kannar Road,16.794934,96.12057,"https://www.google.com/maps?q=16.794934,96.120570",YBS / YRTA Official
839,1839,ဥက္ကံ (အထွက်),Okkan Station (Outbound),ဥက္ကံ,Okkan,ပြည်လမ်း,Pyay Road,17.501362,95.850411,"https://www.google.com/maps?q=17.501362,95.850411",YBS / YRTA Official
840,1840,အင်းစိန်ပန်းခြံ (အထွက်),Insein Pan Chan (Outbound),အင်းစိန်,Insein,မင်းကြီးလမ်း,Min Gyi Road,16.889883,96.10345,"https://www.google.com/maps?q=16.889883,96.103450",YBS / YRTA Official
841,1841,အင်းစိန်ဈေး (အထွက်),Insein Zay (Outbound),အင်းစိန်,Insein,လှိုင်မြစ်လမ်း,Hlaing River Road,16.881078,96.107714,"https://www.google.com/maps?q=16.881078,96.107714",YBS / YRTA Official
842,1842,အင်းစိန်ဆေးရုံကြီး (အထွက်),Insein Say Yon Gyi (Outbound),အင်းစိန်,Insein,မင်းကြီးလမ်း,Min Gyi Road,16.890245,96.109804,"https://www.google.com/maps?q=16.890245,96.109804",YBS / YRTA Official
843,1843,စော်ဘွားကြီးကုန်း (အထွက်),Saw Bwar Gyi Kone (Outbound),အင်းစိန်,Insein,ပြည်လမ်း,Pyay Road,16.892953,96.124642,"https://www.google.com/maps?q=16.892953,96.124642",YBS / YRTA Official
844,1844,ဒညင်းကုန်းလမ်းဆုံ (အထွက်),Danyin Gone Lan Sone (Outbound),အင်းစိန်,Insein,အောက်မင်္ဂလာဒုံလမ်း,Lower Mingalardon Road,16.93841,96.109089,"https://www.google.com/maps?q=16.938410,96.109089",YBS / YRTA Official
845,1845,ကြို့ကုန်း (အထွက်),Kyoe Kone (Outbound),အင်းစိန်,Insein,ရန်ကုန်-အင်းစိန်လမ်း,Yangon-Insein Road,16.883259,96.114485,"https://www.google.com/maps?q=16.883259,96.114485",YBS / YRTA Official
846,1846,ဘီပီအိုင် (အထွက်),B.P.I (Outbound),အင်းစိန်,Insein,ရန်ကုန်-အင်းစိန်လမ်း,Yangon-Insein Road,16.876981,96.109207,"https://www.google.com/maps?q=16.876981,96.109207",YBS / YRTA Official
847,1847,ပြည်တော်သာ / ဂျီတီအိုင်ထိပ် (အထွက်),Pyi Taw Thar/ G.T.I Htate (Outbound),အင်းစိန်,Insein,အောက်မင်္ဂလာဒုံလမ်း,Lower Mingalardon Road,16.907425,96.102036,"https://www.google.com/maps?q=16.907425,96.102036",YBS / YRTA Official
848,1848,အောင်ဆန်းဈေး (အထွက်),Aung San Zay (Outbound),အင်းစိန်,Insein,အောက်မင်္ဂလာဒုံလမ်း,Lower Mingalardon Road,16.918099,96.092816,"https://www.google.com/maps?q=16.918099,96.092816",YBS / YRTA Official
849,1849,အုတ်ကျင်းဝ (အထွက်),Oakyin Wa (Outbound),အင်းစိန်,Insein,လမ်းသစ်လမ်း,Lan Thit Road,16.89345,96.108528,"https://www.google.com/maps?q=16.893450,96.108528",YBS / YRTA Official
850,1850,ကျောင်းရှေ့/ကုန်းဆင်း (မျက်နှာချင်းဆိုင်),Kyaung Shae/ Kone Sin (Opposite),ကမာရွတ်,Kamayut,လှည်းတန်းလမ်း,Hledan Road,16.822321,96.116705,"https://www.google.com/maps?q=16.822321,96.116705",YBS / YRTA Official
851,1851,ကျောင်းရှေ့/ဓမ္မာရုံ (မျက်နှာချင်းဆိုင်),Kyaung Shae/ Dhamar Yon (Opposite),ကမာရွတ်,Kamayut,တက္ကသိုလ်ရိပ်သာလမ်း,University Avenue Road,16.833882,96.133518,"https://www.google.com/maps?q=16.833882,96.133518",YBS / YRTA Official
852,1852,ကျောင်းလမ်း (မျက်နှာချင်းဆိုင်),Kyuanlan (Opposite),ကမာရွတ်,Kamayut,တက္ကသိုလ်ရိပ်သာလမ်း,University Avenue Road,16.823934,96.131297,"https://www.google.com/maps?q=16.823934,96.131297",YBS / YRTA Official
853,1853,ခိုင်ရွှေဝါ (မျက်နှာချင်းဆိုင်),Khaing Shwe Wah (Opposite),ကမာရွတ်,Kamayut,ဗဟိုလမ်း,Baho Road,16.828363,96.115747,"https://www.google.com/maps?q=16.828363,96.115747",YBS / YRTA Official
854,1854,စံရိပ်ငြိမ် (မျက်နှာချင်းဆိုင်),San Yeik Nyein (Opposite),ကမာရွတ်,Kamayut,ရန်ကုန်-အင်းစိန်လမ်း,Yangon-Insein Road,16.835724,96.12383,"https://www.google.com/maps?q=16.835724,96.123830",YBS / YRTA Official
855,1855,စိုက်ပျိုးရေး (မျက်နှာချင်းဆိုင်),Saik Pyoe Yay (Opposite),ကမာရွတ်,Kamayut,ပြည်လမ်း,Pyay Road,16.816259,96.130144,"https://www.google.com/maps?q=16.816259,96.130144",YBS / YRTA Official
856,1856,ဆိုက်ကားဂိတ် (မျက်နှာချင်းဆိုင်),Site Kar Gate (Opposite),ကမာရွတ်,Kamayut,ဗဟိုလမ်း,Baho Road,16.828857,96.127934,"https://www.google.com/maps?q=16.828857,96.127934",YBS / YRTA Official
857,1857,ဆင်ရေတွင်း (မျက်နှာချင်းဆိုင်),Sin Yae Twin (Opposite),ကမာရွတ်,Kamayut,ရန်ကုန်-အင်းစိန်လမ်း,Yangon-Insein Road,16.839306,96.129917,"https://www.google.com/maps?q=16.839306,96.129917",YBS / YRTA Official
858,1858,ပြည်ရိပ်မွန် (မျက်နှာချင်းဆိုင်),Pyi Yeik Mon (Opposite),ကမာရွတ်,Kamayut,ဗဟိုလမ်း,Baho Road,16.813703,96.116819,"https://www.google.com/maps?q=16.813703,96.116819",YBS / YRTA Official
859,1859,ဘီအာဘီ (မျက်နှာချင်းဆိုင်),B.R.B (Opposite),ကမာရွတ်,Kamayut,ဗဟိုလမ်း,Baho Road,16.822019,96.126709,"https://www.google.com/maps?q=16.822019,96.126709",YBS / YRTA Official
860,1860,မာလာ (မျက်နှာချင်းဆိုင်),Marlar (Opposite),ကမာရွတ်,Kamayut,ပြည်လမ်း,Pyay Road,16.836026,96.128268,"https://www.google.com/maps?q=16.836026,96.128268",YBS / YRTA Official
861,1861,ရေကြောင်း (မျက်နှာချင်းဆိုင်),Yae Kyaung (Opposite),ကမာရွတ်,Kamayut,ဘုရင့်နောင်လမ်း,Bayint Naung Road,16.833331,96.121574,"https://www.google.com/maps?q=16.833331,96.121574",YBS / YRTA Official
862,1862,ရဲဝင်း (မျက်နှာချင်းဆိုင်),Ye Win (Opposite),ကမာရွတ်,Kamayut,ဗဟိုလမ်း,Baho Road,16.816644,96.122043,"https://www.google.com/maps?q=16.816644,96.122043",YBS / YRTA Official
863,1863,လှည်းတန်း (မျက်နှာချင်းဆိုင်),Hledan (Opposite),ကမာရွတ်,Kamayut,ရန်ကုန်-အင်းစိန်လမ်း,Yangon-Insein Road,16.833051,96.122711,"https://www.google.com/maps?q=16.833051,96.122711",YBS / YRTA Official
864,1864,လှည်းတန်းဈေး (မျက်နှာချင်းဆိုင်),Hledan Zay (Opposite),ကမာရွတ်,Kamayut,လှည်းတန်းလမ်း,Hledan Road,16.825055,96.124552,"https://www.google.com/maps?q=16.825055,96.124552",YBS / YRTA Official
865,1865,သင်္ဘောကျင်း (မျက်နှာချင်းဆိုင်),Thinbaw Kyin (Opposite),ကမာရွတ်,Kamayut,ဘုရင့်နောင်လမ်း,Bayint Naung Road,16.82799,96.12276,"https://www.google.com/maps?q=16.827990,96.122760",YBS / YRTA Official
866,1866,(၄၆) လမ်း (မျက်နှာချင်းဆိုင်),Lay-sae-chauk Lan (46 Lan) (Opposite),ကျောက်တံတား,Kyauktada,အနော်ရထာလမ်း,Anawrahta Road,16.779875,96.15947,"https://www.google.com/maps?q=16.779875,96.159470",YBS / YRTA Official
867,1867,ဆူးလေပန်းခြံ (မျက်နှာချင်းဆိုင်),Sule Pan Chan (Opposite),ကျောက်တံတား,Kyauktada,မဟာဗန္ဓုလလမ်း,Mahabandoola Road,16.772151,96.16154,"https://www.google.com/maps?q=16.772151,96.161540",YBS / YRTA Official
868,1868,ဆူးလေမြို့တော်ခန်းမ (မျက်နှာချင်းဆိုင်),Sule Myodaw Khan Ma (Opposite),ကျောက်တံတား,Kyauktada,ဆူးလေးဘုရားလမ်း,Sule Pagoda Road,16.765908,96.154907,"https://www.google.com/maps?q=16.765908,96.154907",YBS / YRTA Official
869,1869,ပန်းဆိုးတန်း (မျက်နှာချင်းဆိုင်),Pansodan (Opposite),ကျောက်တံတား,Kyauktada,အနော်ရထာလမ်း,Anawrahta Road,16.770932,96.156551,"https://www.google.com/maps?q=16.770932,96.156551",YBS / YRTA Official
870,1870,ပန်းဆိုးတန်း (ဆိပ်ကမ်းသာလမ်း) (မျက်နှာချင်းဆိုင်),Pansodan Seikkanthar (Opposite),ကျောက်တံတား,Kyauktada,ကုန်သည်လမ်း,Merchant Road,16.766762,96.159645,"https://www.google.com/maps?q=16.766762,96.159645",YBS / YRTA Official
871,1871,ဘားလမ်း (မျက်နှာချင်းဆိုင်),Bar Lan (Opposite),ကျောက်တံတား,Kyauktada,အနော်ရထာလမ်း,Anawrahta Road,16.766958,96.165658,"https://www.google.com/maps?q=16.766958,96.165658",YBS / YRTA Official
872,1872,ဗိုလ်ကလေးဈေး (မျက်နှာချင်းဆိုင်),Bokalay Zay (Opposite),ကျောက်တံတား,Kyauktada,မဟာဗန္ဓုလလမ်း,Mahabandoola Road,16.767551,96.163445,"https://www.google.com/maps?q=16.767551,96.163445",YBS / YRTA Official
873,1873,လမ်း (၅၀) (မျက်နှာချင်းဆိုင်),Lan Ngar Sae (50 Lan) (Opposite),ကျောက်တံတား,Kyauktada,ဗိုလ်ချုပ်အောင်ဆန်းလမ်း,Bogyoke Aung San Road,16.782807,96.171317,"https://www.google.com/maps?q=16.782807,96.171317",YBS / YRTA Official
874,1874,ကျောက်တန်း (မျက်နှာချင်းဆိုင်),Kyauk Tan (Opposite),ကျောက်တန်း,Kyauktan,သန်လျှင်-ကျောက်တန်းလမ်း,Thanlyin-Kyauktan Road,16.639881,96.333419,"https://www.google.com/maps?q=16.639881,96.333419",YBS / YRTA Official
875,1875,ချမ်းမြေ့သာယာ (မျက်နှာချင်းဆိုင်),Chan Myae Thar Yar (Opposite),ကျောက်တန်း,Kyauktan,သန်လျှင်-ကျောက်တန်းလမ်း,Thanlyin-Kyauktan Road,16.641301,96.327041,"https://www.google.com/maps?q=16.641301,96.327041",YBS / YRTA Official
876,1876,ဂါတ်တဲကွေ့ (မျက်နှာချင်းဆိုင်),Gat Tae Kwae (Opposite),ကျောက်တန်း,Kyauktan,သန်လျှင်-ကျောက်တန်းလမ်း,Thanlyin-Kyauktan Road,16.629181,96.315619,"https://www.google.com/maps?q=16.629181,96.315619",YBS / YRTA Official
877,1877,ဆီဆိုင် (မျက်နှာချင်းဆိုင်),Si Saing (Opposite),ကျောက်တန်း,Kyauktan,သန်လျှင်-ကျောက်တန်းလမ်း,Thanlyin-Kyauktan Road,16.656498,96.328366,"https://www.google.com/maps?q=16.656498,96.328366",YBS / YRTA Official
878,1878,ဈေးကွေ့ (မျက်နှာချင်းဆိုင်),Zay Kwae (Opposite),ကျောက်တန်း,Kyauktan,သန်လျှင်-ကျောက်တန်းလမ်း,Thanlyin-Kyauktan Road,16.637337,96.327976,"https://www.google.com/maps?q=16.637337,96.327976",YBS / YRTA Official
879,1879,ပဲလှော်ဖို (မျက်နှာချင်းဆိုင်),Pal Hlaw Pho (Opposite),ကျောက်တန်း,Kyauktan,သန်လျှင်-ကျောက်တန်းလမ်း,Thanlyin-Kyauktan Road,16.644904,96.322152,"https://www.google.com/maps?q=16.644904,96.322152",YBS / YRTA Official
880,1880,အောင်ချမ်းသာ (မျက်နှာချင်းဆိုင်),Aung Chan Thar (Opposite),ကျောက်တန်း,Kyauktan,သန်လျှင်-ကျောက်တန်းလမ်း,Thanlyin-Kyauktan Road,16.636772,96.313964,"https://www.google.com/maps?q=16.636772,96.313964",YBS / YRTA Official
881,1881,ကမ်းနားဈေး (မျက်နှာချင်းဆိုင်),Kannar Zay (Opposite),ကြည့်မြင်တိုင်,Kyimyindaing,ကြည့်မြင်တိုင်ကမ်းနားလမ်း,Kyee Myin Daing Kannar Road,16.808929,96.12799,"https://www.google.com/maps?q=16.808929,96.127990",YBS / YRTA Official
882,1882,ကျောင်းရှေ့ (မျက်နှာချင်းဆိုင်),Kyaung Shae (Opposite),ကြည့်မြင်တိုင်,Kyimyindaing,အောက်ကြည့်မြင်တိုင်လမ်း,Lower Kyee Myin Daing Road,16.802728,96.132858,"https://www.google.com/maps?q=16.802728,96.132858",YBS / YRTA Official
883,1883,ကြည့်မြင်တိုင်ညဈေး (မျက်နှာချင်းဆိုင်),Kyee Myin Daing Nya Zay (Opposite),ကြည့်မြင်တိုင်,Kyimyindaing,အထက်ကြည့်မြင်တိုင်လမ်း,Upper Kyee Myin Daing Road,16.818329,96.117694,"https://www.google.com/maps?q=16.818329,96.117694",YBS / YRTA Official
884,1884,ကြည့်မြင်တိုင်ဘူတာ (မျက်နှာချင်းဆိုင်),Kyee Myin Daing Butar (Opposite),ကြည့်မြင်တိုင်,Kyimyindaing,အထက်ကြည့်မြင်တိုင်လမ်း,Upper Kyee Myin Daing Road,16.813191,96.120609,"https://www.google.com/maps?q=16.813191,96.120609",YBS / YRTA Official
885,1885,စလင်းကွင်း (မျက်နှာချင်းဆိုင်),Salin Kwin (Opposite),ကြည့်မြင်တိုင်,Kyimyindaing,အထက်ကြည့်မြင်တိုင်လမ်း,Upper Kyee Myin Daing Road,16.813802,96.126529,"https://www.google.com/maps?q=16.813802,96.126529",YBS / YRTA Official
886,1886,စာတိုက် (မျက်နှာချင်းဆိုင်),Sar Taik (Opposite),ကြည့်မြင်တိုင်,Kyimyindaing,ကြည့်မြင်တိုင်ကမ်းနားလမ်း,Kyee Myin Daing Kannar Road,16.802093,96.118354,"https://www.google.com/maps?q=16.802093,96.118354",YBS / YRTA Official
887,1887,ဆင်မလိုက် (မျက်နှာချင်းဆိုင်),Sinmalite (Opposite),ကြည့်မြင်တိုင်,Kyimyindaing,ကြည့်မြင်တိုင်ကမ်းနားလမ်း,Kyee Myin Daing Kannar Road,16.816079,96.118632,"https://www.google.com/maps?q=16.816079,96.118632",YBS / YRTA Official
888,1888,နတ်စင်လမ်း (မျက်နှာချင်းဆိုင်),Nat Sin Lan (Opposite),ကြည့်မြင်တိုင်,Kyimyindaing,အထက်ကြည့်မြင်တိုင်လမ်း,Upper Kyee Myin Daing Road,16.807871,96.126142,"https://www.google.com/maps?q=16.807871,96.126142",YBS / YRTA Official
889,1889,သဲကွင်း (မျက်နှာချင်းဆိုင်),Thal Kwin (Opposite),ကြည့်မြင်တိုင်,Kyimyindaing,ကြည့်မြင်တိုင်ကမ်းနားလမ်း,Kyee Myin Daing Kannar Road,16.793214,96.122298,"https://www.google.com/maps?q=16.793214,96.122298",YBS / YRTA Official
890,1890,ဟံသာဝတီ (မျက်နှာချင်းဆိုင်),Hantharwaddy (Opposite),ကြည့်မြင်တိုင်,Kyimyindaing,အထက်ကြည့်မြင်တိုင်လမ်း,Upper Kyee Myin Daing Road,16.824347,96.123027,"https://www.google.com/maps?q=16.824347,96.123027",YBS / YRTA Official
891,1891,ဟုမ်းလမ်း (မျက်နှာချင်းဆိုင်),Home Lan (Opposite),ကြည့်မြင်တိုင်,Kyimyindaing,အောက်ကြည့်မြင်တိုင်လမ်း,Lower Kyee Myin Daing Road,16.80174,96.132511,"https://www.google.com/maps?q=16.801740,96.132511",YBS / YRTA Official
892,1892,(၉) ထပ်ကြီး (မျက်နှာချင်းဆိုင်),Koe Htat Kyee (Opposite),စမ်းချောင်း,Sanchaung,ဗားဂရာလမ်း,Bargayar Road,16.810078,96.122821,"https://www.google.com/maps?q=16.810078,96.122821",YBS / YRTA Official
893,1893,မဟာမြိုင် (မျက်နှာချင်းဆိုင်),Mahar Myaing (Opposite),စမ်းချောင်း,Sanchaung,ပြည်လမ်း,Pyay Road,16.799601,96.130485,"https://www.google.com/maps?q=16.799601,96.130485",YBS / YRTA Official
894,1894,မြေနီကုန်း (မျက်နှာချင်းဆိုင်),Myaynigone (Opposite),စမ်းချောင်း,Sanchaung,ဗားဂရာလမ်း,Bargayar Road,16.805852,96.144018,"https://www.google.com/maps?q=16.805852,96.144018",YBS / YRTA Official
895,1895,မြေနီကုန်း (ပြည်လမ်း) (မျက်နှာချင်းဆိုင်),Myaynigone (Pyay Road) (Opposite),စမ်းချောင်း,Sanchaung,ပြည်လမ်း,Pyay Road,16.808509,96.130291,"https://www.google.com/maps?q=16.808509,96.130291",YBS / YRTA Official
896,1896,ရှမ်းလမ်း (မျက်နှာချင်းဆိုင်),Shan Lan (Opposite),စမ်းချောင်း,Sanchaung,ဗားဂရာလမ်း,Bargayar Road,16.809233,96.131383,"https://www.google.com/maps?q=16.809233,96.131383",YBS / YRTA Official
897,1897,ရွှေမန်း (မျက်နှာချင်းဆိုင်),Shwe Man (Opposite),စမ်းချောင်း,Sanchaung,ဗားဂရာလမ်း,Bargayar Road,16.808786,96.141381,"https://www.google.com/maps?q=16.808786,96.141381",YBS / YRTA Official
898,1898,ဟံသာဝတီ (မျက်နှာချင်းဆိုင်),Hantharwaddy (Opposite),စမ်းချောင်း,Sanchaung,ပြည်လမ်း,Pyay Road,16.810901,96.143519,"https://www.google.com/maps?q=16.810901,96.143519",YBS / YRTA Official
899,1899,စာတိုက်ကြီး (မျက်နှာချင်းဆိုင်),Sar Taik Kyee (Opposite),ဆိပ်ကမ်း,Seikkan,ကမ်းနားလမ်း,Strand Road,16.770445,96.165169,"https://www.google.com/maps?q=16.770445,96.165169",YBS / YRTA Official
900,1900,ပန်းဆိုးတန်း (ကမ်းနားလမ်း) (မျက်နှာချင်းဆိုင်),Pansodan (Strand) (Opposite),ဆိပ်ကမ်း,Seikkan,ကမ်းနားလမ်း,Strand Road,16.771848,96.168115,"https://www.google.com/maps?q=16.771848,96.168115",YBS / YRTA Official
901,1901,ဗဟိုရုံး (မျက်နှာချင်းဆိုင်),Baho Yone (Opposite),ဆိပ်ကမ်း,Seikkan,ကမ်းနားလမ်း,Strand Road,16.771734,96.160067,"https://www.google.com/maps?q=16.771734,96.160067",YBS / YRTA Official
902,1902,ဗိုလ်တထောင်ဘုရား (မျက်နှာချင်းဆိုင်),Botahtaung Paya (Opposite),ဆိပ်ကမ်း,Seikkan,ကမ်းနားလမ်း,Strand Road,16.760958,96.171351,"https://www.google.com/maps?q=16.760958,96.171351",YBS / YRTA Official
903,1903,ကုလားဈေး (မျက်နှာချင်းဆိုင်),Kalar Zay (Opposite),တာမွေ,Tamwe,အရှေ့မြင်းပြိုင်လမ်း,East Horse Race Course Road,16.818539,96.167587,"https://www.google.com/maps?q=16.818539,96.167587",YBS / YRTA Official
904,1904,ကျောက်မြောင်းဈေး (မျက်နှာချင်းဆိုင်),Kyauk Myaung Zay (Opposite),တာမွေ,Tamwe,ကျိုက္ကဆံလမ်း,Kyaikkasan Road,16.795157,96.175885,"https://www.google.com/maps?q=16.795157,96.175885",YBS / YRTA Official
905,1905,တာမွေဈေး / တာမွေဗလီ (မျက်နှာချင်းဆိုင်),Tamwe Zay/ Tamwe Bali (Opposite),တာမွေ,Tamwe,ကျိုက္ကဆံလမ်း,Kyaikkasan Road,16.80373,96.175311,"https://www.google.com/maps?q=16.803730,96.175311",YBS / YRTA Official
906,1906,တာမွေပလာဇာ (မျက်နှာချင်းဆိုင်),Tamwe Plaza (Opposite),တာမွေ,Tamwe,သမိန်ဗရမ်းလမ်း,Thamain Bayan Road,16.801813,96.181986,"https://www.google.com/maps?q=16.801813,96.181986",YBS / YRTA Official
907,1907,ဗျိုင်းရေအိုးစင် (မျက်နှာချင်းဆိုင်),Byaing Yae Oh Sin (Opposite),တာမွေ,Tamwe,ဗညားဒလလမ်း,Banyardala Road,16.798029,96.179411,"https://www.google.com/maps?q=16.798029,96.179411",YBS / YRTA Official
908,1908,အလုပ်သမားဆေးရုံကြီး (မျက်နှာချင်းဆိုင်),Alote Thamar Say Yone (Opposite),တာမွေ,Tamwe,ကျိုက္ကဆံလမ်း,Kyaikkasan Road,16.805043,96.175012,"https://www.google.com/maps?q=16.805043,96.175012",YBS / YRTA Official
909,1909,အဝိုင်းထိပ် / တာမွေ (မျက်နှာချင်းဆိုင်),Awine Htate/ Tamwe (Opposite),တာမွေ,Tamwe,အနောက်မြင်းပြိုင်လမ်း,West Horse Race Course Road,16.811993,96.170056,"https://www.google.com/maps?q=16.811993,96.170056",YBS / YRTA Official
910,1910,အာသောက (မျက်နှာချင်းဆိုင်),Arthawka (Opposite),တာမွေ,Tamwe,သမိန်ဗရမ်းလမ်း,Thamain Bayan Road,16.808416,96.185999,"https://www.google.com/maps?q=16.808416,96.185999",YBS / YRTA Official
911,1911,ကန်ကုန်း (မျက်နှာချင်းဆိုင်),Kan Kone (Opposite),တိုက်ကြီး,Taikkyi,ရန်ကုန်-ပြည်လမ်းမကြီး,Yangon-Pyay Main Road,17.276531,95.953706,"https://www.google.com/maps?q=17.276531,95.953706",YBS / YRTA Official
912,1912,ကုန်းကွေ့ (မျက်နှာချင်းဆိုင်),Gone Kwae (Opposite),တိုက်ကြီး,Taikkyi,ရန်ကုန်-ပြည်လမ်းမကြီး,Yangon-Pyay Main Road,17.217839,95.964658,"https://www.google.com/maps?q=17.217839,95.964658",YBS / YRTA Official
913,1913,ကျွန်းချောင်း (မျက်နှာချင်းဆိုင်),Kyun Chaung (Opposite),တိုက်ကြီး,Taikkyi,ရန်ကုန်-ပြည်လမ်းမကြီး,Yangon-Pyay Main Road,17.211023,95.961434,"https://www.google.com/maps?q=17.211023,95.961434",YBS / YRTA Official
914,1914,တိုက်ကြီးခန်းမ (မျက်နှာချင်းဆိုင်),Taik Kyi Khan Ma (Opposite),တိုက်ကြီး,Taikkyi,ရန်ကုန်-ပြည်လမ်းမကြီး,Yangon-Pyay Main Road,17.304286,95.957578,"https://www.google.com/maps?q=17.304286,95.957578",YBS / YRTA Official
915,1915,တိုက်ကြီးဈေး (မျက်နှာချင်းဆိုင်),Taik Kyi Zay (Opposite),တိုက်ကြီး,Taikkyi,ရန်ကုန်-ပြည်လမ်းမကြီး,Yangon-Pyay Main Road,17.305961,95.971605,"https://www.google.com/maps?q=17.305961,95.971605",YBS / YRTA Official
916,1916,မြောင်းတကာတာဆုံ (မျက်နှာချင်းဆိုင်),Myaung Takar Tar Sone (Opposite),တိုက်ကြီး,Taikkyi,ရန်ကုန်-ပြည်လမ်းမကြီး,Yangon-Pyay Main Road,17.178787,95.978996,"https://www.google.com/maps?q=17.178787,95.978996",YBS / YRTA Official
917,1917,ရွှေမြယာ (မျက်နှာချင်းဆိုင်),Shwe Mya Yar (Opposite),တိုက်ကြီး,Taikkyi,ရန်ကုန်-ပြည်လမ်းမကြီး,Yangon-Pyay Main Road,17.249688,95.953779,"https://www.google.com/maps?q=17.249688,95.953779",YBS / YRTA Official
918,1918,အင်းယက်ကြီး (မျက်နှာချင်းဆိုင်),Inn Yat Kyee (Opposite),တိုက်ကြီး,Taikkyi,ရန်ကုန်-ပြည်လမ်းမကြီး,Yangon-Pyay Main Road,17.249523,95.95734,"https://www.google.com/maps?q=17.249523,95.957340",YBS / YRTA Official
919,1919,(၁၈) ကွေ့ (မျက်နှာချင်းဆိုင်),Sae-shit Kwae (18 Kwae) (Opposite),တောင်ဒဂုံ,South Dagon,စည်ပင်လမ်း,Si Pin Road,16.856816,96.234977,"https://www.google.com/maps?q=16.856816,96.234977",YBS / YRTA Official
920,1920,(၃၂) ဂိတ် (မျက်နှာချင်းဆိုင်),Thone-Sae-Hnit Gate (32 Gate) (Opposite),တောင်ဒဂုံ,South Dagon,ကျွန်းရွှေဝါလမ်း,Kyun Shwe Wah Road,16.814411,96.263613,"https://www.google.com/maps?q=16.814411,96.263613",YBS / YRTA Official
921,1921,(၆၂) (မျက်နှာချင်းဆိုင်),Chauk-Sae-Hnit (62) (Opposite),တောင်ဒဂုံ,South Dagon,ရတနာပုံလမ်း,Yadanarpon Road,16.876454,96.248319,"https://www.google.com/maps?q=16.876454,96.248319",YBS / YRTA Official
922,1922,ကားကြီးဂိတ် (မျက်နှာချင်းဆိုင်),Kar Gyi Gate (Opposite),တောင်ဒဂုံ,South Dagon,အမှတ်(၂)လမ်းမ,No. 2 Main Road,16.84416,96.210998,"https://www.google.com/maps?q=16.844160,96.210998",YBS / YRTA Official
923,1923,ကားလေးဂိတ် (မျက်နှာချင်းဆိုင်),Kar Lay Gate (Opposite),တောင်ဒဂုံ,South Dagon,လှော်ကားလမ်း,Hlawga Road,16.857422,96.240932,"https://www.google.com/maps?q=16.857422,96.240932",YBS / YRTA Official
924,1924,ကုန်တိုက် (မျက်နှာချင်းဆိုင်),Kone Taik (Opposite),တောင်ဒဂုံ,South Dagon,လှော်ကားလမ်း,Hlawga Road,16.839401,96.226817,"https://www.google.com/maps?q=16.839401,96.226817",YBS / YRTA Official
925,1925,ကုန်ပဒေသာ (မျက်နှာချင်းဆိုင်),Kone Padaythar (Opposite),တောင်ဒဂုံ,South Dagon,စည်ပင်လမ်း,Si Pin Road,16.853325,96.223161,"https://www.google.com/maps?q=16.853325,96.223161",YBS / YRTA Official
926,1926,ကျောက်လမ်း (မျက်နှာချင်းဆိုင်),Kyauk Lan (Opposite),တောင်ဒဂုံ,South Dagon,အမှတ်(၂)လမ်းမ,No. 2 Main Road,16.88793,96.237334,"https://www.google.com/maps?q=16.887930,96.237334",YBS / YRTA Official
927,1927,ဂျီအီးစီ (မျက်နှာချင်းဆိုင်),G.E.C (Opposite),တောင်ဒဂုံ,South Dagon,ပြည်ထောင်စုလမ်းမကြီး,Pyi Htaung Su Main Road,16.852091,96.23474,"https://www.google.com/maps?q=16.852091,96.234740",YBS / YRTA Official
928,1928,စီးပွားရေးတက္ကသိုလ် (မျက်နှာချင်းဆိုင်),See Pwar Yay Takke Tho (Opposite),တောင်ဒဂုံ,South Dagon,အမှတ်(၂)လမ်းမ,No. 2 Main Road,16.925682,96.26972,"https://www.google.com/maps?q=16.925682,96.269720",YBS / YRTA Official
929,1929,စက်မှုဇုံ (၂) (မျက်နှာချင်းဆိုင်),Set Hmu Zone Hnit (2) (Opposite),တောင်ဒဂုံ,South Dagon,ပြည်ထောင်စုလမ်းမကြီး,Pyi Htaung Su Main Road,16.834745,96.226721,"https://www.google.com/maps?q=16.834745,96.226721",YBS / YRTA Official
930,1930,စက်မှုဇုံဈေး (မျက်နှာချင်းဆိုင်),Set Hmu Zone Zay (Opposite),တောင်ဒဂုံ,South Dagon,ပြည်ထောင်စုလမ်းမကြီး,Pyi Htaung Su Main Road,16.847746,96.2366,"https://www.google.com/maps?q=16.847746,96.236600",YBS / YRTA Official
931,1931,စစ်တောင်းလမ်းထိပ် (မျက်နှာချင်းဆိုင်),Sittaung Lan Htate (Opposite),တောင်ဒဂုံ,South Dagon,ပြည်ထောင်စုလမ်းမကြီး,Pyi Htaung Su Main Road,16.829485,96.236219,"https://www.google.com/maps?q=16.829485,96.236219",YBS / YRTA Official
932,1932,ဆေးရုံရှေ့ (မျက်နှာချင်းဆိုင်),Say Yon Shae (Opposite),တောင်ဒဂုံ,South Dagon,အမှတ်(၂)လမ်းမ,No. 2 Main Road,16.899822,96.236101,"https://www.google.com/maps?q=16.899822,96.236101",YBS / YRTA Official
933,1933,ဆောက်လုပ်ရေး (မျက်နှာချင်းဆိုင်),Sauk Lote Yae (Opposite),တောင်ဒဂုံ,South Dagon,ပြည်ထောင်စုလမ်းမကြီး,Pyi Htaung Su Main Road,16.826208,96.246132,"https://www.google.com/maps?q=16.826208,96.246132",YBS / YRTA Official
934,1934,ညောင်ပင် (မျက်နှာချင်းဆိုင်),Nyaung Pin (Opposite),တောင်ဒဂုံ,South Dagon,အမှတ်(၂)လမ်းမ,No. 2 Main Road,16.911636,96.252599,"https://www.google.com/maps?q=16.911636,96.252599",YBS / YRTA Official
935,1935,တံတားဖြူ (မျက်နှာချင်းဆိုင်),Tadar Phyu (Opposite),တောင်ဒဂုံ,South Dagon,အမှတ်(၂)လမ်းမ,No. 2 Main Road,16.864134,96.217238,"https://www.google.com/maps?q=16.864134,96.217238",YBS / YRTA Official
936,1936,တောင်/မြောက်လမ်းဆုံ (မျက်နှာချင်းဆိုင်),Taung Myauk Lan Sone (Opposite),တောင်ဒဂုံ,South Dagon,ပြည်ထောင်စုလမ်းမကြီး,Pyi Htaung Su Main Road,16.862374,96.215076,"https://www.google.com/maps?q=16.862374,96.215076",YBS / YRTA Official
937,1937,တစ်ရာ့လေးဆယ် (မျက်နှာချင်းဆိုင်),Tayar-Lay-Sae (140) (Opposite),တောင်ဒဂုံ,South Dagon,အမှတ်(၂)လမ်းမ,No. 2 Main Road,16.917946,96.254278,"https://www.google.com/maps?q=16.917946,96.254278",YBS / YRTA Official
938,1938,ပန်းခြံ (မျက်နှာချင်းဆိုင်),Pan Chan (Opposite),တောင်ဒဂုံ,South Dagon,ပြည်ထောင်စုလမ်းမကြီး,Pyi Htaung Su Main Road,16.848644,96.215772,"https://www.google.com/maps?q=16.848644,96.215772",YBS / YRTA Official
939,1939,ဧရာဝတီလမ်းထိပ် (မျက်နှာချင်းဆိုင်),Ayeyarwaddy Lan Htate (Opposite),တောင်ဒဂုံ,South Dagon,ပြည်ထောင်စုလမ်းမကြီး,Pyi Htaung Su Main Road,16.830997,96.227543,"https://www.google.com/maps?q=16.830997,96.227543",YBS / YRTA Official
940,1940,(၁၄/၁၅) လမ်းဆုံ (မျက်နှာချင်းဆိုင်),(14/15) Lan Sone (Opposite),တောင်ဥက္ကလာပ,South Okkalapa,သုမင်္ဂလာလမ်း,Thu Mingalar Road,16.84591,96.185382,"https://www.google.com/maps?q=16.845910,96.185382",YBS / YRTA Official
941,1941,(၃၁) ဂိတ် (မျက်နှာချင်းဆိုင်),Thone-sae-tit Gate (31 Gate) (Opposite),တောင်ဥက္ကလာပ,South Okkalapa,သံသုမာလမ်း,Thanthumar Road,16.84347,96.187025,"https://www.google.com/maps?q=16.843470,96.187025",YBS / YRTA Official
942,1942,၁၃ လမ်း (မျက်နှာချင်းဆိုင်),13 Lan (Opposite),တောင်ဥက္ကလာပ,South Okkalapa,မေတ္တာလမ်း,Metta Road,16.839066,96.197075,"https://www.google.com/maps?q=16.839066,96.197075",YBS / YRTA Official
943,1943,ကေတုမာလာကွေ့ (မျက်နှာချင်းဆိုင်),Kaytu Marlar Kwae (Opposite),တောင်ဥက္ကလာပ,South Okkalapa,ပါရမီလမ်း,Parami Road,16.848287,96.177549,"https://www.google.com/maps?q=16.848287,96.177549",YBS / YRTA Official
944,1944,ဂန္ဓမာဟိုးဆေး (မျက်နှာချင်းဆိုင်),Gandamar Wholesale (Opposite),တောင်ဥက္ကလာပ,South Okkalapa,ဝေဇယန္တာလမ်း,Waizayanta Road,16.870892,96.167196,"https://www.google.com/maps?q=16.870892,96.167196",YBS / YRTA Official
945,1945,စီမံကိန်း (မျက်နှာချင်းဆိုင်),Se Man Kane (Opposite),တောင်ဥက္ကလာပ,South Okkalapa,သံသုမာလမ်း,Thanthumar Road,16.838189,96.195145,"https://www.google.com/maps?q=16.838189,96.195145",YBS / YRTA Official
946,1946,တောင်ဥက္ကလာစာတိုက် (မျက်နှာချင်းဆိုင်),Taung Okkalar Sar Taik (Opposite),တောင်ဥက္ကလာပ,South Okkalapa,သစ္စာလမ်း,Thitsar Road,16.851254,96.172322,"https://www.google.com/maps?q=16.851254,96.172322",YBS / YRTA Official
947,1947,တောင်ဥက္ကလာပဘုရား (မျက်နှာချင်းဆိုင်),Taung Okkalar Paya (Opposite),တောင်ဥက္ကလာပ,South Okkalapa,သံသုမာလမ်း,Thanthumar Road,16.850253,96.178528,"https://www.google.com/maps?q=16.850253,96.178528",YBS / YRTA Official
948,1948,နန္ဒဝန်ဈေး (မျက်နှာချင်းဆိုင်),Nandawun Zay (Opposite),တောင်ဥက္ကလာပ,South Okkalapa,သုမင်္ဂလာလမ်း,Thu Mingalar Road,16.858407,96.181251,"https://www.google.com/maps?q=16.858407,96.181251",YBS / YRTA Official
949,1949,ပဒေသာ (မျက်နှာချင်းဆိုင်),Padaythar (Opposite),တောင်ဥက္ကလာပ,South Okkalapa,သုမင်္ဂလာလမ်း,Thu Mingalar Road,16.847862,96.17656,"https://www.google.com/maps?q=16.847862,96.176560",YBS / YRTA Official
950,1950,ပါရမီ (မျက်နှာချင်းဆိုင်),Parami (Opposite),တောင်ဥက္ကလာပ,South Okkalapa,ဝေဇယန္တာလမ်း,Waizayanta Road,16.850118,96.16565,"https://www.google.com/maps?q=16.850118,96.165650",YBS / YRTA Official
951,1951,ပင်းယ (မျက်နှာချင်းဆိုင်),Pinya (Opposite),တောင်ဥက္ကလာပ,South Okkalapa,ပါရမီလမ်း,Parami Road,16.862957,96.1709,"https://www.google.com/maps?q=16.862957,96.170900",YBS / YRTA Official
952,1952,ဗဟိုစျေး (မျက်နှာချင်းဆိုင်),Baho Zay (Opposite),တောင်ဥက္ကလာပ,South Okkalapa,ဝေဇယန္တာလမ်း,Waizayanta Road,16.8394,96.169376,"https://www.google.com/maps?q=16.839400,96.169376",YBS / YRTA Official
953,1953,ဘေလီ (မျက်နှာချင်းဆိုင်),Bay Li (Opposite),တောင်ဥက္ကလာပ,South Okkalapa,ပါရမီလမ်း,Parami Road,16.865869,96.176105,"https://www.google.com/maps?q=16.865869,96.176105",YBS / YRTA Official
954,1954,မြင်သာဈေး (မျက်နှာချင်းဆိုင်),Myin Thar Zay (Opposite),တောင်ဥက္ကလာပ,South Okkalapa,သံသုမာလမ်း,Thanthumar Road,16.857441,96.177987,"https://www.google.com/maps?q=16.857441,96.177987",YBS / YRTA Official
955,1955,ဟံသာဝတီလမ်း (မျက်နှာချင်းဆိုင်),Hantharwaddy Road (Opposite),တောင်ဥက္ကလာပ,South Okkalapa,ဝေဇယန္တာလမ်း,Waizayanta Road,16.849706,96.171137,"https://www.google.com/maps?q=16.849706,96.171137",YBS / YRTA Official
956,1956,အင်းဝ (မျက်နှာချင်းဆိုင်),Inwa (Opposite),တောင်ဥက္ကလာပ,South Okkalapa,သုမင်္ဂလာလမ်း,Thu Mingalar Road,16.856205,96.174863,"https://www.google.com/maps?q=16.856205,96.174863",YBS / YRTA Official
957,1957,(၁၆) ဂိတ် (မျက်နှာချင်းဆိုင်),Sae-Chauk Gate (16 Gate) (Opposite),ထောက်ကြန့်,Htaukkyant,ရန်ကုန်-ပြည်လမ်းမကြီး,Yangon-Pyay Main Road,17.115754,96.063517,"https://www.google.com/maps?q=17.115754,96.063517",YBS / YRTA Official
958,1958,(၂) ဂိတ် (မျက်နှာချင်းဆိုင်),Hnit Gate (2 Gate) (Opposite),ထောက်ကြန့်,Htaukkyant,ရန်ကုန်-ပြည်လမ်းမကြီး,Yangon-Pyay Main Road,17.064839,96.111966,"https://www.google.com/maps?q=17.064839,96.111966",YBS / YRTA Official
959,1959,(၈၂) (မျက်နှာချင်းဆိုင်),Shit-Sae-Hnit (82) (Opposite),ထောက်ကြန့်,Htaukkyant,ရန်ကုန်-ပြည်လမ်းမကြီး,Yangon-Pyay Main Road,17.05263,96.120392,"https://www.google.com/maps?q=17.052630,96.120392",YBS / YRTA Official
960,1960,(၉) ဂိတ် (မျက်နှာချင်းဆိုင်),Nine Gate (9 Gate) (Opposite),ထောက်ကြန့်,Htaukkyant,ရန်ကုန်-ပြည်လမ်းမကြီး,Yangon-Pyay Main Road,17.06125,96.125899,"https://www.google.com/maps?q=17.061250,96.125899",YBS / YRTA Official
961,1961,(၉၁) ဂိတ် (မျက်နှာချင်းဆိုင်),Koe-Sae-Tit Gate (91 Gate) (Opposite),ထောက်ကြန့်,Htaukkyant,ရန်ကုန်-ပြည်လမ်းမကြီး,Yangon-Pyay Main Road,17.10695,96.077213,"https://www.google.com/maps?q=17.106950,96.077213",YBS / YRTA Official
962,1962,ကြက်ဖြူကန် (မျက်နှာချင်းဆိုင်),Kyat Phyu Kan (Opposite),ထောက်ကြန့်,Htaukkyant,ရန်ကုန်-ပြည်လမ်းမကြီး,Yangon-Pyay Main Road,17.081369,96.103665,"https://www.google.com/maps?q=17.081369,96.103665",YBS / YRTA Official
963,1963,စမ်းချောင်းပေါက် (မျက်နှာချင်းဆိုင်),San Chaung Pauk (Opposite),ထောက်ကြန့်,Htaukkyant,ရန်ကုန်-ပြည်လမ်းမကြီး,Yangon-Pyay Main Road,17.103321,96.093947,"https://www.google.com/maps?q=17.103321,96.093947",YBS / YRTA Official
964,1964,ထောက်ကြန့်လမ်းဆုံ (မျက်နှာချင်းဆိုင်),Htauk Kyant Lan Sone (Opposite),ထောက်ကြန့်,Htaukkyant,အမှတ်(၂)လမ်းမ,No. 2 Main Road,17.034784,96.138875,"https://www.google.com/maps?q=17.034784,96.138875",YBS / YRTA Official
965,1965,ဗိုလ်သင်တန်း (မျက်နှာချင်းဆိုင်),Bo Thin Tan (Opposite),ထောက်ကြန့်,Htaukkyant,ရန်ကုန်-ပြည်လမ်းမကြီး,Yangon-Pyay Main Road,17.112583,96.073923,"https://www.google.com/maps?q=17.112583,96.073923",YBS / YRTA Official
966,1966,မီးစက် (မျက်နှာချင်းဆိုင်),Mee Sat (Opposite),ထောက်ကြန့်,Htaukkyant,ရန်ကုန်-ပြည်လမ်းမကြီး,Yangon-Pyay Main Road,17.082247,96.102734,"https://www.google.com/maps?q=17.082247,96.102734",YBS / YRTA Official
967,1967,မော်တော်ယာဉ် (မျက်နှာချင်းဆိုင်),Maw Taw Yin (Opposite),ထောက်ကြန့်,Htaukkyant,ရန်ကုန်-ပြည်လမ်းမကြီး,Yangon-Pyay Main Road,17.116209,96.067478,"https://www.google.com/maps?q=17.116209,96.067478",YBS / YRTA Official
968,1968,ရဲဘော်ဈေး (မျက်နှာချင်းဆိုင်),Ye Baw Zay (Opposite),ထောက်ကြန့်,Htaukkyant,ရန်ကုန်-ပြည်လမ်းမကြီး,Yangon-Pyay Main Road,17.092783,96.104094,"https://www.google.com/maps?q=17.092783,96.104094",YBS / YRTA Official
969,1969,လေတပ် (မျက်နှာချင်းဆိုင်),Lay Tat (Opposite),ထောက်ကြန့်,Htaukkyant,ရန်ကုန်-ပြည်လမ်းမကြီး,Yangon-Pyay Main Road,17.103488,96.07212,"https://www.google.com/maps?q=17.103488,96.072120",YBS / YRTA Official
970,1970,ကျောက်တိုင် (မျက်နှာချင်းဆိုင်),Kyauk Taing (Opposite),ဒဂုံ,Dagon,ZOOLOGICAL Garden Road,ZOOLOGICAL Garden Road,16.785745,96.147727,"https://www.google.com/maps?q=16.785745,96.147727",YBS / YRTA Official
971,1971,စိန်ဂျွန်း (မျက်နှာချင်းဆိုင်),Sein Gyun (Opposite),ဒဂုံ,Dagon,ပြည်လမ်း,Pyay Road,16.773007,96.143886,"https://www.google.com/maps?q=16.773007,96.143886",YBS / YRTA Official
972,1972,တောင်ဘက်မုခ် (မျက်နှာချင်းဆိုင်),Taung Phat Moke (Shwedagon South Gate) (Opposite),ဒဂုံ,Dagon,Shwedagon Pagoda Road,Shwedagon Pagoda Road,16.788537,96.16096,"https://www.google.com/maps?q=16.788537,96.160960",YBS / YRTA Official
973,1973,ပဲခူးကလပ် (မျက်နှာချင်းဆိုင်),Bago Kalat (Opposite),ဒဂုံ,Dagon,ပြည်လမ်း,Pyay Road,16.783832,96.132993,"https://www.google.com/maps?q=16.783832,96.132993",YBS / YRTA Official
974,1974,မြောက်ဘက်မုခ် (မျက်နှာချင်းဆိုင်),Myauk Phat Moke (Shwedagon North Gate) (Opposite),ဒဂုံ,Dagon,အာဇာနည်လမ်း,RZarNi Road,16.809614,96.155754,"https://www.google.com/maps?q=16.809614,96.155754",YBS / YRTA Official
975,1975,လေဟာပြင်စျေး (မျက်နှာချင်းဆိုင်),Lay Har Pyin Zay (Opposite),ဒဂုံ,Dagon,Shwedagon Pagoda Road,Shwedagon Pagoda Road,16.781189,96.158965,"https://www.google.com/maps?q=16.781189,96.158965",YBS / YRTA Official
976,1976,ဟယ်(လ်)ပင် (မျက်နှာချင်းဆိုင်),Halpin (Opposite),ဒဂုံ,Dagon,ပြည်လမ်း,Pyay Road,16.783032,96.137041,"https://www.google.com/maps?q=16.783032,96.137041",YBS / YRTA Official
977,1977,အရှေ့ဘက်မုခ် (မျက်နှာချင်းဆိုင်),Ashae Phat Moke (Shwedagon East Gate) (Opposite),ဒဂုံ,Dagon,အာဇာနည်လမ်း,RZarNi Road,16.804857,96.155859,"https://www.google.com/maps?q=16.804857,96.155859",YBS / YRTA Official
978,1978,(၁၁) လမ်း (မျက်နှာချင်းဆိုင်),Sae-Tit Lan (11 Lan) (Opposite),ဒဂုံဆိပ်ကမ်း,Dagon Seikkan,ကျွန်းရွှေဝါလမ်း,Kyun Shwe Wah Road,16.816333,96.271973,"https://www.google.com/maps?q=16.816333,96.271973",YBS / YRTA Official
979,1979,(၈၉) ကွေ့ (မျက်နှာချင်းဆိုင်),Shit-sae-koe Kwae (89 Kwae) (Opposite),ဒဂုံဆိပ်ကမ်း,Dagon Seikkan,Kun At Min Thar Road,Kun At Min Thar Road,16.841406,96.269784,"https://www.google.com/maps?q=16.841406,96.269784",YBS / YRTA Official
980,1980,ကနောင်ကွေ့ (မျက်နှာချင်းဆိုင်),Kanaung Kwae (Opposite),ဒဂုံဆိပ်ကမ်း,Dagon Seikkan,Kanaung Minthargyi Road,Kanaung Minthargyi Road,16.823914,96.271715,"https://www.google.com/maps?q=16.823914,96.271715",YBS / YRTA Official
981,1981,ပိတောက်ကွေ့ (မျက်နှာချင်းဆိုင်),Padauk Kwae (Opposite),ဒဂုံဆိပ်ကမ်း,Dagon Seikkan,ကျွန်းရွှေဝါလမ်း,Kyun Shwe Wah Road,16.833814,96.270245,"https://www.google.com/maps?q=16.833814,96.270245",YBS / YRTA Official
982,1982,မုခ်ဦး (ယုဇနဥယျာဉ်) (မျက်နှာချင်းဆိုင်),Moke Oo Yuzana Garden (Opposite),ဒဂုံဆိပ်ကမ်း,Dagon Seikkan,Bago River Road,Bago River Road,16.83662,96.270994,"https://www.google.com/maps?q=16.836620,96.270994",YBS / YRTA Official
983,1983,မြနန္ဒာ (မျက်နှာချင်းဆိုင်),Mya Nandar (Opposite),ဒဂုံဆိပ်ကမ်း,Dagon Seikkan,Bago River Road,Bago River Road,16.827397,96.250377,"https://www.google.com/maps?q=16.827397,96.250377",YBS / YRTA Official
984,1984,ရတနာလမ်း (မျက်နှာချင်းဆိုင်),Yadanar Lan (Opposite),ဒဂုံဆိပ်ကမ်း,Dagon Seikkan,Bago River Road,Bago River Road,16.832611,96.2409,"https://www.google.com/maps?q=16.832611,96.240900",YBS / YRTA Official
985,1985,ရွှေလီလမ်း (မျက်နှာချင်းဆိုင်),Shwe Li Road (Opposite),ဒဂုံဆိပ်ကမ်း,Dagon Seikkan,Shwe Li Road,Shwe Li Road,16.825501,96.251621,"https://www.google.com/maps?q=16.825501,96.251621",YBS / YRTA Official
986,1986,(၃) ဂိတ်ဟောင်း (မျက်နှာချင်းဆိုင်),Thone Gate Haung (3 Gate) (Opposite),ဒေါပုံ,Dawbon,မြင်တော်သာလမ်း,Myintawthar Road,16.776725,96.187562,"https://www.google.com/maps?q=16.776725,96.187562",YBS / YRTA Official
987,1987,ဓမ္မာရုံ (မျက်နှာချင်းဆိုင်),Dhamar Yon (Opposite),ဒေါပုံ,Dawbon,ယမုံနာလမ်း,Yamonar Road,16.784624,96.199263,"https://www.google.com/maps?q=16.784624,96.199263",YBS / YRTA Official
988,1988,မာန်ပြေ (မျက်နှာချင်းဆိုင်),Man Pyae (Opposite),ဒေါပုံ,Dawbon,ယမုံနာလမ်း,Yamonar Road,16.768726,96.194348,"https://www.google.com/maps?q=16.768726,96.194348",YBS / YRTA Official
989,1989,ရန်ပြေ (မျက်နှာချင်းဆိုင်),Yan Pyay (Opposite),ဒေါပုံ,Dawbon,ယမုံနာလမ်း,Yamonar Road,16.774749,96.1839,"https://www.google.com/maps?q=16.774749,96.183900",YBS / YRTA Official
990,1990,ဝါဆို (မျက်နှာချင်းဆိုင်),Warso (Opposite),ဒေါပုံ,Dawbon,ယမုံနာလမ်း,Yamonar Road,16.78114,96.185029,"https://www.google.com/maps?q=16.781140,96.185029",YBS / YRTA Official
991,1991,သင်္ဘောကျင်း (မျက်နှာချင်းဆိုင်),Thinbaw Kyin (Opposite),ဒေါပုံ,Dawbon,ယမုံနာလမ်း,Yamonar Road,16.776776,96.185478,"https://www.google.com/maps?q=16.776776,96.185478",YBS / YRTA Official
992,1992,(၆) လမ်း (မျက်နှာချင်းဆိုင်),Chauk Lan (6 Lan) (Opposite),ပုဇွန်တောင်,Pazundaung,အထက်ပုဇွန်တောင်လမ်း,Upper Pazundaung Road,16.807042,96.176961,"https://www.google.com/maps?q=16.807042,96.176961",YBS / YRTA Official
993,1993,ဂန္ဓီ (မျက်နှာချင်းဆိုင်),Gandee (Opposite),ပုဇွန်တောင်,Pazundaung,မဟာဗန္ဓုလလမ်း,Mahabandoola Road,16.783333,96.165726,"https://www.google.com/maps?q=16.783333,96.165726",YBS / YRTA Official
994,1994,ညောင်တန်း (မျက်နှာချင်းဆိုင်),Nyaung Tan (Opposite),ပုဇွန်တောင်,Pazundaung,အောက်ပုဇွန်တောင်လမ်း,Lower Pazundaung Road,16.778663,96.175641,"https://www.google.com/maps?q=16.778663,96.175641",YBS / YRTA Official
995,1995,ပုဇွန်တောင်ဈေး (မျက်နှာချင်းဆိုင်),Pazundaung Zay (Opposite),ပုဇွန်တောင်,Pazundaung,အထက်ပုဇွန်တောင်လမ်း,Upper Pazundaung Road,16.789992,96.17563,"https://www.google.com/maps?q=16.789992,96.175630",YBS / YRTA Official
996,1996,ဗိုလ်တထောင်ဈေး (မျက်နှာချင်းဆိုင်),Botahtaung Zay (Opposite),ပုဇွန်တောင်,Pazundaung,ကမ်းနားလမ်း,Strand Road,16.767158,96.17436,"https://www.google.com/maps?q=16.767158,96.174360",YBS / YRTA Official
997,1997,ဘီအိုစီ (မျက်နှာချင်းဆိုင်),B.O.C (Opposite),ပုဇွန်တောင်,Pazundaung,Than Lyet Soon Road,Than Lyet Soon Road,16.771293,96.195966,"https://www.google.com/maps?q=16.771293,96.195966",YBS / YRTA Official
998,1998,လင်းစဒေါင်း (မျက်နှာချင်းဆိုင်),Lin Sadaung (Opposite),ပုဇွန်တောင်,Pazundaung,ကမ်းနားလမ်း,Strand Road,16.764054,96.170666,"https://www.google.com/maps?q=16.764054,96.170666",YBS / YRTA Official
999,1999,သီတာဆိပ် (မျက်နှာချင်းဆိုင်),Thida Seik (Opposite),ပုဇွန်တောင်,Pazundaung,အောက်ပုဇွန်တောင်လမ်း,Lower Pazundaung Road,16.780103,96.17709,"https://www.google.com/maps?q=16.780103,96.177090",YBS / YRTA Official
1000,2000,ကုန်ဈေးတန်း (မျက်နှာချင်းဆိုင်),Kone Zay Tan (Opposite),ပန်းဘဲတန်း,Pabedan,အနော်ရထာလမ်း,Anawrahta Road,16.781711,96.157657,"https://www.google.com/maps?q=16.781711,96.157657",YBS / YRTA Official
1001,2001,ဗိုလ်ချုပ်ဈေး (မျက်နှာချင်းဆိုင်),Bogyoke Zay (Opposite),ပန်းဘဲတန်း,Pabedan,ဗိုလ်ချုပ်အောင်ဆန်းလမ်း,Bogyoke Aung San Road,16.784825,96.159151,"https://www.google.com/maps?q=16.784825,96.159151",YBS / YRTA Official
1002,2002,ရုပ်ရှင်ရုံ (မျက်နှာချင်းဆိုင်),Yoke Shin Yon (Opposite),ပန်းဘဲတန်း,Pabedan,ဆူးလေးဘုရားလမ်း,Sule Pagoda Road,16.774105,96.149623,"https://www.google.com/maps?q=16.774105,96.149623",YBS / YRTA Official
1003,2003,လမ်း (၃၀) (မျက်နှာချင်းဆိုင်),Lan Thone Sae (30 Lan) (Opposite),ပန်းဘဲတန်း,Pabedan,အနော်ရထာလမ်း,Anawrahta Road,16.777884,96.163504,"https://www.google.com/maps?q=16.777884,96.163504",YBS / YRTA Official
1004,2004,သိမ်ကြီးဈေး (မျက်နှာချင်းဆိုင်),Theingyi Zay (Opposite),ပန်းဘဲတန်း,Pabedan,မဟာဗန္ဓုလလမ်း,Mahabandoola Road,16.767999,96.159416,"https://www.google.com/maps?q=16.767999,96.159416",YBS / YRTA Official
1005,2005,(၂) ဂိတ် (မျက်နှာချင်းဆိုင်),Hnit Gate (2 Gate) (Opposite),ဖောင်ကြီး,Hpaunggyi,Hlegu-Phaung Gyi Road,Hlegu-Phaung Gyi Road,17.339075,96.201606,"https://www.google.com/maps?q=17.339075,96.201606",YBS / YRTA Official
1006,2006,စံပြ (မျက်နှာချင်းဆိုင်),San Pya (Opposite),ဖောင်ကြီး,Hpaunggyi,Hlegu-Phaung Gyi Road,Hlegu-Phaung Gyi Road,17.337953,96.202469,"https://www.google.com/maps?q=17.337953,96.202469",YBS / YRTA Official
1007,2007,ဆေးရုံကုန်း (မျက်နှာချင်းဆိုင်),Say Yone Kone (Opposite),ဖောင်ကြီး,Hpaunggyi,Hlegu-Phaung Gyi Road,Hlegu-Phaung Gyi Road,17.31855,96.191335,"https://www.google.com/maps?q=17.318550,96.191335",YBS / YRTA Official
1008,2008,ဖောင်ကြီးတာဆုံ (မျက်နှာချင်းဆိုင်),Phaung Gyi Tar Sone (Opposite),ဖောင်ကြီး,Hpaunggyi,Hlegu-Phaung Gyi Road,Hlegu-Phaung Gyi Road,17.321485,96.175371,"https://www.google.com/maps?q=17.321485,96.175371",YBS / YRTA Official
1009,2009,ဗဟိုဝန်ထမ်းတက္ကသိုလ် (မျက်နှာချင်းဆိုင်),Baho Wun Htan Takke Tho (Opposite),ဖောင်ကြီး,Hpaunggyi,Hlegu-Phaung Gyi Road,Hlegu-Phaung Gyi Road,17.322425,96.181173,"https://www.google.com/maps?q=17.322425,96.181173",YBS / YRTA Official
1010,2010,သမဝါယမကောလိပ် (မျက်နှာချင်းဆိုင်),Thama War Ya Ma College (Opposite),ဖောင်ကြီး,Hpaunggyi,Hlegu-Phaung Gyi Road,Hlegu-Phaung Gyi Road,17.336561,96.209584,"https://www.google.com/maps?q=17.336561,96.209584",YBS / YRTA Official
1011,2011,(၅) ထပ်ကြီး (မျက်နှာချင်းဆိုင်),Ngar Htat Kyee (5 Htat Kyee) (Opposite),ဗဟန်း,Bahan,East Shwe Gon Daing Road,East Shwe Gon Daing Road,16.810809,96.173102,"https://www.google.com/maps?q=16.810809,96.173102",YBS / YRTA Official
1012,2012,(၆) ထပ်ကြီး (မျက်နှာချင်းဆိုင်),Chauk Htat Kyee (6 Htat Kyee) (Opposite),ဗဟန်း,Bahan,East Shwe Gon Daing Road,East Shwe Gon Daing Road,16.812068,96.16053,"https://www.google.com/maps?q=16.812068,96.160530",YBS / YRTA Official
1013,2013,ကုက္ကိုင်း (မျက်နှာချင်းဆိုင်),Koke Kine (Opposite),ဗဟန်း,Bahan,တက္ကသိုလ်ရိပ်သာလမ်း,University Avenue Road,16.828625,96.146865,"https://www.google.com/maps?q=16.828625,96.146865",YBS / YRTA Official
1014,2014,ကုက္ကိုင်း / ကျောင်းရှေ့ (မျက်နှာချင်းဆိုင်),Kokkaing/ Kyaung Shae (Opposite),ဗဟန်း,Bahan,ကမ္ဘာအေးဘုရားလမ်း,Kabar Aye Pagoda Road,16.817803,96.160916,"https://www.google.com/maps?q=16.817803,96.160916",YBS / YRTA Official
1015,2015,စက်မှု(၁)/မြန်မာပလာဇာ (မျက်နှာချင်းဆိုင်),Set Hmu Tit/Myanmar Plaza (Opposite),ဗဟန်း,Bahan,ကမ္ဘာအေးဘုရားလမ်း,Kabar Aye Pagoda Road,16.834257,96.151091,"https://www.google.com/maps?q=16.834257,96.151091",YBS / YRTA Official
1016,2016,နတ်မောက်ကျောင်းရှေ့ (မျက်နှာချင်းဆိုင်),Nat Mauk Kyaung Shae (Opposite),ဗဟန်း,Bahan,နတ်မောက်လမ်း,Nat Mauk Road,16.792811,96.163712,"https://www.google.com/maps?q=16.792811,96.163712",YBS / YRTA Official
1017,2017,နှင်းဆီကုန်းရိပ်သာ (မျက်နှာချင်းဆိုင်),Hnin Si Kone Yate Thar (Opposite),ဗဟန်း,Bahan,ကမ္ဘာအေးဘုရားလမ်း,Kabar Aye Pagoda Road,16.818141,96.160801,"https://www.google.com/maps?q=16.818141,96.160801",YBS / YRTA Official
1018,2018,ဖိုးစိန်လမ်း (မျက်နှာချင်းဆိုင်),Phoe Sein Lan (Opposite),ဗဟန်း,Bahan,နတ်မောက်လမ်း,Nat Mauk Road,16.808044,96.165377,"https://www.google.com/maps?q=16.808044,96.165377",YBS / YRTA Official
1019,2019,ဗဟန်းသုံးလမ်း (မျက်နှာချင်းဆိုင်),Bahan Thone Lan (Opposite),ဗဟန်း,Bahan,Bahan Road,Bahan Road,16.806534,96.156952,"https://www.google.com/maps?q=16.806534,96.156952",YBS / YRTA Official
1020,2020,ရွှေဂုံတိုင် (မျက်နှာချင်းဆိုင်),Shwe Gon Daing (Opposite),ဗဟန်း,Bahan,West Shwe Gon Daing Road,West Shwe Gon Daing Road,16.805281,96.162909,"https://www.google.com/maps?q=16.805281,96.162909",YBS / YRTA Official
1021,2021,ဝိဇယပလာဇာ (မျက်နှာချင်းဆိုင်),Wizaya Plaza (Opposite),ဗဟန်း,Bahan,ဓမ္မစေတီလမ်း,Dhamazedi Road,16.805586,96.149357,"https://www.google.com/maps?q=16.805586,96.149357",YBS / YRTA Official
1022,2022,သံလွင် (မျက်နှာချင်းဆိုင်),Thanlwin (Opposite),ဗဟန်း,Bahan,တက္ကသိုလ်ရိပ်သာလမ်း,University Avenue Road,16.82877,96.136718,"https://www.google.com/maps?q=16.828770,96.136718",YBS / YRTA Official
1023,2023,အထက (၁) ဗဟန်း (မျက်နှာချင်းဆိုင်),Ah Hta Ka Tit Bahan (No. 1 High School) (Opposite),ဗဟန်း,Bahan,ဓမ္မစေတီလမ်း,Dhamazedi Road,16.809341,96.157939,"https://www.google.com/maps?q=16.809341,96.157939",YBS / YRTA Official
1024,2024,(၅၀) ကွေ့ (မျက်နှာချင်းဆိုင်),Ngar-sae Kwae (50 Kwae) (Opposite),ဗိုလ်တထောင်,Botahtaung,Botahtaung Pagoda Road,Botahtaung Pagoda Road,16.775341,96.16899,"https://www.google.com/maps?q=16.775341,96.168990",YBS / YRTA Official
1025,2025,ကြယ်ငါးပွင့် (မျက်နှာချင်းဆိုင်),Kyel Ngar Pwint (Opposite),ဗိုလ်တထောင်,Botahtaung,သိမ်ဖြူလမ်း,Thein Phyu Road,16.76399,96.170202,"https://www.google.com/maps?q=16.763990,96.170202",YBS / YRTA Official
1026,2026,စိန်ပေါ(လ်) (မျက်နှာချင်းဆိုင်),Sein Paul (Opposite),ဗိုလ်တထောင်,Botahtaung,သိမ်ဖြူလမ်း,Thein Phyu Road,16.773575,96.169253,"https://www.google.com/maps?q=16.773575,96.169253",YBS / YRTA Official
1027,2027,အိုးရှင်း (မျက်နှာချင်းဆိုင်),Ocean (Botahtaung) (Opposite),ဗိုလ်တထောင်,Botahtaung,မဟာဗန္ဓုလလမ်း,Mahabandoola Road,16.772239,96.18118,"https://www.google.com/maps?q=16.772239,96.181180",YBS / YRTA Official
1028,2028,(၆) မိုင်ခွဲ (မျက်နှာချင်းဆိုင်),Chauk Mile Khawe (6 Mile) (Opposite),မရမ်းကုန်း,Mayangone,ပြည်လမ်း,Pyay Road,16.841357,96.126686,"https://www.google.com/maps?q=16.841357,96.126686",YBS / YRTA Official
1029,2029,(၇) မိုင် (မျက်နှာချင်းဆိုင်),Khun-hnat Mile (7 Mile) (Opposite),မရမ်းကုန်း,Mayangone,ပြည်လမ်း,Pyay Road,16.863432,96.138426,"https://www.google.com/maps?q=16.863432,96.138426",YBS / YRTA Official
1030,2030,(၈) မိုင် (မျက်နှာချင်းဆိုင်),Shit Mile (8 Mile) (Opposite),မရမ်းကုန်း,Mayangone,ပြည်လမ်း,Pyay Road,16.877438,96.137242,"https://www.google.com/maps?q=16.877438,96.137242",YBS / YRTA Official
1031,2031,(၉) မိုင် (မျက်နှာချင်းဆိုင်),Koe Mile (9 Mile) (Opposite),မရမ်းကုန်း,Mayangone,ပြည်လမ်း,Pyay Road,16.89012,96.145218,"https://www.google.com/maps?q=16.890120,96.145218",YBS / YRTA Official
1032,2032,ကမ္ဘာအေးဘုရားလမ်း (မျက်နှာချင်းဆိုင်),Kabar Aye Paya (Opposite),မရမ်းကုန်း,Mayangone,ကမ္ဘာအေးဘုရားလမ်း,Kabar Aye Pagoda Road,16.848374,96.159403,"https://www.google.com/maps?q=16.848374,96.159403",YBS / YRTA Official
1033,2033,ကျိုက်ဝိုင်း (မျက်နှာချင်းဆိုင်),Kyaik Wine (Opposite),မရမ်းကုန်း,Mayangone,ကျိုက်ဝိုင်းဘုရားလမ်း,Kyaik Wine Pagoda Road,16.863802,96.134691,"https://www.google.com/maps?q=16.863802,96.134691",YBS / YRTA Official
1034,2034,ချော်တွင်းကုန်း (မျက်နှာချင်းဆိုင်),Chaw Twin Kone (Opposite),မရမ်းကုန်း,Mayangone,ကမ္ဘာအေးဘုရားလမ်း,Kabar Aye Pagoda Road,16.852555,96.166356,"https://www.google.com/maps?q=16.852555,96.166356",YBS / YRTA Official
1035,2035,ဘုရင့်နောင်လမ်းဆုံ (မျက်နှာချင်းဆိုင်),Bayint Naung Lan Sone (Opposite),မရမ်းကုန်း,Mayangone,ဘုရင့်နောင်လမ်း,Bayint Naung Road,16.849828,96.110808,"https://www.google.com/maps?q=16.849828,96.110808",YBS / YRTA Official
1036,2036,မြိုင်ဟေဝန်ပန်းခြံ (မျက်နှာချင်းဆိုင်),Myaing Hay Wun (Opposite),မရမ်းကုန်း,Mayangone,ကမ္ဘာအေးဘုရားလမ်း,Kabar Aye Pagoda Road,16.872214,96.134233,"https://www.google.com/maps?q=16.872214,96.134233",YBS / YRTA Official
1037,2037,သမိုင်းလမ်းဆုံ (မျက်နှာချင်းဆိုင်),Thamine Lan Son (Opposite),မရမ်းကုန်း,Mayangone,ရန်ကုန်-အင်းစိန်လမ်း,Yangon-Insein Road,16.854926,96.126851,"https://www.google.com/maps?q=16.854926,96.126851",YBS / YRTA Official
1038,2038,မင်္ဂလာဈေး (မျက်နှာချင်းဆိုင်),Mingalar Zay (Opposite),မင်္ဂလာတောင်ညွန့်,Mingalar Taung Nyunt,Mill Road,Mill Road,16.7891,96.172338,"https://www.google.com/maps?q=16.789100,96.172338",YBS / YRTA Official
1039,2039,ယုဇနပလာဇာ / လမ်းကျယ် (မျက်နှာချင်းဆိုင်),Yuzana Plaza/ Lan Kyal (Opposite),မင်္ဂလာတောင်ညွန့်,Mingalar Taung Nyunt,ဗညားဒလလမ်း,Banyardala Road,16.795587,96.17778,"https://www.google.com/maps?q=16.795587,96.177780",YBS / YRTA Official
1040,2040,ရန်ကုန်ဘူတာကြီး (မျက်နှာချင်းဆိုင်),Yangon Central Railway Station (Opposite),မင်္ဂလာတောင်ညွန့်,Mingalar Taung Nyunt,Upper Pansodan Road,Upper Pansodan Road,16.788462,96.171,"https://www.google.com/maps?q=16.788462,96.171000",YBS / YRTA Official
1041,2041,သိမ်ဖြူဈေး (မျက်နှာချင်းဆိုင်),Thein Phyu Zay (Opposite),မင်္ဂလာတောင်ညွန့်,Mingalar Taung Nyunt,သိမ်ဖြူလမ်း,Thein Phyu Road,16.782009,96.172781,"https://www.google.com/maps?q=16.782009,96.172781",YBS / YRTA Official
1042,2042,အောင်မင်္ဂလာ (မျက်နှာချင်းဆိုင်),Aung Mingalar (Opposite),မင်္ဂလာတောင်ညွန့်,Mingalar Taung Nyunt,ဗညားဒလလမ်း,Banyardala Road,16.797787,96.177213,"https://www.google.com/maps?q=16.797787,96.177213",YBS / YRTA Official
1043,2043,ခရေပင်လမ်းခွဲ (မျက်နှာချင်းဆိုင်),Khayae Pin Lan Khawe (Opposite),မင်္ဂလာဒုံ,Mingaladon,အမှတ်(၁)လမ်းမ,No. 1 Main Road,16.925264,96.134697,"https://www.google.com/maps?q=16.925264,96.134697",YBS / YRTA Official
1044,2044,ကုန်းထိပ် (မျက်နှာချင်းဆိုင်),Kone Htate (Opposite),မင်္ဂလာဒုံ,Mingaladon,အမှတ်(၁)လမ်းမ,No. 1 Main Road,16.999633,96.121308,"https://www.google.com/maps?q=16.999633,96.121308",YBS / YRTA Official
1045,2045,ကျိုက်ကလို့ (မျက်နှာချင်းဆိုင်),Kyaikkalot (Opposite),မင်္ဂလာဒုံ,Mingaladon,အမှတ်(၁)လမ်းမ,No. 1 Main Road,16.955842,96.127019,"https://www.google.com/maps?q=16.955842,96.127019",YBS / YRTA Official
1046,2046,မင်္ဂလာဒုံဈေး (မျက်နှာချင်းဆိုင်),Mingalardon Zay (Opposite),မင်္ဂလာဒုံ,Mingaladon,အမှတ်(၁)လမ်းမ,No. 1 Main Road,16.931853,96.131623,"https://www.google.com/maps?q=16.931853,96.131623",YBS / YRTA Official
1047,2047,ရန်ကုန်လေဆိပ် တာမီနယ် (၁) (မျက်နှာချင်းဆိုင်),Yangon Intl. Airport Terminal 1 (Opposite),မင်္ဂလာဒုံ,Mingaladon,Yangon Airport Road,Yangon Airport Road,16.898007,96.131434,"https://www.google.com/maps?q=16.898007,96.131434",YBS / YRTA Official
1048,2048,ပုလဲလမ်းဆုံ (မျက်နှာချင်းဆိုင်),Palae Lan Sone (Opposite),မင်္ဂလာဒုံ,Mingaladon,အမှတ်(၃)လမ်းမ,No. 3 Main Road,16.980778,96.157038,"https://www.google.com/maps?q=16.980778,96.157038",YBS / YRTA Official
1049,2049,ဒဂုံတက္ကသိုလ် (မျက်နှာချင်းဆိုင်),Dagon University (Opposite),မြောက်ဒဂုံ,North Dagon,Dagon University,Dagon University,16.908762,96.219743,"https://www.google.com/maps?q=16.908762,96.219743",YBS / YRTA Official
1050,2050,(၃၅) ကွေ့ (မျက်နှာချင်းဆိုင်),Thone-sae-ngar Kwae (35 Kwae) (Opposite),မြောက်ဒဂုံ,North Dagon,ပင်လုံလမ်း,Pin Lon Road,16.867915,96.179455,"https://www.google.com/maps?q=16.867915,96.179455",YBS / YRTA Official
1051,2051,(၄၄) လမ်းဆုံ (မျက်နှာချင်းဆိုင်),Lay-sae-lay Lan Sone (44 Lan Sone) (Opposite),မြောက်ဒဂုံ,North Dagon,ဗိုလ်မှူးဗထူးလမ်း,Bo Hmu Ba Htoo Road,16.899647,96.180047,"https://www.google.com/maps?q=16.899647,96.180047",YBS / YRTA Official
1052,2052,ဗထူးဈေး (မျက်နှာချင်းဆိုင်),Ba Htoo Zay (Opposite),မြောက်ဒဂုံ,North Dagon,ဗိုလ်မှူးဗထူးလမ်း,Bo Hmu Ba Htoo Road,16.903614,96.185955,"https://www.google.com/maps?q=16.903614,96.185955",YBS / YRTA Official
1053,2053,ပင်လုံဆေးရုံ (မျက်နှာချင်းဆိုင်),Pinlon Hospital (Opposite),မြောက်ဒဂုံ,North Dagon,ပင်လုံလမ်း,Pin Lon Road,16.847756,96.198639,"https://www.google.com/maps?q=16.847756,96.198639",YBS / YRTA Official
1054,2054,မန္တလေးလမ်း (မျက်နှာချင်းဆိုင်),Mandalay Lan (Opposite),မြောက်ဒဂုံ,North Dagon,ပင်လုံလမ်း,Pin Lon Road,16.88131,96.19526,"https://www.google.com/maps?q=16.881310,96.195260",YBS / YRTA Official
1055,2055,(၂) ဈေး (မျက်နှာချင်းဆိုင်),Hnit Zay (2 Zay) (Opposite),မြောက်ဥက္ကလာပ,North Okkalapa,သုဓမ္မာလမ်း,Thudhamar Road,16.875671,96.14738,"https://www.google.com/maps?q=16.875671,96.147380",YBS / YRTA Official
1056,2056,(၆) ကွေ့ (မျက်နှာချင်းဆိုင်),Chauk Kwae (6 Kwae) (Opposite),မြောက်ဥက္ကလာပ,North Okkalapa,သုဓမ္မာလမ်း,Thudhamar Road,16.919934,96.1707,"https://www.google.com/maps?q=16.919934,96.170700",YBS / YRTA Official
1057,2057,(ဃ) ဈေး (မျက်နှာချင်းဆိုင်),Ga-gyi Zay (Opposite),မြောက်ဥက္ကလာပ,North Okkalapa,သုဓမ္မာလမ်း,Thudhamar Road,16.903479,96.16367,"https://www.google.com/maps?q=16.903479,96.163670",YBS / YRTA Official
1058,2058,(ဈ) ဈေး (မျက်နှာချင်းဆိုင်),Za-myin-zwe Zay (Opposite),မြောက်ဥက္ကလာပ,North Okkalapa,ခေမာသီလမ်း,Khaymarthi Road,16.92026,96.16455,"https://www.google.com/maps?q=16.920260,96.164550",YBS / YRTA Official
1059,2059,မြောက်ဥက္ကလာ အဝိုင်း (မျက်နှာချင်းဆိုင်),Myauk Okkalar Awine (Opposite),မြောက်ဥက္ကလာပ,North Okkalapa,သုဓမ္မာလမ်း,Thudhamar Road,16.898614,96.155236,"https://www.google.com/maps?q=16.898614,96.155236",YBS / YRTA Official
1060,2060,အောင်မင်္ဂလာ အဝေးပြေး (မျက်နှာချင်းဆိုင်),Aung Mingalar A Way Pyay (Opposite),မြောက်ဥက္ကလာပ,North Okkalapa,သုဓမ္မာလမ်း,Thudhamar Road,16.918934,96.150098,"https://www.google.com/maps?q=16.918934,96.150098",YBS / YRTA Official
1061,2061,မဲလမုဘုရား (မျက်နှာချင်းဆိုင်),Melamu Pagoda (Opposite),မြောက်ဥက္ကလာပ,North Okkalapa,သုဓမ္မာလမ်း,Thudhamar Road,16.879778,96.173807,"https://www.google.com/maps?q=16.879778,96.173807",YBS / YRTA Official
1062,2062,မှော်ဘီဈေး (မျက်နှာချင်းဆိုင်),Hmaw Bi Zay (Opposite),မှော်ဘီ,Hmawbi,ရန်ကုန်-ပြည်လမ်းမကြီး,Yangon-Pyay Main Road,17.091459,96.043752,"https://www.google.com/maps?q=17.091459,96.043752",YBS / YRTA Official
1063,2063,ဂျီတီစီဆိုက်သစ် (မျက်နှာချင်းဆိုင်),G.T.C Site Thit (Opposite),မှော်ဘီ,Hmawbi,ရန်ကုန်-ပြည်လမ်းမကြီး,Yangon-Pyay Main Road,17.121805,96.012712,"https://www.google.com/maps?q=17.121805,96.012712",YBS / YRTA Official
1064,2064,ဂျပန်ဆိုက် (မျက်နှာချင်းဆိုင်),Japan Site (Opposite),မှော်ဘီ,Hmawbi,ရန်ကုန်-ပြည်လမ်းမကြီး,Yangon-Pyay Main Road,17.141454,96.002038,"https://www.google.com/maps?q=17.141454,96.002038",YBS / YRTA Official
1065,2065,ထန်းတပင်တာဆုံ (မျက်နှာချင်းဆိုင်),Htan Ta Pin Tar Sone (Opposite),မှော်ဘီ,Hmawbi,ရန်ကုန်-ပြည်လမ်းမကြီး,Yangon-Pyay Main Road,17.089714,96.031605,"https://www.google.com/maps?q=17.089714,96.031605",YBS / YRTA Official
1066,2066,ကျောက်ကုန်း (မျက်နှာချင်းဆိုင်),Kyauk Kone (Opposite),ရန်ကင်း,Yankin,Moe Kaung Road,Moe Kaung Road,16.841223,96.174079,"https://www.google.com/maps?q=16.841223,96.174079",YBS / YRTA Official
1067,2067,ရန်ကင်းဈေး (မျက်နှာချင်းဆိုင်),Yankin Zay (Opposite),ရန်ကင်း,Yankin,Yanshin Street,Yanshin Street,16.829336,96.164597,"https://www.google.com/maps?q=16.829336,96.164597",YBS / YRTA Official
1068,2068,မိုးကောင်း (မျက်နှာချင်းဆိုင်),Moe Kaung (Opposite),ရန်ကင်း,Yankin,Kanbe Road,Kanbe Road,16.844222,96.157639,"https://www.google.com/maps?q=16.844222,96.157639",YBS / YRTA Official
1069,2069,ရန်ကင်းစာတိုက် (မျက်နှာချင်းဆိုင်),Yankin Sar Taik (Opposite),ရန်ကင်း,Yankin,Yankin Road,Yankin Road,16.844136,96.165575,"https://www.google.com/maps?q=16.844136,96.165575",YBS / YRTA Official
1070,2070,ရွှေပြည်သာကွေ့ (မျက်နှာချင်းဆိုင်),Shwe Pyi Thar Kwae (Opposite),ရွှေပြည်သာ,Shwepyitha,အမှတ်(၄)လမ်းမ,No. 4 Main Road,16.960084,96.100618,"https://www.google.com/maps?q=16.960084,96.100618",YBS / YRTA Official
1071,2071,ဒဂုံဧရာ (မျက်နှာချင်းဆိုင်),Dagon Ayeyar (Shwepyitha) (Opposite),ရွှေပြည်သာ,Shwepyitha,လှော်ကားလမ်း,Hlawga Road,16.846483,96.243774,"https://www.google.com/maps?q=16.846483,96.243774",YBS / YRTA Official
1072,2072,ကွန်ပျူတာတက္ကသိုလ် (မျက်နှာချင်းဆိုင်),Computer University (Yangon) (Opposite),ရွှေပြည်သာ,Shwepyitha,အမှတ်(၄)လမ်းမ,No. 4 Main Road,17.004339,96.091273,"https://www.google.com/maps?q=17.004339,96.091273",YBS / YRTA Official
1073,2073,နဝရတ် (မျက်နှာချင်းဆိုင်),Nawarat (Opposite),ရွှေပြည်သာ,Shwepyitha,ဘုရင့်နောင်လမ်း,Bayint Naung Road,16.966219,96.085301,"https://www.google.com/maps?q=16.966219,96.085301",YBS / YRTA Official
1074,2074,သာဓုကန် (မျက်နှာချင်းဆိုင်),Thardukan (Opposite),ရွှေပြည်သာ,Shwepyitha,အမှတ်(၄)လမ်းမ,No. 4 Main Road,16.982445,96.101405,"https://www.google.com/maps?q=16.982445,96.101405",YBS / YRTA Official
1075,2075,ဆေးရုံကြီး (မျက်နှာချင်းဆိုင်),Say Yon Gyi (Yangon General Hospital) (Opposite),လသာ,Latha,ဗိုလ်ချုပ်အောင်ဆန်းလမ်း,Bogyoke Aung San Road,16.770633,96.143046,"https://www.google.com/maps?q=16.770633,96.143046",YBS / YRTA Official
1076,2076,ညောင်ပင်လေးဈေး (မျက်နှာချင်းဆိုင်),Nyaung Pin Lay Zay (Opposite),လသာ,Latha,ကမ်းနားလမ်း,Strand Road,16.765665,96.139502,"https://www.google.com/maps?q=16.765665,96.139502",YBS / YRTA Official
1077,2077,လသာ (မျက်နှာချင်းဆိုင်),Latha (Strand) (Opposite),လသာ,Latha,ကမ်းနားလမ်း,Strand Road,16.768567,96.155607,"https://www.google.com/maps?q=16.768567,96.155607",YBS / YRTA Official
1078,2078,စံပြ (မျက်နှာချင်းဆိုင်),Sanpya (Opposite),လမ်းမတော်,Lanmadaw,Phone Gyi Road,Phone Gyi Road,16.775567,96.153753,"https://www.google.com/maps?q=16.775567,96.153753",YBS / YRTA Official
1079,2079,ဗဟိုစည် / မော်တင် (မျက်နှာချင်းဆိုင်),Bahosi/ Mawtin (Opposite),လမ်းမတော်,Lanmadaw,ဗိုလ်ချုပ်အောင်ဆန်းလမ်း,Bogyoke Aung San Road,16.787917,96.146934,"https://www.google.com/maps?q=16.787917,96.146934",YBS / YRTA Official
1080,2080,မော်တင် (မျက်နှာချင်းဆိုင်),Maw Tin (Opposite),လမ်းမတော်,Lanmadaw,မဟာဗန္ဓုလလမ်း,Mahabandoola Road,16.769874,96.14504,"https://www.google.com/maps?q=16.769874,96.145040",YBS / YRTA Official
1081,2081,ပါရမီလမ်းဆုံ (မျက်နှာချင်းဆိုင်),Parami Junction (Opposite),လှိုင်,Hlaing,ပြည်လမ်း,Pyay Road,16.848947,96.129084,"https://www.google.com/maps?q=16.848947,96.129084",YBS / YRTA Official
1082,2082,သီရိမင်္ဂလာဈေးသစ် (မျက်နှာချင်းဆိုင်),Thiri Mingalar Market (Opposite),လှိုင်,Hlaing,ဘုရင့်နောင်လမ်း,Bayint Naung Road,16.839659,96.112969,"https://www.google.com/maps?q=16.839659,96.112969",YBS / YRTA Official
1083,2083,သုခ (မျက်နှာချင်းဆိုင်),Thukha (Opposite),လှိုင်,Hlaing,ရန်ကုန်-အင်းစိန်လမ်း,Yangon-Insein Road,16.840521,96.12039,"https://www.google.com/maps?q=16.840521,96.120390",YBS / YRTA Official
1084,2084,အေဒီ (မျက်နှာချင်းဆိုင်),A.D (Opposite),လှိုင်,Hlaing,ပြည်လမ်း,Pyay Road,16.861903,96.133643,"https://www.google.com/maps?q=16.861903,96.133643",YBS / YRTA Official
1085,2085,အုတ်ကျင်း (မျက်နှာချင်းဆိုင်),Oakyin (Opposite),လှိုင်,Hlaing,ရန်ကုန်-အင်းစိန်လမ်း,Yangon-Insein Road,16.858091,96.12833,"https://www.google.com/maps?q=16.858091,96.128330",YBS / YRTA Official
1086,2086,ဒဂုံဧရာ အဝေးပြေး (မျက်နှာချင်းဆိုင်),Dagon Ayeyar Highway (Opposite),လှိုင်သာယာ,Hlaingtharyar,အမှတ်(၅)လမ်းမ,No. 5 Main Road,16.880151,96.030954,"https://www.google.com/maps?q=16.880151,96.030954",YBS / YRTA Official
1087,2087,နဝဒေးအိမ်ရာ (မျက်နှာချင်းဆိုင်),Nawaday Housing (Opposite),လှိုင်သာယာ,Hlaingtharyar,အမှတ်(၅)လမ်းမ,No. 5 Main Road,16.862663,96.07486,"https://www.google.com/maps?q=16.862663,96.074860",YBS / YRTA Official
1088,2088,နည်းပညာတက္ကသိုလ် (မျက်နှာချင်းဆိုင်),University of Technology (West Yangon) (Opposite),လှိုင်သာယာ,Hlaingtharyar,University of Technology,University of Technology,16.858491,96.002336,"https://www.google.com/maps?q=16.858491,96.002336",YBS / YRTA Official
1089,2089,လှိုင်သာယာ စီးတီးမတ် (မျက်နှာချင်းဆိုင်),Hlaing Tharyar City Mart (Opposite),လှိုင်သာယာ,Hlaingtharyar,Yangon-Pathein Rd,Yangon-Pathein Rd,16.855829,96.066535,"https://www.google.com/maps?q=16.855829,96.066535",YBS / YRTA Official
1090,2090,ဗိုလ်ချုပ် (မျက်နှာချင်းဆိုင်),Bogyoke (Opposite),လှိုင်သာယာ,Hlaingtharyar,အမှတ်(၅)လမ်းမ,No. 5 Main Road,16.861354,96.082946,"https://www.google.com/maps?q=16.861354,96.082946",YBS / YRTA Official
1091,2091,လှည်းကူးဈေး (မျက်နှာချင်းဆိုင်),Hlegu Zay (Opposite),လှည်းကူး,Hlegu,အမှတ်(၁)လမ်းမ,No. 1 Main Road,17.095163,96.221817,"https://www.google.com/maps?q=17.095163,96.221817",YBS / YRTA Official
1092,2092,လှည်းကူးတာဆုံ (မျက်နှာချင်းဆိုင်),Hlegu Tar Sone (Opposite),လှည်းကူး,Hlegu,Hlegu-Phaung Gyi Road,Hlegu-Phaung Gyi Road,17.099768,96.228442,"https://www.google.com/maps?q=17.099768,96.228442",YBS / YRTA Official
1093,2093,ရတနာမြေ (မျက်နှာချင်းဆိုင်),Yadanar Myay (Opposite),လှည်းကူး,Hlegu,အမှတ်(၁)လမ်းမ,No. 1 Main Road,17.073998,96.193252,"https://www.google.com/maps?q=17.073998,96.193252",YBS / YRTA Official
1094,2094,သာကေတအဝိုင်း (မျက်နှာချင်းဆိုင်),Thaketa Roundabout (Awine) (Opposite),သာကေတ,Thaketa,ဧရာဝဏ်လမ်းမကြီး,Ayar Wun Main Road,16.805774,96.222366,"https://www.google.com/maps?q=16.805774,96.222366",YBS / YRTA Official
1095,2095,သန်လျင်တံတား ချဉ်းကပ်လမ်း (မျက်နှာချင်းဆိုင်),Thanlyin Bridge (Chin Kat Lan) (Opposite),သာကေတ,Thaketa,Thalyin Thada Chin Kat Road,Thalyin Thada Chin Kat Road,16.810131,96.214915,"https://www.google.com/maps?q=16.810131,96.214915",YBS / YRTA Official
1096,2096,ရှုခင်းသာမြို့ပတ်လမ်း (မျက်နှာချင်းဆိုင်),Shukinthar Myo Pat Road (Opposite),သာကေတ,Thaketa,ရှူ့ခင်းသာမြို့ပတ်လမ်း,Shukinthar Myo Pat Road,16.784702,96.210787,"https://www.google.com/maps?q=16.784702,96.210787",YBS / YRTA Official
1097,2097,(၃) ဈေး (မျက်နှာချင်းဆိုင်),Thone Zay (3 Zay) (Opposite),သာကေတ,Thaketa,မြင်တော်သာလမ်း,Myintawthar Road,16.780313,96.196919,"https://www.google.com/maps?q=16.780313,96.196919",YBS / YRTA Official
1098,2098,ကျောက်တိုင် (မျက်နှာချင်းဆိုင်),Kyauk Taing (Thaketa) (Opposite),သာကေတ,Thaketa,ဧရာဝဏ်လမ်းမကြီး,Ayar Wun Main Road,16.798322,96.198278,"https://www.google.com/maps?q=16.798322,96.198278",YBS / YRTA Official
1099,2099,တိုင်းရင်းသားကျေးရွာ (အာဆီယံ) (မျက်နှာချင်းဆိုင်),National Races Village (Asean) (Opposite),သာကေတ,Thaketa,National Races Village,National Races Village,16.803144,96.236944,"https://www.google.com/maps?q=16.803144,96.236944",YBS / YRTA Official
1100,2100,စံပြဈေး / ငမိုးရိပ် (မျက်နှာချင်းဆိုင်),Sanpya Zay/ Nga Moe Yeik (Opposite),သင်္ဃန်းကျွန်း,Thingangyun,သံသုမာလမ်း,Thanthumar Road,16.847892,96.211269,"https://www.google.com/maps?q=16.847892,96.211269",YBS / YRTA Official
1101,2101,ဇဝန (မျက်နှာချင်းဆိုင်),Zawana (Opposite),သင်္ဃန်းကျွန်း,Thingangyun,လေးထောင့်ကန်လမ်း,Lay Daung Kan Road,16.837269,96.180567,"https://www.google.com/maps?q=16.837269,96.180567",YBS / YRTA Official
1102,2102,သုဝဏ္ဏဘောလုံးကွင်း (မျက်နှာချင်းဆိုင်),Thuwunna Stadium (Opposite),သင်္ဃန်းကျွန်း,Thingangyun,ဝေဇယန္တာလမ်း,Waizayanta Road,16.817444,96.185631,"https://www.google.com/maps?q=16.817444,96.185631",YBS / YRTA Official
1103,2103,သုဝဏ္ဏလမ်းဆုံ (မျက်နှာချင်းဆိုင်),Thuwunna Lan Sone (Opposite),သင်္ဃန်းကျွန်း,Thingangyun,သံသုမာလမ်း,Thanthumar Road,16.81122,96.1902,"https://www.google.com/maps?q=16.811220,96.190200",YBS / YRTA Official
1104,2104,ကျိုက္ကဆံဘုရား (မျက်နှာချင်းဆိုင်),Kyaikkasan Paya (Opposite),သင်္ဃန်းကျွန်း,Thingangyun,ရတနာလမ်း,Yadanar Road,16.833036,96.183118,"https://www.google.com/maps?q=16.833036,96.183118",YBS / YRTA Official
1105,2105,ပြည်သာယာ (မျက်နှာချင်းဆိုင်),Pyithaya (Opposite),သင်္ဃန်းကျွန်း,Thingangyun,Pyithaya Street,Pyithaya Street,16.821235,96.175311,"https://www.google.com/maps?q=16.821235,96.175311",YBS / YRTA Official
1106,2106,ကျိုက်ခေါက်ဘုရား (မျက်နှာချင်းဆိုင်),Kyaik Khauk Pagoda (Opposite),သန်လျင်,Thanlyin,ကျိုက်ခေါက်ဘုရားလမ်း,Kyaik Khauk Pagoda Road,16.72733,96.271724,"https://www.google.com/maps?q=16.727330,96.271724",YBS / YRTA Official
1107,2107,ရေကြောင်းတက္ကသိုလ် (မျက်နှာချင်းဆိုင်),Myanmar Maritime University (Opposite),သန်လျင်,Thanlyin,Thanlyin,Thanlyin,16.700007,96.273792,"https://www.google.com/maps?q=16.700007,96.273792",YBS / YRTA Official
1108,2108,သန်လျင်မြို့မဈေး (မျက်နှာချင်းဆိုင်),Thanlyin Myoma Zay (Opposite),သန်လျင်,Thanlyin,Bogyoke Nay Win Road,Bogyoke Nay Win Road,16.756812,96.242769,"https://www.google.com/maps?q=16.756812,96.242769",YBS / YRTA Official
1109,2109,မြွေဘုရား (မျက်နှာချင်းဆိုင်),Mway Paya (Snake Pagoda) (Opposite),သန်လျင်,Thanlyin,သန်လျှင်-ကျောက်တန်းလမ်း,Thanlyin-Kyauktan Road,16.66429,96.31739,"https://www.google.com/maps?q=16.664290,96.317390",YBS / YRTA Official
1110,2110,နည်းပညာတက္ကသိုလ် (ဂျီတီယူ) (မျက်နှာချင်းဆိုင်),Nee Pyinyar Takke Tho (G.T.U Thanlyin) (Opposite),သန်လျင်,Thanlyin,သန်လျှင်-ကျောက်တန်းလမ်း,Thanlyin-Kyauktan Road,16.695229,96.307399,"https://www.google.com/maps?q=16.695229,96.307399",YBS / YRTA Official
1111,2111,အရှေ့ပိုင်းတက္ကသိုလ် (မျက်နှာချင်းဆိုင်),East Yangon University (Taung Dagon) (Opposite),သန်လျင်,Thanlyin,အမှတ်(၆)လမ်းမ,No. 6 Main Road,16.734126,96.288251,"https://www.google.com/maps?q=16.734126,96.288251",YBS / YRTA Official
1112,2112,ကြိုဆိုပါ၏ (မျက်နှာချင်းဆိုင်),Kyo So Par Ei (Welcome) (Opposite),သုံးခွ,Thongwa,အမှတ်(၆)လမ်းမ,No. 6 Main Road,16.755392,96.500414,"https://www.google.com/maps?q=16.755392,96.500414",YBS / YRTA Official
1113,2113,ခွန်ထိပ် (မျက်နှာချင်းဆိုင်),Khun Htate (Opposite),သုံးခွ,Thongwa,အမှတ်(၆)လမ်းမ,No. 6 Main Road,16.76903,96.516496,"https://www.google.com/maps?q=16.769030,96.516496",YBS / YRTA Official
1114,2114,ဘားလမ်း (မျက်နှာချင်းဆိုင်),Bar Lan (Thongwa) (Opposite),သုံးခွ,Thongwa,အမှတ်(၆)လမ်းမ,No. 6 Main Road,16.770446,96.51378,"https://www.google.com/maps?q=16.770446,96.513780",YBS / YRTA Official
1115,2115,(၁၂) ဂိတ် (မျက်နှာချင်းဆိုင်),Sae-Hnit Gate (12 Gate) (Opposite),အရှေ့ဒဂုံ,East Dagon,ကျန်စစ်သားလမ်း,Kyansitthar Road,16.890584,96.21002,"https://www.google.com/maps?q=16.890584,96.210020",YBS / YRTA Official
1116,2116,(၁၃) ဂိတ် (မျက်နှာချင်းဆိုင်),Sae-Thone Gate (13 Gate) (Opposite),အရှေ့ဒဂုံ,East Dagon,ကျန်စစ်သားလမ်း,Kyansitthar Road,16.888106,96.23393,"https://www.google.com/maps?q=16.888106,96.233930",YBS / YRTA Official
1117,2117,စည်ပင် (မျက်နှာချင်းဆိုင်),Si Pin (East Dagon) (Opposite),အရှေ့ဒဂုံ,East Dagon,Min Ye Kyaw Swar Road,Min Ye Kyaw Swar Road,16.933746,96.234693,"https://www.google.com/maps?q=16.933746,96.234693",YBS / YRTA Official
1118,2118,ကျုံးကြီးဂိတ် (မျက်နှာချင်းဆိုင်),Kyone Gyi Gate (Opposite),အလုံ,Ahlone,ကြည့်မြင်တိုင်ကမ်းနားလမ်း,Kyee Myin Daing Kannar Road,16.778059,96.143509,"https://www.google.com/maps?q=16.778059,96.143509",YBS / YRTA Official
1119,2119,ဆင်မင်းဈေး (မျက်နှာချင်းဆိုင်),Sin Min Zay (Opposite),အလုံ,Ahlone,ကြည့်မြင်တိုင်ကမ်းနားလမ်း,Kyee Myin Daing Kannar Road,16.787,96.131998,"https://www.google.com/maps?q=16.787000,96.131998",YBS / YRTA Official
1120,2120,သခင်မြပန်းခြံ (မျက်နှာချင်းဆိုင်),Thakhin Mya Pan Chan (Opposite),အလုံ,Ahlone,ကြည့်မြင်တိုင်ကမ်းနားလမ်း,Kyee Myin Daing Kannar Road,16.782832,96.140725,"https://www.google.com/maps?q=16.782832,96.140725",YBS / YRTA Official
1121,2121,သီရိမင်္ဂလာဈေးဟောင်း (မျက်နှာချင်းဆိုင်),Thiri Mingalar Zay (Old) (Opposite),အလုံ,Ahlone,ကြည့်မြင်တိုင်ကမ်းနားလမ်း,Kyee Myin Daing Kannar Road,16.790747,96.120807,"https://www.google.com/maps?q=16.790747,96.120807",YBS / YRTA Official
1122,2122,ဥက္ကံ (မျက်နှာချင်းဆိုင်),Okkan Station (Opposite),ဥက္ကံ,Okkan,ပြည်လမ်း,Pyay Road,17.501599,95.848613,"https://www.google.com/maps?q=17.501599,95.848613",YBS / YRTA Official
1123,2123,အင်းစိန်ပန်းခြံ (မျက်နှာချင်းဆိုင်),Insein Pan Chan (Opposite),အင်းစိန်,Insein,မင်းကြီးလမ်း,Min Gyi Road,16.888596,96.099057,"https://www.google.com/maps?q=16.888596,96.099057",YBS / YRTA Official
1124,2124,အင်းစိန်ဈေး (မျက်နှာချင်းဆိုင်),Insein Zay (Opposite),အင်းစိန်,Insein,လှိုင်မြစ်လမ်း,Hlaing River Road,16.88704,96.107821,"https://www.google.com/maps?q=16.887040,96.107821",YBS / YRTA Official
1125,2125,အင်းစိန်ဆေးရုံကြီး (မျက်နှာချင်းဆိုင်),Insein Say Yon Gyi (Opposite),အင်းစိန်,Insein,မင်းကြီးလမ်း,Min Gyi Road,16.887826,96.115647,"https://www.google.com/maps?q=16.887826,96.115647",YBS / YRTA Official
1126,2126,စော်ဘွားကြီးကုန်း (မျက်နှာချင်းဆိုင်),Saw Bwar Gyi Kone (Opposite),အင်းစိန်,Insein,ပြည်လမ်း,Pyay Road,16.895449,96.11241,"https://www.google.com/maps?q=16.895449,96.112410",YBS / YRTA Official
1127,2127,ဒညင်းကုန်းလမ်းဆုံ (မျက်နှာချင်းဆိုင်),Danyin Gone Lan Sone (Opposite),အင်းစိန်,Insein,အောက်မင်္ဂလာဒုံလမ်း,Lower Mingalardon Road,16.942735,96.099849,"https://www.google.com/maps?q=16.942735,96.099849",YBS / YRTA Official
1128,2128,ကြို့ကုန်း (မျက်နှာချင်းဆိုင်),Kyoe Kone (Opposite),အင်းစိန်,Insein,ရန်ကုန်-အင်းစိန်လမ်း,Yangon-Insein Road,16.884381,96.109563,"https://www.google.com/maps?q=16.884381,96.109563",YBS / YRTA Official
1129,2129,ဘီပီအိုင် (မျက်နှာချင်းဆိုင်),B.P.I (Opposite),အင်းစိန်,Insein,ရန်ကုန်-အင်းစိန်လမ်း,Yangon-Insein Road,16.88362,96.121412,"https://www.google.com/maps?q=16.883620,96.121412",YBS / YRTA Official
1130,2130,ပြည်တော်သာ / ဂျီတီအိုင်ထိပ် (မျက်နှာချင်းဆိုင်),Pyi Taw Thar/ G.T.I Htate (Opposite),အင်းစိန်,Insein,အောက်မင်္ဂလာဒုံလမ်း,Lower Mingalardon Road,16.89497,96.097276,"https://www.google.com/maps?q=16.894970,96.097276",YBS / YRTA Official
1131,2131,အောင်ဆန်းဈေး (မျက်နှာချင်းဆိုင်),Aung San Zay (Opposite),အင်းစိန်,Insein,အောက်မင်္ဂလာဒုံလမ်း,Lower Mingalardon Road,16.921589,96.088516,"https://www.google.com/maps?q=16.921589,96.088516",YBS / YRTA Official
1132,2132,အုတ်ကျင်းဝ (မျက်နှာချင်းဆိုင်),Oakyin Wa (Opposite),အင်းစိန်,Insein,လမ်းသစ်လမ်း,Lan Thit Road,16.883151,96.108054,"https://www.google.com/maps?q=16.883151,96.108054",YBS / YRTA Official
1133,2133,ကျောင်းရှေ့/ကုန်းဆင်း (ဈေး),Kyaung Shae/ Kone Sin (Market),ကမာရွတ်,Kamayut,လှည်းတန်းလမ်း,Hledan Road,16.825394,96.126368,"https://www.google.com/maps?q=16.825394,96.126368",YBS / YRTA Official
1134,2134,ကျောင်းရှေ့/ဓမ္မာရုံ (ဈေး),Kyaung Shae/ Dhamar Yon (Market),ကမာရွတ်,Kamayut,တက္ကသိုလ်ရိပ်သာလမ်း,University Avenue Road,16.827016,96.13227,"https://www.google.com/maps?q=16.827016,96.132270",YBS / YRTA Official
1135,2135,ကျောင်းလမ်း (ဈေး),Kyuanlan (Market),ကမာရွတ်,Kamayut,တက္ကသိုလ်ရိပ်သာလမ်း,University Avenue Road,16.825058,96.139025,"https://www.google.com/maps?q=16.825058,96.139025",YBS / YRTA Official
1136,2136,ခိုင်ရွှေဝါ (ဈေး),Khaing Shwe Wah (Market),ကမာရွတ်,Kamayut,ဗဟိုလမ်း,Baho Road,16.824013,96.127587,"https://www.google.com/maps?q=16.824013,96.127587",YBS / YRTA Official
1137,2137,စံရိပ်ငြိမ် (ဈေး),San Yeik Nyein (Market),ကမာရွတ်,Kamayut,ရန်ကုန်-အင်းစိန်လမ်း,Yangon-Insein Road,16.831999,96.128523,"https://www.google.com/maps?q=16.831999,96.128523",YBS / YRTA Official
1138,2138,စိုက်ပျိုးရေး (ဈေး),Saik Pyoe Yay (Market),ကမာရွတ်,Kamayut,ပြည်လမ်း,Pyay Road,16.817044,96.134967,"https://www.google.com/maps?q=16.817044,96.134967",YBS / YRTA Official
1139,2139,ဆိုက်ကားဂိတ် (ဈေး),Site Kar Gate (Market),ကမာရွတ်,Kamayut,ဗဟိုလမ်း,Baho Road,16.831618,96.124546,"https://www.google.com/maps?q=16.831618,96.124546",YBS / YRTA Official
1140,2140,ဆင်ရေတွင်း (ဈေး),Sin Yae Twin (Market),ကမာရွတ်,Kamayut,ရန်ကုန်-အင်းစိန်လမ်း,Yangon-Insein Road,16.832768,96.130144,"https://www.google.com/maps?q=16.832768,96.130144",YBS / YRTA Official
1141,2141,ပြည်ရိပ်မွန် (ဈေး),Pyi Yeik Mon (Market),ကမာရွတ်,Kamayut,ဗဟိုလမ်း,Baho Road,16.821346,96.126636,"https://www.google.com/maps?q=16.821346,96.126636",YBS / YRTA Official
1142,2142,ဘီအာဘီ (ဈေး),B.R.B (Market),ကမာရွတ်,Kamayut,ဗဟိုလမ်း,Baho Road,16.83127,96.124771,"https://www.google.com/maps?q=16.831270,96.124771",YBS / YRTA Official
1143,2143,မာလာ (ဈေး),Marlar (Market),ကမာရွတ်,Kamayut,ပြည်လမ်း,Pyay Road,16.834031,96.133953,"https://www.google.com/maps?q=16.834031,96.133953",YBS / YRTA Official
1144,2144,ရေကြောင်း (ဈေး),Yae Kyaung (Market),ကမာရွတ်,Kamayut,ဘုရင့်နောင်လမ်း,Bayint Naung Road,16.831032,96.119494,"https://www.google.com/maps?q=16.831032,96.119494",YBS / YRTA Official
1145,2145,ရဲဝင်း (ဈေး),Ye Win (Market),ကမာရွတ်,Kamayut,ဗဟိုလမ်း,Baho Road,16.817676,96.128915,"https://www.google.com/maps?q=16.817676,96.128915",YBS / YRTA Official
1146,2146,လှည်းတန်း (ဈေး),Hledan (Market),ကမာရွတ်,Kamayut,ရန်ကုန်-အင်းစိန်လမ်း,Yangon-Insein Road,16.829367,96.131816,"https://www.google.com/maps?q=16.829367,96.131816",YBS / YRTA Official
1147,2147,လှည်းတန်းဈေး (ဈေး),Hledan Zay (Market),ကမာရွတ်,Kamayut,လှည်းတန်းလမ်း,Hledan Road,16.826845,96.129994,"https://www.google.com/maps?q=16.826845,96.129994",YBS / YRTA Official
1148,2148,သင်္ဘောကျင်း (ဈေး),Thinbaw Kyin (Market),ကမာရွတ်,Kamayut,ဘုရင့်နောင်လမ်း,Bayint Naung Road,16.824838,96.12138,"https://www.google.com/maps?q=16.824838,96.121380",YBS / YRTA Official
1149,2149,(၄၆) လမ်း (ဈေး),Lay-sae-chauk Lan (46 Lan) (Market),ကျောက်တံတား,Kyauktada,အနော်ရထာလမ်း,Anawrahta Road,16.777177,96.169161,"https://www.google.com/maps?q=16.777177,96.169161",YBS / YRTA Official
1150,2150,ဆူးလေပန်းခြံ (ဈေး),Sule Pan Chan (Market),ကျောက်တံတား,Kyauktada,မဟာဗန္ဓုလလမ်း,Mahabandoola Road,16.775952,96.157793,"https://www.google.com/maps?q=16.775952,96.157793",YBS / YRTA Official
1151,2151,ဆူးလေမြို့တော်ခန်းမ (ဈေး),Sule Myodaw Khan Ma (Market),ကျောက်တံတား,Kyauktada,ဆူးလေးဘုရားလမ်း,Sule Pagoda Road,16.776658,96.156537,"https://www.google.com/maps?q=16.776658,96.156537",YBS / YRTA Official
1152,2152,ပန်းဆိုးတန်း (ဈေး),Pansodan (Market),ကျောက်တံတား,Kyauktada,အနော်ရထာလမ်း,Anawrahta Road,16.778948,96.161855,"https://www.google.com/maps?q=16.778948,96.161855",YBS / YRTA Official
1153,2153,ပန်းဆိုးတန်း (ဆိပ်ကမ်းသာလမ်း) (ဈေး),Pansodan Seikkanthar (Market),ကျောက်တံတား,Kyauktada,ကုန်သည်လမ်း,Merchant Road,16.769247,96.162151,"https://www.google.com/maps?q=16.769247,96.162151",YBS / YRTA Official
1154,2154,ဘားလမ်း (ဈေး),Bar Lan (Market),ကျောက်တံတား,Kyauktada,အနော်ရထာလမ်း,Anawrahta Road,16.77506,96.161671,"https://www.google.com/maps?q=16.775060,96.161671",YBS / YRTA Official
1155,2155,ဗိုလ်ကလေးဈေး (ဈေး),Bokalay Zay (Market),ကျောက်တံတား,Kyauktada,မဟာဗန္ဓုလလမ်း,Mahabandoola Road,16.773589,96.167216,"https://www.google.com/maps?q=16.773589,96.167216",YBS / YRTA Official
1156,2156,လမ်း (၅၀) (ဈေး),Lan Ngar Sae (50 Lan) (Market),ကျောက်တံတား,Kyauktada,ဗိုလ်ချုပ်အောင်ဆန်းလမ်း,Bogyoke Aung San Road,16.780837,96.173176,"https://www.google.com/maps?q=16.780837,96.173176",YBS / YRTA Official
1157,2157,ကျောက်တန်း (ဈေး),Kyauk Tan (Market),ကျောက်တန်း,Kyauktan,သန်လျှင်-ကျောက်တန်းလမ်း,Thanlyin-Kyauktan Road,16.634393,96.325106,"https://www.google.com/maps?q=16.634393,96.325106",YBS / YRTA Official
1158,2158,ချမ်းမြေ့သာယာ (ဈေး),Chan Myae Thar Yar (Market),ကျောက်တန်း,Kyauktan,သန်လျှင်-ကျောက်တန်းလမ်း,Thanlyin-Kyauktan Road,16.648049,96.318343,"https://www.google.com/maps?q=16.648049,96.318343",YBS / YRTA Official
1159,2159,ဂါတ်တဲကွေ့ (ဈေး),Gat Tae Kwae (Market),ကျောက်တန်း,Kyauktan,သန်လျှင်-ကျောက်တန်းလမ်း,Thanlyin-Kyauktan Road,16.63746,96.326055,"https://www.google.com/maps?q=16.637460,96.326055",YBS / YRTA Official
1160,2160,ဆီဆိုင် (ဈေး),Si Saing (Market),ကျောက်တန်း,Kyauktan,သန်လျှင်-ကျောက်တန်းလမ်း,Thanlyin-Kyauktan Road,16.648202,96.320193,"https://www.google.com/maps?q=16.648202,96.320193",YBS / YRTA Official
1161,2161,ဈေးကွေ့ (ဈေး),Zay Kwae (Market),ကျောက်တန်း,Kyauktan,သန်လျှင်-ကျောက်တန်းလမ်း,Thanlyin-Kyauktan Road,16.634188,96.328569,"https://www.google.com/maps?q=16.634188,96.328569",YBS / YRTA Official
1162,2162,ပဲလှော်ဖို (ဈေး),Pal Hlaw Pho (Market),ကျောက်တန်း,Kyauktan,သန်လျှင်-ကျောက်တန်းလမ်း,Thanlyin-Kyauktan Road,16.639926,96.323069,"https://www.google.com/maps?q=16.639926,96.323069",YBS / YRTA Official
1163,2163,အောင်ချမ်းသာ (ဈေး),Aung Chan Thar (Market),ကျောက်တန်း,Kyauktan,သန်လျှင်-ကျောက်တန်းလမ်း,Thanlyin-Kyauktan Road,16.645829,96.324652,"https://www.google.com/maps?q=16.645829,96.324652",YBS / YRTA Official
1164,2164,ကမ်းနားဈေး (ဈေး),Kannar Zay (Market),ကြည့်မြင်တိုင်,Kyimyindaing,ကြည့်မြင်တိုင်ကမ်းနားလမ်း,Kyee Myin Daing Kannar Road,16.813151,96.122931,"https://www.google.com/maps?q=16.813151,96.122931",YBS / YRTA Official
1165,2165,ကျောင်းရှေ့ (ဈေး),Kyaung Shae (Market),ကြည့်မြင်တိုင်,Kyimyindaing,အောက်ကြည့်မြင်တိုင်လမ်း,Lower Kyee Myin Daing Road,16.800915,96.124678,"https://www.google.com/maps?q=16.800915,96.124678",YBS / YRTA Official
1166,2166,ကြည့်မြင်တိုင်ညဈေး (ဈေး),Kyee Myin Daing Nya Zay (Market),ကြည့်မြင်တိုင်,Kyimyindaing,အထက်ကြည့်မြင်တိုင်လမ်း,Upper Kyee Myin Daing Road,16.808667,96.126221,"https://www.google.com/maps?q=16.808667,96.126221",YBS / YRTA Official
1167,2167,ကြည့်မြင်တိုင်ဘူတာ (ဈေး),Kyee Myin Daing Butar (Market),ကြည့်မြင်တိုင်,Kyimyindaing,အထက်ကြည့်မြင်တိုင်လမ်း,Upper Kyee Myin Daing Road,16.804925,96.128108,"https://www.google.com/maps?q=16.804925,96.128108",YBS / YRTA Official
1168,2168,စလင်းကွင်း (ဈေး),Salin Kwin (Market),ကြည့်မြင်တိုင်,Kyimyindaing,အထက်ကြည့်မြင်တိုင်လမ်း,Upper Kyee Myin Daing Road,16.811013,96.124995,"https://www.google.com/maps?q=16.811013,96.124995",YBS / YRTA Official
1169,2169,စာတိုက် (ဈေး),Sar Taik (Market),ကြည့်မြင်တိုင်,Kyimyindaing,ကြည့်မြင်တိုင်ကမ်းနားလမ်း,Kyee Myin Daing Kannar Road,16.802714,96.123174,"https://www.google.com/maps?q=16.802714,96.123174",YBS / YRTA Official
1170,2170,ဆင်မလိုက် (ဈေး),Sinmalite (Market),ကြည့်မြင်တိုင်,Kyimyindaing,ကြည့်မြင်တိုင်ကမ်းနားလမ်း,Kyee Myin Daing Kannar Road,16.818374,96.121215,"https://www.google.com/maps?q=16.818374,96.121215",YBS / YRTA Official
1171,2171,နတ်စင်လမ်း (ဈေး),Nat Sin Lan (Market),ကြည့်မြင်တိုင်,Kyimyindaing,အထက်ကြည့်မြင်တိုင်လမ်း,Upper Kyee Myin Daing Road,16.816677,96.127409,"https://www.google.com/maps?q=16.816677,96.127409",YBS / YRTA Official
1172,2172,သဲကွင်း (ဈေး),Thal Kwin (Market),ကြည့်မြင်တိုင်,Kyimyindaing,ကြည့်မြင်တိုင်ကမ်းနားလမ်း,Kyee Myin Daing Kannar Road,16.7998,96.120208,"https://www.google.com/maps?q=16.799800,96.120208",YBS / YRTA Official
1173,2173,ဟံသာဝတီ (ဈေး),Hantharwaddy (Market),ကြည့်မြင်တိုင်,Kyimyindaing,အထက်ကြည့်မြင်တိုင်လမ်း,Upper Kyee Myin Daing Road,16.817112,96.125437,"https://www.google.com/maps?q=16.817112,96.125437",YBS / YRTA Official
1174,2174,ဟုမ်းလမ်း (ဈေး),Home Lan (Market),ကြည့်မြင်တိုင်,Kyimyindaing,အောက်ကြည့်မြင်တိုင်လမ်း,Lower Kyee Myin Daing Road,16.799593,96.127724,"https://www.google.com/maps?q=16.799593,96.127724",YBS / YRTA Official
1175,2175,(၉) ထပ်ကြီး (ဈေး),Koe Htat Kyee (Market),စမ်းချောင်း,Sanchaung,ဗားဂရာလမ်း,Bargayar Road,16.80605,96.129619,"https://www.google.com/maps?q=16.806050,96.129619",YBS / YRTA Official
1176,2176,မဟာမြိုင် (ဈေး),Mahar Myaing (Market),စမ်းချောင်း,Sanchaung,ပြည်လမ်း,Pyay Road,16.805624,96.135478,"https://www.google.com/maps?q=16.805624,96.135478",YBS / YRTA Official
1177,2177,မြေနီကုန်း (ဈေး),Myaynigone (Market),စမ်းချောင်း,Sanchaung,ဗားဂရာလမ်း,Bargayar Road,16.804875,96.138046,"https://www.google.com/maps?q=16.804875,96.138046",YBS / YRTA Official
1178,2178,မြေနီကုန်း (ပြည်လမ်း) (ဈေး),Myaynigone (Pyay Road) (Market),စမ်းချောင်း,Sanchaung,ပြည်လမ်း,Pyay Road,16.805111,96.13553,"https://www.google.com/maps?q=16.805111,96.135530",YBS / YRTA Official
1179,2179,ရှမ်းလမ်း (ဈေး),Shan Lan (Market),စမ်းချောင်း,Sanchaung,ဗားဂရာလမ်း,Bargayar Road,16.803671,96.130011,"https://www.google.com/maps?q=16.803671,96.130011",YBS / YRTA Official
1180,2180,ရွှေမန်း (ဈေး),Shwe Man (Market),စမ်းချောင်း,Sanchaung,ဗားဂရာလမ်း,Bargayar Road,16.80389,96.138348,"https://www.google.com/maps?q=16.803890,96.138348",YBS / YRTA Official
1181,2181,ဟံသာဝတီ (ဈေး),Hantharwaddy (Market),စမ်းချောင်း,Sanchaung,ပြည်လမ်း,Pyay Road,16.812904,96.133222,"https://www.google.com/maps?q=16.812904,96.133222",YBS / YRTA Official
1182,2182,စာတိုက်ကြီး (ဈေး),Sar Taik Kyee (Market),ဆိပ်ကမ်း,Seikkan,ကမ်းနားလမ်း,Strand Road,16.769733,96.162897,"https://www.google.com/maps?q=16.769733,96.162897",YBS / YRTA Official
1183,2183,ပန်းဆိုးတန်း (ကမ်းနားလမ်း) (ဈေး),Pansodan (Strand) (Market),ဆိပ်ကမ်း,Seikkan,ကမ်းနားလမ်း,Strand Road,16.76807,96.161679,"https://www.google.com/maps?q=16.768070,96.161679",YBS / YRTA Official
1184,2184,ဗဟိုရုံး (ဈေး),Baho Yone (Market),ဆိပ်ကမ်း,Seikkan,ကမ်းနားလမ်း,Strand Road,16.769345,96.167738,"https://www.google.com/maps?q=16.769345,96.167738",YBS / YRTA Official
1185,2185,ဗိုလ်တထောင်ဘုရား (ဈေး),Botahtaung Paya (Market),ဆိပ်ကမ်း,Seikkan,ကမ်းနားလမ်း,Strand Road,16.767354,96.172074,"https://www.google.com/maps?q=16.767354,96.172074",YBS / YRTA Official
1186,2186,ကုလားဈေး (ဈေး),Kalar Zay (Market),တာမွေ,Tamwe,အရှေ့မြင်းပြိုင်လမ်း,East Horse Race Course Road,16.82357,96.170097,"https://www.google.com/maps?q=16.823570,96.170097",YBS / YRTA Official
1187,2187,ကျောက်မြောင်းဈေး (ဈေး),Kyauk Myaung Zay (Market),တာမွေ,Tamwe,ကျိုက္ကဆံလမ်း,Kyaikkasan Road,16.805388,96.173264,"https://www.google.com/maps?q=16.805388,96.173264",YBS / YRTA Official
1188,2188,တာမွေဈေး / တာမွေဗလီ (ဈေး),Tamwe Zay/ Tamwe Bali (Market),တာမွေ,Tamwe,ကျိုက္ကဆံလမ်း,Kyaikkasan Road,16.807774,96.178418,"https://www.google.com/maps?q=16.807774,96.178418",YBS / YRTA Official
1189,2189,တာမွေပလာဇာ (ဈေး),Tamwe Plaza (Market),တာမွေ,Tamwe,သမိန်ဗရမ်းလမ်း,Thamain Bayan Road,16.81021,96.177527,"https://www.google.com/maps?q=16.810210,96.177527",YBS / YRTA Official
1190,2190,ဗျိုင်းရေအိုးစင် (ဈေး),Byaing Yae Oh Sin (Market),တာမွေ,Tamwe,ဗညားဒလလမ်း,Banyardala Road,16.808386,96.172013,"https://www.google.com/maps?q=16.808386,96.172013",YBS / YRTA Official
1191,2191,အလုပ်သမားဆေးရုံကြီး (ဈေး),Alote Thamar Say Yone (Market),တာမွေ,Tamwe,ကျိုက္ကဆံလမ်း,Kyaikkasan Road,16.796434,96.175032,"https://www.google.com/maps?q=16.796434,96.175032",YBS / YRTA Official
1192,2192,အဝိုင်းထိပ် / တာမွေ (ဈေး),Awine Htate/ Tamwe (Market),တာမွေ,Tamwe,အနောက်မြင်းပြိုင်လမ်း,West Horse Race Course Road,16.810958,96.171531,"https://www.google.com/maps?q=16.810958,96.171531",YBS / YRTA Official
1193,2193,အာသောက (ဈေး),Arthawka (Market),တာမွေ,Tamwe,သမိန်ဗရမ်းလမ်း,Thamain Bayan Road,16.80937,96.17811,"https://www.google.com/maps?q=16.809370,96.178110",YBS / YRTA Official
1194,2194,ကန်ကုန်း (ဈေး),Kan Kone (Market),တိုက်ကြီး,Taikkyi,ရန်ကုန်-ပြည်လမ်းမကြီး,Yangon-Pyay Main Road,17.268984,95.954887,"https://www.google.com/maps?q=17.268984,95.954887",YBS / YRTA Official
1195,2195,ကုန်းကွေ့ (ဈေး),Gone Kwae (Market),တိုက်ကြီး,Taikkyi,ရန်ကုန်-ပြည်လမ်းမကြီး,Yangon-Pyay Main Road,17.212759,95.963804,"https://www.google.com/maps?q=17.212759,95.963804",YBS / YRTA Official
1196,2196,ကျွန်းချောင်း (ဈေး),Kyun Chaung (Market),တိုက်ကြီး,Taikkyi,ရန်ကုန်-ပြည်လမ်းမကြီး,Yangon-Pyay Main Road,17.216658,95.960296,"https://www.google.com/maps?q=17.216658,95.960296",YBS / YRTA Official
1197,2197,တိုက်ကြီးခန်းမ (ဈေး),Taik Kyi Khan Ma (Market),တိုက်ကြီး,Taikkyi,ရန်ကုန်-ပြည်လမ်းမကြီး,Yangon-Pyay Main Road,17.31318,95.96472,"https://www.google.com/maps?q=17.313180,95.964720",YBS / YRTA Official
1198,2198,တိုက်ကြီးဈေး (ဈေး),Taik Kyi Zay (Market),တိုက်ကြီး,Taikkyi,ရန်ကုန်-ပြည်လမ်းမကြီး,Yangon-Pyay Main Road,17.315989,95.966108,"https://www.google.com/maps?q=17.315989,95.966108",YBS / YRTA Official
1199,2199,မြောင်းတကာတာဆုံ (ဈေး),Myaung Takar Tar Sone (Market),တိုက်ကြီး,Taikkyi,ရန်ကုန်-ပြည်လမ်းမကြီး,Yangon-Pyay Main Road,17.181403,95.974687,"https://www.google.com/maps?q=17.181403,95.974687",YBS / YRTA Official
1200,2200,ရွှေမြယာ (ဈေး),Shwe Mya Yar (Market),တိုက်ကြီး,Taikkyi,ရန်ကုန်-ပြည်လမ်းမကြီး,Yangon-Pyay Main Road,17.25178,95.962639,"https://www.google.com/maps?q=17.251780,95.962639",YBS / YRTA Official
1201,2201,အင်းယက်ကြီး (ဈေး),Inn Yat Kyee (Market),တိုက်ကြီး,Taikkyi,ရန်ကုန်-ပြည်လမ်းမကြီး,Yangon-Pyay Main Road,17.256698,95.960469,"https://www.google.com/maps?q=17.256698,95.960469",YBS / YRTA Official
1202,2202,(၁၈) ကွေ့ (ဈေး),Sae-shit Kwae (18 Kwae) (Market),တောင်ဒဂုံ,South Dagon,စည်ပင်လမ်း,Si Pin Road,16.855574,96.234862,"https://www.google.com/maps?q=16.855574,96.234862",YBS / YRTA Official
1203,2203,(၃၂) ဂိတ် (ဈေး),Thone-Sae-Hnit Gate (32 Gate) (Market),တောင်ဒဂုံ,South Dagon,ကျွန်းရွှေဝါလမ်း,Kyun Shwe Wah Road,16.819273,96.268571,"https://www.google.com/maps?q=16.819273,96.268571",YBS / YRTA Official
1204,2204,(၆၂) (ဈေး),Chauk-Sae-Hnit (62) (Market),တောင်ဒဂုံ,South Dagon,ရတနာပုံလမ်း,Yadanarpon Road,16.879719,96.252589,"https://www.google.com/maps?q=16.879719,96.252589",YBS / YRTA Official
1205,2205,ကားကြီးဂိတ် (ဈေး),Kar Gyi Gate (Market),တောင်ဒဂုံ,South Dagon,အမှတ်(၂)လမ်းမ,No. 2 Main Road,16.84761,96.20901,"https://www.google.com/maps?q=16.847610,96.209010",YBS / YRTA Official
1206,2206,ကားလေးဂိတ် (ဈေး),Kar Lay Gate (Market),တောင်ဒဂုံ,South Dagon,လှော်ကားလမ်း,Hlawga Road,16.85383,96.239741,"https://www.google.com/maps?q=16.853830,96.239741",YBS / YRTA Official
1207,2207,ကုန်တိုက် (ဈေး),Kone Taik (Market),တောင်ဒဂုံ,South Dagon,လှော်ကားလမ်း,Hlawga Road,16.847923,96.233391,"https://www.google.com/maps?q=16.847923,96.233391",YBS / YRTA Official
1208,2208,ကုန်ပဒေသာ (ဈေး),Kone Padaythar (Market),တောင်ဒဂုံ,South Dagon,စည်ပင်လမ်း,Si Pin Road,16.84782,96.22579,"https://www.google.com/maps?q=16.847820,96.225790",YBS / YRTA Official
1209,2209,ကျောက်လမ်း (ဈေး),Kyauk Lan (Market),တောင်ဒဂုံ,South Dagon,အမှတ်(၂)လမ်းမ,No. 2 Main Road,16.88325,96.232989,"https://www.google.com/maps?q=16.883250,96.232989",YBS / YRTA Official
1210,2210,ဂျီအီးစီ (ဈေး),G.E.C (Market),တောင်ဒဂုံ,South Dagon,ပြည်ထောင်စုလမ်းမကြီး,Pyi Htaung Su Main Road,16.842395,96.228457,"https://www.google.com/maps?q=16.842395,96.228457",YBS / YRTA Official
1211,2211,စီးပွားရေးတက္ကသိုလ် (ဈေး),See Pwar Yay Takke Tho (Market),တောင်ဒဂုံ,South Dagon,အမှတ်(၂)လမ်းမ,No. 2 Main Road,16.930469,96.268404,"https://www.google.com/maps?q=16.930469,96.268404",YBS / YRTA Official
1212,2212,စက်မှုဇုံ (၂) (ဈေး),Set Hmu Zone Hnit (2) (Market),တောင်ဒဂုံ,South Dagon,ပြည်ထောင်စုလမ်းမကြီး,Pyi Htaung Su Main Road,16.843202,96.228102,"https://www.google.com/maps?q=16.843202,96.228102",YBS / YRTA Official
1213,2213,စက်မှုဇုံဈေး (ဈေး),Set Hmu Zone Zay (Market),တောင်ဒဂုံ,South Dagon,ပြည်ထောင်စုလမ်းမကြီး,Pyi Htaung Su Main Road,16.840173,96.234615,"https://www.google.com/maps?q=16.840173,96.234615",YBS / YRTA Official
1214,2214,စစ်တောင်းလမ်းထိပ် (ဈေး),Sittaung Lan Htate (Market),တောင်ဒဂုံ,South Dagon,ပြည်ထောင်စုလမ်းမကြီး,Pyi Htaung Su Main Road,16.833281,96.234394,"https://www.google.com/maps?q=16.833281,96.234394",YBS / YRTA Official
1215,2215,ဆေးရုံရှေ့ (ဈေး),Say Yon Shae (Market),တောင်ဒဂုံ,South Dagon,အမှတ်(၂)လမ်းမ,No. 2 Main Road,16.888996,96.240755,"https://www.google.com/maps?q=16.888996,96.240755",YBS / YRTA Official
1216,2216,ဆောက်လုပ်ရေး (ဈေး),Sauk Lote Yae (Market),တောင်ဒဂုံ,South Dagon,ပြည်ထောင်စုလမ်းမကြီး,Pyi Htaung Su Main Road,16.827098,96.238502,"https://www.google.com/maps?q=16.827098,96.238502",YBS / YRTA Official
1217,2217,ညောင်ပင် (ဈေး),Nyaung Pin (Market),တောင်ဒဂုံ,South Dagon,အမှတ်(၂)လမ်းမ,No. 2 Main Road,16.90449,96.247937,"https://www.google.com/maps?q=16.904490,96.247937",YBS / YRTA Official
1218,2218,တံတားဖြူ (ဈေး),Tadar Phyu (Market),တောင်ဒဂုံ,South Dagon,အမှတ်(၂)လမ်းမ,No. 2 Main Road,16.856359,96.211141,"https://www.google.com/maps?q=16.856359,96.211141",YBS / YRTA Official
1219,2219,တောင်/မြောက်လမ်းဆုံ (ဈေး),Taung Myauk Lan Sone (Market),တောင်ဒဂုံ,South Dagon,ပြည်ထောင်စုလမ်းမကြီး,Pyi Htaung Su Main Road,16.859935,96.216818,"https://www.google.com/maps?q=16.859935,96.216818",YBS / YRTA Official
1220,2220,တစ်ရာ့လေးဆယ် (ဈေး),Tayar-Lay-Sae (140) (Market),တောင်ဒဂုံ,South Dagon,အမှတ်(၂)လမ်းမ,No. 2 Main Road,16.914036,96.256924,"https://www.google.com/maps?q=16.914036,96.256924",YBS / YRTA Official
1221,2221,ပန်းခြံ (ဈေး),Pan Chan (Market),တောင်ဒဂုံ,South Dagon,ပြည်ထောင်စုလမ်းမကြီး,Pyi Htaung Su Main Road,16.848964,96.219288,"https://www.google.com/maps?q=16.848964,96.219288",YBS / YRTA Official
1222,2222,ဧရာဝတီလမ်းထိပ် (ဈေး),Ayeyarwaddy Lan Htate (Market),တောင်ဒဂုံ,South Dagon,ပြည်ထောင်စုလမ်းမကြီး,Pyi Htaung Su Main Road,16.838356,96.23107,"https://www.google.com/maps?q=16.838356,96.231070",YBS / YRTA Official
1223,2223,(၁၄/၁၅) လမ်းဆုံ (ဈေး),(14/15) Lan Sone (Market),တောင်ဥက္ကလာပ,South Okkalapa,သုမင်္ဂလာလမ်း,Thu Mingalar Road,16.835048,96.184691,"https://www.google.com/maps?q=16.835048,96.184691",YBS / YRTA Official
1224,2224,(၃၁) ဂိတ် (ဈေး),Thone-sae-tit Gate (31 Gate) (Market),တောင်ဥက္ကလာပ,South Okkalapa,သံသုမာလမ်း,Thanthumar Road,16.848466,96.194287,"https://www.google.com/maps?q=16.848466,96.194287",YBS / YRTA Official
1225,2225,၁၃ လမ်း (ဈေး),13 Lan (Market),တောင်ဥက္ကလာပ,South Okkalapa,မေတ္တာလမ်း,Metta Road,16.849499,96.191204,"https://www.google.com/maps?q=16.849499,96.191204",YBS / YRTA Official
1226,2226,ကေတုမာလာကွေ့ (ဈေး),Kaytu Marlar Kwae (Market),တောင်ဥက္ကလာပ,South Okkalapa,ပါရမီလမ်း,Parami Road,16.855319,96.170219,"https://www.google.com/maps?q=16.855319,96.170219",YBS / YRTA Official
1227,2227,ဂန္ဓမာဟိုးဆေး (ဈေး),Gandamar Wholesale (Market),တောင်ဥက္ကလာပ,South Okkalapa,ဝေဇယန္တာလမ်း,Waizayanta Road,16.866271,96.158497,"https://www.google.com/maps?q=16.866271,96.158497",YBS / YRTA Official
1228,2228,စီမံကိန်း (ဈေး),Se Man Kane (Market),တောင်ဥက္ကလာပ,South Okkalapa,သံသုမာလမ်း,Thanthumar Road,16.848007,96.197006,"https://www.google.com/maps?q=16.848007,96.197006",YBS / YRTA Official
1229,2229,တောင်ဥက္ကလာစာတိုက် (ဈေး),Taung Okkalar Sar Taik (Market),တောင်ဥက္ကလာပ,South Okkalapa,သစ္စာလမ်း,Thitsar Road,16.844096,96.177967,"https://www.google.com/maps?q=16.844096,96.177967",YBS / YRTA Official
1230,2230,တောင်ဥက္ကလာပဘုရား (ဈေး),Taung Okkalar Paya (Market),တောင်ဥက္ကလာပ,South Okkalapa,သံသုမာလမ်း,Thanthumar Road,16.853958,96.185812,"https://www.google.com/maps?q=16.853958,96.185812",YBS / YRTA Official
1231,2231,နန္ဒဝန်ဈေး (ဈေး),Nandawun Zay (Market),တောင်ဥက္ကလာပ,South Okkalapa,သုမင်္ဂလာလမ်း,Thu Mingalar Road,16.851359,96.176075,"https://www.google.com/maps?q=16.851359,96.176075",YBS / YRTA Official
1232,2232,ပဒေသာ (ဈေး),Padaythar (Market),တောင်ဥက္ကလာပ,South Okkalapa,သုမင်္ဂလာလမ်း,Thu Mingalar Road,16.841535,96.183437,"https://www.google.com/maps?q=16.841535,96.183437",YBS / YRTA Official
1233,2233,ပါရမီ (ဈေး),Parami (Market),တောင်ဥက္ကလာပ,South Okkalapa,ဝေဇယန္တာလမ်း,Waizayanta Road,16.852185,96.166025,"https://www.google.com/maps?q=16.852185,96.166025",YBS / YRTA Official
1234,2234,ပင်းယ (ဈေး),Pinya (Market),တောင်ဥက္ကလာပ,South Okkalapa,ပါရမီလမ်း,Parami Road,16.858167,96.177423,"https://www.google.com/maps?q=16.858167,96.177423",YBS / YRTA Official
1235,2235,ဗဟိုစျေး (ဈေး),Baho Zay (Market),တောင်ဥက္ကလာပ,South Okkalapa,ဝေဇယန္တာလမ်း,Waizayanta Road,16.842382,96.171586,"https://www.google.com/maps?q=16.842382,96.171586",YBS / YRTA Official
1236,2236,ဘေလီ (ဈေး),Bay Li (Market),တောင်ဥက္ကလာပ,South Okkalapa,ပါရမီလမ်း,Parami Road,16.860632,96.178145,"https://www.google.com/maps?q=16.860632,96.178145",YBS / YRTA Official
1237,2237,မြင်သာဈေး (ဈေး),Myin Thar Zay (Market),တောင်ဥက္ကလာပ,South Okkalapa,သံသုမာလမ်း,Thanthumar Road,16.854652,96.182119,"https://www.google.com/maps?q=16.854652,96.182119",YBS / YRTA Official
1238,2238,ဟံသာဝတီလမ်း (ဈေး),Hantharwaddy Road (Market),တောင်ဥက္ကလာပ,South Okkalapa,ဝေဇယန္တာလမ်း,Waizayanta Road,16.841343,96.171995,"https://www.google.com/maps?q=16.841343,96.171995",YBS / YRTA Official
1239,2239,အင်းဝ (ဈေး),Inwa (Market),တောင်ဥက္ကလာပ,South Okkalapa,သုမင်္ဂလာလမ်း,Thu Mingalar Road,16.84953,96.17787,"https://www.google.com/maps?q=16.849530,96.177870",YBS / YRTA Official
1240,2240,(၁၆) ဂိတ် (ဈေး),Sae-Chauk Gate (16 Gate) (Market),ထောက်ကြန့်,Htaukkyant,ရန်ကုန်-ပြည်လမ်းမကြီး,Yangon-Pyay Main Road,17.10506,96.052969,"https://www.google.com/maps?q=17.105060,96.052969",YBS / YRTA Official
1241,2241,(၂) ဂိတ် (ဈေး),Hnit Gate (2 Gate) (Market),ထောက်ကြန့်,Htaukkyant,ရန်ကုန်-ပြည်လမ်းမကြီး,Yangon-Pyay Main Road,17.065707,96.114412,"https://www.google.com/maps?q=17.065707,96.114412",YBS / YRTA Official
1242,2242,(၈၂) (ဈေး),Shit-Sae-Hnit (82) (Market),ထောက်ကြန့်,Htaukkyant,ရန်ကုန်-ပြည်လမ်းမကြီး,Yangon-Pyay Main Road,17.05352,96.120259,"https://www.google.com/maps?q=17.053520,96.120259",YBS / YRTA Official
1243,2243,(၉) ဂိတ် (ဈေး),Nine Gate (9 Gate) (Market),ထောက်ကြန့်,Htaukkyant,ရန်ကုန်-ပြည်လမ်းမကြီး,Yangon-Pyay Main Road,17.04988,96.119613,"https://www.google.com/maps?q=17.049880,96.119613",YBS / YRTA Official
1244,2244,(၉၁) ဂိတ် (ဈေး),Koe-Sae-Tit Gate (91 Gate) (Market),ထောက်ကြန့်,Htaukkyant,ရန်ကုန်-ပြည်လမ်းမကြီး,Yangon-Pyay Main Road,17.102468,96.084212,"https://www.google.com/maps?q=17.102468,96.084212",YBS / YRTA Official
1245,2245,ကြက်ဖြူကန် (ဈေး),Kyat Phyu Kan (Market),ထောက်ကြန့်,Htaukkyant,ရန်ကုန်-ပြည်လမ်းမကြီး,Yangon-Pyay Main Road,17.086435,96.100625,"https://www.google.com/maps?q=17.086435,96.100625",YBS / YRTA Official
1246,2246,စမ်းချောင်းပေါက် (ဈေး),San Chaung Pauk (Market),ထောက်ကြန့်,Htaukkyant,ရန်ကုန်-ပြည်လမ်းမကြီး,Yangon-Pyay Main Road,17.093628,96.092668,"https://www.google.com/maps?q=17.093628,96.092668",YBS / YRTA Official
1247,2247,ထောက်ကြန့်လမ်းဆုံ (ဈေး),Htauk Kyant Lan Sone (Market),ထောက်ကြန့်,Htaukkyant,အမှတ်(၂)လမ်းမ,No. 2 Main Road,17.044267,96.133073,"https://www.google.com/maps?q=17.044267,96.133073",YBS / YRTA Official
1248,2248,ဗိုလ်သင်တန်း (ဈေး),Bo Thin Tan (Market),ထောက်ကြန့်,Htaukkyant,ရန်ကုန်-ပြည်လမ်းမကြီး,Yangon-Pyay Main Road,17.10504,96.079804,"https://www.google.com/maps?q=17.105040,96.079804",YBS / YRTA Official
1249,2249,မီးစက် (ဈေး),Mee Sat (Market),ထောက်ကြန့်,Htaukkyant,ရန်ကုန်-ပြည်လမ်းမကြီး,Yangon-Pyay Main Road,17.078214,96.10767,"https://www.google.com/maps?q=17.078214,96.107670",YBS / YRTA Official
1250,2250,မော်တော်ယာဉ် (ဈေး),Maw Taw Yin (Market),ထောက်ကြန့်,Htaukkyant,ရန်ကုန်-ပြည်လမ်းမကြီး,Yangon-Pyay Main Road,17.105829,96.073754,"https://www.google.com/maps?q=17.105829,96.073754",YBS / YRTA Official
1251,2251,ရဲဘော်ဈေး (ဈေး),Ye Baw Zay (Market),ထောက်ကြန့်,Htaukkyant,ရန်ကုန်-ပြည်လမ်းမကြီး,Yangon-Pyay Main Road,17.091853,96.097637,"https://www.google.com/maps?q=17.091853,96.097637",YBS / YRTA Official
1252,2252,လေတပ် (ဈေး),Lay Tat (Market),ထောက်ကြန့်,Htaukkyant,ရန်ကုန်-ပြည်လမ်းမကြီး,Yangon-Pyay Main Road,17.11122,96.070942,"https://www.google.com/maps?q=17.111220,96.070942",YBS / YRTA Official
1253,2253,ကျောက်တိုင် (ဈေး),Kyauk Taing (Market),ဒဂုံ,Dagon,ZOOLOGICAL Garden Road,ZOOLOGICAL Garden Road,16.790922,96.154853,"https://www.google.com/maps?q=16.790922,96.154853",YBS / YRTA Official
1254,2254,စိန်ဂျွန်း (ဈေး),Sein Gyun (Market),ဒဂုံ,Dagon,ပြည်လမ်း,Pyay Road,16.781486,96.145191,"https://www.google.com/maps?q=16.781486,96.145191",YBS / YRTA Official
1255,2255,တောင်ဘက်မုခ် (ဈေး),Taung Phat Moke (Shwedagon South Gate) (Market),ဒဂုံ,Dagon,Shwedagon Pagoda Road,Shwedagon Pagoda Road,16.79515,96.153461,"https://www.google.com/maps?q=16.795150,96.153461",YBS / YRTA Official
1256,2256,ပဲခူးကလပ် (ဈေး),Bago Kalat (Market),ဒဂုံ,Dagon,ပြည်လမ်း,Pyay Road,16.787063,96.142031,"https://www.google.com/maps?q=16.787063,96.142031",YBS / YRTA Official
1257,2257,မြောက်ဘက်မုခ် (ဈေး),Myauk Phat Moke (Shwedagon North Gate) (Market),ဒဂုံ,Dagon,အာဇာနည်လမ်း,RZarNi Road,16.803461,96.148382,"https://www.google.com/maps?q=16.803461,96.148382",YBS / YRTA Official
1258,2258,လေဟာပြင်စျေး (ဈေး),Lay Har Pyin Zay (Market),ဒဂုံ,Dagon,Shwedagon Pagoda Road,Shwedagon Pagoda Road,16.780038,96.155171,"https://www.google.com/maps?q=16.780038,96.155171",YBS / YRTA Official
1259,2259,ဟယ်(လ်)ပင် (ဈေး),Halpin (Market),ဒဂုံ,Dagon,ပြည်လမ်း,Pyay Road,16.789658,96.142217,"https://www.google.com/maps?q=16.789658,96.142217",YBS / YRTA Official
1260,2260,အရှေ့ဘက်မုခ် (ဈေး),Ashae Phat Moke (Shwedagon East Gate) (Market),ဒဂုံ,Dagon,အာဇာနည်လမ်း,RZarNi Road,16.799071,96.152135,"https://www.google.com/maps?q=16.799071,96.152135",YBS / YRTA Official
1261,2261,(၁၁) လမ်း (ဈေး),Sae-Tit Lan (11 Lan) (Market),ဒဂုံဆိပ်ကမ်း,Dagon Seikkan,ကျွန်းရွှေဝါလမ်း,Kyun Shwe Wah Road,16.824325,96.267101,"https://www.google.com/maps?q=16.824325,96.267101",YBS / YRTA Official
1262,2262,(၈၉) ကွေ့ (ဈေး),Shit-sae-koe Kwae (89 Kwae) (Market),ဒဂုံဆိပ်ကမ်း,Dagon Seikkan,Kun At Min Thar Road,Kun At Min Thar Road,16.840826,96.279865,"https://www.google.com/maps?q=16.840826,96.279865",YBS / YRTA Official
1263,2263,ကနောင်ကွေ့ (ဈေး),Kanaung Kwae (Market),ဒဂုံဆိပ်ကမ်း,Dagon Seikkan,Kanaung Minthargyi Road,Kanaung Minthargyi Road,16.832473,96.277736,"https://www.google.com/maps?q=16.832473,96.277736",YBS / YRTA Official
1264,2264,ပိတောက်ကွေ့ (ဈေး),Padauk Kwae (Market),ဒဂုံဆိပ်ကမ်း,Dagon Seikkan,ကျွန်းရွှေဝါလမ်း,Kyun Shwe Wah Road,16.825728,96.266786,"https://www.google.com/maps?q=16.825728,96.266786",YBS / YRTA Official
1265,2265,မုခ်ဦး (ယုဇနဥယျာဉ်) (ဈေး),Moke Oo Yuzana Garden (Market),ဒဂုံဆိပ်ကမ်း,Dagon Seikkan,Bago River Road,Bago River Road,16.829689,96.269431,"https://www.google.com/maps?q=16.829689,96.269431",YBS / YRTA Official
1266,2266,မြနန္ဒာ (ဈေး),Mya Nandar (Market),ဒဂုံဆိပ်ကမ်း,Dagon Seikkan,Bago River Road,Bago River Road,16.83604,96.254837,"https://www.google.com/maps?q=16.836040,96.254837",YBS / YRTA Official
1267,2267,ရတနာလမ်း (ဈေး),Yadanar Lan (Market),ဒဂုံဆိပ်ကမ်း,Dagon Seikkan,Bago River Road,Bago River Road,16.836748,96.251562,"https://www.google.com/maps?q=16.836748,96.251562",YBS / YRTA Official
1268,2268,ရွှေလီလမ်း (ဈေး),Shwe Li Road (Market),ဒဂုံဆိပ်ကမ်း,Dagon Seikkan,Shwe Li Road,Shwe Li Road,16.825842,96.244974,"https://www.google.com/maps?q=16.825842,96.244974",YBS / YRTA Official
1269,2269,(၃) ဂိတ်ဟောင်း (ဈေး),Thone Gate Haung (3 Gate) (Market),ဒေါပုံ,Dawbon,မြင်တော်သာလမ်း,Myintawthar Road,16.776461,96.197532,"https://www.google.com/maps?q=16.776461,96.197532",YBS / YRTA Official
1270,2270,ဓမ္မာရုံ (ဈေး),Dhamar Yon (Market),ဒေါပုံ,Dawbon,ယမုံနာလမ်း,Yamonar Road,16.777646,96.195392,"https://www.google.com/maps?q=16.777646,96.195392",YBS / YRTA Official
1271,2271,မာန်ပြေ (ဈေး),Man Pyae (Market),ဒေါပုံ,Dawbon,ယမုံနာလမ်း,Yamonar Road,16.779944,96.193636,"https://www.google.com/maps?q=16.779944,96.193636",YBS / YRTA Official
1272,2272,ရန်ပြေ (ဈေး),Yan Pyay (Market),ဒေါပုံ,Dawbon,ယမုံနာလမ်း,Yamonar Road,16.78124,96.192947,"https://www.google.com/maps?q=16.781240,96.192947",YBS / YRTA Official
1273,2273,ဝါဆို (ဈေး),Warso (Market),ဒေါပုံ,Dawbon,ယမုံနာလမ်း,Yamonar Road,16.780133,96.181263,"https://www.google.com/maps?q=16.780133,96.181263",YBS / YRTA Official
1274,2274,သင်္ဘောကျင်း (ဈေး),Thinbaw Kyin (Market),ဒေါပုံ,Dawbon,ယမုံနာလမ်း,Yamonar Road,16.779969,96.184815,"https://www.google.com/maps?q=16.779969,96.184815",YBS / YRTA Official
1275,2275,(၆) လမ်း (ဈေး),Chauk Lan (6 Lan) (Market),ပုဇွန်တောင်,Pazundaung,အထက်ပုဇွန်တောင်လမ်း,Upper Pazundaung Road,16.804244,96.186265,"https://www.google.com/maps?q=16.804244,96.186265",YBS / YRTA Official
1276,2276,ဂန္ဓီ (ဈေး),Gandee (Market),ပုဇွန်တောင်,Pazundaung,မဟာဗန္ဓုလလမ်း,Mahabandoola Road,16.771583,96.175575,"https://www.google.com/maps?q=16.771583,96.175575",YBS / YRTA Official
1277,2277,ညောင်တန်း (ဈေး),Nyaung Tan (Market),ပုဇွန်တောင်,Pazundaung,အောက်ပုဇွန်တောင်လမ်း,Lower Pazundaung Road,16.777653,96.174166,"https://www.google.com/maps?q=16.777653,96.174166",YBS / YRTA Official
1278,2278,ပုဇွန်တောင်ဈေး (ဈေး),Pazundaung Zay (Market),ပုဇွန်တောင်,Pazundaung,အထက်ပုဇွန်တောင်လမ်း,Upper Pazundaung Road,16.778811,96.176366,"https://www.google.com/maps?q=16.778811,96.176366",YBS / YRTA Official
1279,2279,ဗိုလ်တထောင်ဈေး (ဈေး),Botahtaung Zay (Market),ပုဇွန်တောင်,Pazundaung,ကမ်းနားလမ်း,Strand Road,16.767131,96.174976,"https://www.google.com/maps?q=16.767131,96.174976",YBS / YRTA Official
1280,2280,ဘီအိုစီ (ဈေး),B.O.C (Market),ပုဇွန်တောင်,Pazundaung,Than Lyet Soon Road,Than Lyet Soon Road,16.767526,96.187924,"https://www.google.com/maps?q=16.767526,96.187924",YBS / YRTA Official
1281,2281,လင်းစဒေါင်း (ဈေး),Lin Sadaung (Market),ပုဇွန်တောင်,Pazundaung,ကမ်းနားလမ်း,Strand Road,16.770139,96.179436,"https://www.google.com/maps?q=16.770139,96.179436",YBS / YRTA Official
1282,2282,သီတာဆိပ် (ဈေး),Thida Seik (Market),ပုဇွန်တောင်,Pazundaung,အောက်ပုဇွန်တောင်လမ်း,Lower Pazundaung Road,16.774823,96.181057,"https://www.google.com/maps?q=16.774823,96.181057",YBS / YRTA Official
1283,2283,ကုန်ဈေးတန်း (ဈေး),Kone Zay Tan (Market),ပန်းဘဲတန်း,Pabedan,အနော်ရထာလမ်း,Anawrahta Road,16.776155,96.154101,"https://www.google.com/maps?q=16.776155,96.154101",YBS / YRTA Official
1284,2284,ဗိုလ်ချုပ်ဈေး (ဈေး),Bogyoke Zay (Market),ပန်းဘဲတန်း,Pabedan,ဗိုလ်ချုပ်အောင်ဆန်းလမ်း,Bogyoke Aung San Road,16.777611,96.155248,"https://www.google.com/maps?q=16.777611,96.155248",YBS / YRTA Official
1285,2285,ရုပ်ရှင်ရုံ (ဈေး),Yoke Shin Yon (Market),ပန်းဘဲတန်း,Pabedan,ဆူးလေးဘုရားလမ်း,Sule Pagoda Road,16.77606,96.157739,"https://www.google.com/maps?q=16.776060,96.157739",YBS / YRTA Official
1286,2286,လမ်း (၃၀) (ဈေး),Lan Thone Sae (30 Lan) (Market),ပန်းဘဲတန်း,Pabedan,အနော်ရထာလမ်း,Anawrahta Road,16.774769,96.159477,"https://www.google.com/maps?q=16.774769,96.159477",YBS / YRTA Official
1287,2287,သိမ်ကြီးဈေး (ဈေး),Theingyi Zay (Market),ပန်းဘဲတန်း,Pabedan,မဟာဗန္ဓုလလမ်း,Mahabandoola Road,16.776396,96.155891,"https://www.google.com/maps?q=16.776396,96.155891",YBS / YRTA Official
1288,2288,(၂) ဂိတ် (ဈေး),Hnit Gate (2 Gate) (Market),ဖောင်ကြီး,Hpaunggyi,Hlegu-Phaung Gyi Road,Hlegu-Phaung Gyi Road,17.340413,96.197334,"https://www.google.com/maps?q=17.340413,96.197334",YBS / YRTA Official
1289,2289,စံပြ (ဈေး),San Pya (Market),ဖောင်ကြီး,Hpaunggyi,Hlegu-Phaung Gyi Road,Hlegu-Phaung Gyi Road,17.335296,96.1986,"https://www.google.com/maps?q=17.335296,96.198600",YBS / YRTA Official
1290,2290,ဆေးရုံကုန်း (ဈေး),Say Yone Kone (Market),ဖောင်ကြီး,Hpaunggyi,Hlegu-Phaung Gyi Road,Hlegu-Phaung Gyi Road,17.329496,96.186668,"https://www.google.com/maps?q=17.329496,96.186668",YBS / YRTA Official
1291,2291,ဖောင်ကြီးတာဆုံ (ဈေး),Phaung Gyi Tar Sone (Market),ဖောင်ကြီး,Hpaunggyi,Hlegu-Phaung Gyi Road,Hlegu-Phaung Gyi Road,17.32376,96.178596,"https://www.google.com/maps?q=17.323760,96.178596",YBS / YRTA Official
1292,2292,ဗဟိုဝန်ထမ်းတက္ကသိုလ် (ဈေး),Baho Wun Htan Takke Tho (Market),ဖောင်ကြီး,Hpaunggyi,Hlegu-Phaung Gyi Road,Hlegu-Phaung Gyi Road,17.331131,96.18543,"https://www.google.com/maps?q=17.331131,96.185430",YBS / YRTA Official
1293,2293,သမဝါယမကောလိပ် (ဈေး),Thama War Ya Ma College (Market),ဖောင်ကြီး,Hpaunggyi,Hlegu-Phaung Gyi Road,Hlegu-Phaung Gyi Road,17.345105,96.202189,"https://www.google.com/maps?q=17.345105,96.202189",YBS / YRTA Official
1294,2294,(၅) ထပ်ကြီး (ဈေး),Ngar Htat Kyee (5 Htat Kyee) (Market),ဗဟန်း,Bahan,East Shwe Gon Daing Road,East Shwe Gon Daing Road,16.810369,96.165067,"https://www.google.com/maps?q=16.810369,96.165067",YBS / YRTA Official
1295,2295,(၆) ထပ်ကြီး (ဈေး),Chauk Htat Kyee (6 Htat Kyee) (Market),ဗဟန်း,Bahan,East Shwe Gon Daing Road,East Shwe Gon Daing Road,16.810211,96.166502,"https://www.google.com/maps?q=16.810211,96.166502",YBS / YRTA Official
1296,2296,ကုက္ကိုင်း (ဈေး),Koke Kine (Market),ဗဟန်း,Bahan,တက္ကသိုလ်ရိပ်သာလမ်း,University Avenue Road,16.825088,96.155117,"https://www.google.com/maps?q=16.825088,96.155117",YBS / YRTA Official
1297,2297,ကုက္ကိုင်း / ကျောင်းရှေ့ (ဈေး),Kokkaing/ Kyaung Shae (Market),ဗဟန်း,Bahan,ကမ္ဘာအေးဘုရားလမ်း,Kabar Aye Pagoda Road,16.820976,96.157638,"https://www.google.com/maps?q=16.820976,96.157638",YBS / YRTA Official
1298,2298,စက်မှု(၁)/မြန်မာပလာဇာ (ဈေး),Set Hmu Tit/Myanmar Plaza (Market),ဗဟန်း,Bahan,ကမ္ဘာအေးဘုရားလမ်း,Kabar Aye Pagoda Road,16.827227,96.152623,"https://www.google.com/maps?q=16.827227,96.152623",YBS / YRTA Official
1299,2299,နတ်မောက်ကျောင်းရှေ့ (ဈေး),Nat Mauk Kyaung Shae (Market),ဗဟန်း,Bahan,နတ်မောက်လမ်း,Nat Mauk Road,16.799035,96.164869,"https://www.google.com/maps?q=16.799035,96.164869",YBS / YRTA Official
1300,2300,နှင်းဆီကုန်းရိပ်သာ (ဈေး),Hnin Si Kone Yate Thar (Market),ဗဟန်း,Bahan,ကမ္ဘာအေးဘုရားလမ်း,Kabar Aye Pagoda Road,16.811085,96.158046,"https://www.google.com/maps?q=16.811085,96.158046",YBS / YRTA Official
1301,2301,ဖိုးစိန်လမ်း (ဈေး),Phoe Sein Lan (Market),ဗဟန်း,Bahan,နတ်မောက်လမ်း,Nat Mauk Road,16.801887,96.165606,"https://www.google.com/maps?q=16.801887,96.165606",YBS / YRTA Official
1302,2302,ဗဟန်းသုံးလမ်း (ဈေး),Bahan Thone Lan (Market),ဗဟန်း,Bahan,Bahan Road,Bahan Road,16.798183,96.15548,"https://www.google.com/maps?q=16.798183,96.155480",YBS / YRTA Official
1303,2303,ရွှေဂုံတိုင် (ဈေး),Shwe Gon Daing (Market),ဗဟန်း,Bahan,West Shwe Gon Daing Road,West Shwe Gon Daing Road,16.804173,96.155291,"https://www.google.com/maps?q=16.804173,96.155291",YBS / YRTA Official
1304,2304,ဝိဇယပလာဇာ (ဈေး),Wizaya Plaza (Market),ဗဟန်း,Bahan,ဓမ္မစေတီလမ်း,Dhamazedi Road,16.805715,96.145202,"https://www.google.com/maps?q=16.805715,96.145202",YBS / YRTA Official
1305,2305,သံလွင် (ဈေး),Thanlwin (Market),ဗဟန်း,Bahan,တက္ကသိုလ်ရိပ်သာလမ်း,University Avenue Road,16.822669,96.146447,"https://www.google.com/maps?q=16.822669,96.146447",YBS / YRTA Official
1306,2306,အထက (၁) ဗဟန်း (ဈေး),Ah Hta Ka Tit Bahan (No. 1 High School) (Market),ဗဟန်း,Bahan,ဓမ္မစေတီလမ်း,Dhamazedi Road,16.808414,96.151786,"https://www.google.com/maps?q=16.808414,96.151786",YBS / YRTA Official
1307,2307,(၅၀) ကွေ့ (ဈေး),Ngar-sae Kwae (50 Kwae) (Market),ဗိုလ်တထောင်,Botahtaung,Botahtaung Pagoda Road,Botahtaung Pagoda Road,16.774329,96.174413,"https://www.google.com/maps?q=16.774329,96.174413",YBS / YRTA Official
1308,2308,ကြယ်ငါးပွင့် (ဈေး),Kyel Ngar Pwint (Market),ဗိုလ်တထောင်,Botahtaung,သိမ်ဖြူလမ်း,Thein Phyu Road,16.771554,96.169269,"https://www.google.com/maps?q=16.771554,96.169269",YBS / YRTA Official
1309,2309,စိန်ပေါ(လ်) (ဈေး),Sein Paul (Market),ဗိုလ်တထောင်,Botahtaung,သိမ်ဖြူလမ်း,Thein Phyu Road,16.775022,96.169387,"https://www.google.com/maps?q=16.775022,96.169387",YBS / YRTA Official
1310,2310,အိုးရှင်း (ဈေး),Ocean (Botahtaung) (Market),ဗိုလ်တထောင်,Botahtaung,မဟာဗန္ဓုလလမ်း,Mahabandoola Road,16.776027,96.175472,"https://www.google.com/maps?q=16.776027,96.175472",YBS / YRTA Official
1311,2311,(၆) မိုင်ခွဲ (ဈေး),Chauk Mile Khawe (6 Mile) (Market),မရမ်းကုန်း,Mayangone,ပြည်လမ်း,Pyay Road,16.846824,96.135734,"https://www.google.com/maps?q=16.846824,96.135734",YBS / YRTA Official
1312,2312,(၇) မိုင် (ဈေး),Khun-hnat Mile (7 Mile) (Market),မရမ်းကုန်း,Mayangone,ပြည်လမ်း,Pyay Road,16.854744,96.141897,"https://www.google.com/maps?q=16.854744,96.141897",YBS / YRTA Official
1313,2313,(၈) မိုင် (ဈေး),Shit Mile (8 Mile) (Market),မရမ်းကုန်း,Mayangone,ပြည်လမ်း,Pyay Road,16.865998,96.143827,"https://www.google.com/maps?q=16.865998,96.143827",YBS / YRTA Official
1314,2314,(၉) မိုင် (ဈေး),Koe Mile (9 Mile) (Market),မရမ်းကုန်း,Mayangone,ပြည်လမ်း,Pyay Road,16.880779,96.137638,"https://www.google.com/maps?q=16.880779,96.137638",YBS / YRTA Official
1315,2315,ကမ္ဘာအေးဘုရားလမ်း (ဈေး),Kabar Aye Paya (Market),မရမ်းကုန်း,Mayangone,ကမ္ဘာအေးဘုရားလမ်း,Kabar Aye Pagoda Road,16.856276,96.156821,"https://www.google.com/maps?q=16.856276,96.156821",YBS / YRTA Official
1316,2316,ကျိုက်ဝိုင်း (ဈေး),Kyaik Wine (Market),မရမ်းကုန်း,Mayangone,ကျိုက်ဝိုင်းဘုရားလမ်း,Kyaik Wine Pagoda Road,16.865832,96.127477,"https://www.google.com/maps?q=16.865832,96.127477",YBS / YRTA Official
1317,2317,ချော်တွင်းကုန်း (ဈေး),Chaw Twin Kone (Market),မရမ်းကုန်း,Mayangone,ကမ္ဘာအေးဘုရားလမ်း,Kabar Aye Pagoda Road,16.849031,96.157286,"https://www.google.com/maps?q=16.849031,96.157286",YBS / YRTA Official
1318,2318,ဘုရင့်နောင်လမ်းဆုံ (ဈေး),Bayint Naung Lan Sone (Market),မရမ်းကုန်း,Mayangone,ဘုရင့်နောင်လမ်း,Bayint Naung Road,16.854965,96.111064,"https://www.google.com/maps?q=16.854965,96.111064",YBS / YRTA Official
1319,2319,မြိုင်ဟေဝန်ပန်းခြံ (ဈေး),Myaing Hay Wun (Market),မရမ်းကုန်း,Mayangone,ကမ္ဘာအေးဘုရားလမ်း,Kabar Aye Pagoda Road,16.866435,96.145236,"https://www.google.com/maps?q=16.866435,96.145236",YBS / YRTA Official
1320,2320,သမိုင်းလမ်းဆုံ (ဈေး),Thamine Lan Son (Market),မရမ်းကုန်း,Mayangone,ရန်ကုန်-အင်းစိန်လမ်း,Yangon-Insein Road,16.865653,96.120635,"https://www.google.com/maps?q=16.865653,96.120635",YBS / YRTA Official
1321,2321,မင်္ဂလာဈေး (ဈေး),Mingalar Zay (Market),မင်္ဂလာတောင်ညွန့်,Mingalar Taung Nyunt,Mill Road,Mill Road,16.791343,96.174994,"https://www.google.com/maps?q=16.791343,96.174994",YBS / YRTA Official
1322,2322,ယုဇနပလာဇာ / လမ်းကျယ် (ဈေး),Yuzana Plaza/ Lan Kyal (Market),မင်္ဂလာတောင်ညွန့်,Mingalar Taung Nyunt,ဗညားဒလလမ်း,Banyardala Road,16.792848,96.173908,"https://www.google.com/maps?q=16.792848,96.173908",YBS / YRTA Official
1323,2323,ရန်ကုန်ဘူတာကြီး (ဈေး),Yangon Central Railway Station (Market),မင်္ဂလာတောင်ညွန့်,Mingalar Taung Nyunt,Upper Pansodan Road,Upper Pansodan Road,16.783685,96.164198,"https://www.google.com/maps?q=16.783685,96.164198",YBS / YRTA Official
1324,2324,သိမ်ဖြူဈေး (ဈေး),Thein Phyu Zay (Market),မင်္ဂလာတောင်ညွန့်,Mingalar Taung Nyunt,သိမ်ဖြူလမ်း,Thein Phyu Road,16.784965,96.167107,"https://www.google.com/maps?q=16.784965,96.167107",YBS / YRTA Official
1325,2325,အောင်မင်္ဂလာ (ဈေး),Aung Mingalar (Market),မင်္ဂလာတောင်ညွန့်,Mingalar Taung Nyunt,ဗညားဒလလမ်း,Banyardala Road,16.794571,96.175773,"https://www.google.com/maps?q=16.794571,96.175773",YBS / YRTA Official
1326,2326,ခရေပင်လမ်းခွဲ (ဈေး),Khayae Pin Lan Khawe (Market),မင်္ဂလာဒုံ,Mingaladon,အမှတ်(၁)လမ်းမ,No. 1 Main Road,16.926702,96.133373,"https://www.google.com/maps?q=16.926702,96.133373",YBS / YRTA Official
1327,2327,ကုန်းထိပ် (ဈေး),Kone Htate (Market),မင်္ဂလာဒုံ,Mingaladon,အမှတ်(၁)လမ်းမ,No. 1 Main Road,17.004638,96.129812,"https://www.google.com/maps?q=17.004638,96.129812",YBS / YRTA Official
1328,2328,ကျိုက်ကလို့ (ဈေး),Kyaikkalot (Market),မင်္ဂလာဒုံ,Mingaladon,အမှတ်(၁)လမ်းမ,No. 1 Main Road,16.952053,96.125825,"https://www.google.com/maps?q=16.952053,96.125825",YBS / YRTA Official
1329,2329,မင်္ဂလာဒုံဈေး (ဈေး),Mingalardon Zay (Market),မင်္ဂလာဒုံ,Mingaladon,အမှတ်(၁)လမ်းမ,No. 1 Main Road,16.935721,96.132723,"https://www.google.com/maps?q=16.935721,96.132723",YBS / YRTA Official
1330,2330,ရန်ကုန်လေဆိပ် တာမီနယ် (၁) (ဈေး),Yangon Intl. Airport Terminal 1 (Market),မင်္ဂလာဒုံ,Mingaladon,Yangon Airport Road,Yangon Airport Road,16.903479,96.136181,"https://www.google.com/maps?q=16.903479,96.136181",YBS / YRTA Official
1331,2331,ပုလဲလမ်းဆုံ (ဈေး),Palae Lan Sone (Market),မင်္ဂလာဒုံ,Mingaladon,အမှတ်(၃)လမ်းမ,No. 3 Main Road,16.980194,96.148586,"https://www.google.com/maps?q=16.980194,96.148586",YBS / YRTA Official
1332,2332,ဒဂုံတက္ကသိုလ် (ဈေး),Dagon University (Market),မြောက်ဒဂုံ,North Dagon,Dagon University,Dagon University,16.911396,96.212515,"https://www.google.com/maps?q=16.911396,96.212515",YBS / YRTA Official
1333,2333,(၃၅) ကွေ့ (ဈေး),Thone-sae-ngar Kwae (35 Kwae) (Market),မြောက်ဒဂုံ,North Dagon,ပင်လုံလမ်း,Pin Lon Road,16.868033,96.189086,"https://www.google.com/maps?q=16.868033,96.189086",YBS / YRTA Official
1334,2334,(၄၄) လမ်းဆုံ (ဈေး),Lay-sae-lay Lan Sone (44 Lan Sone) (Market),မြောက်ဒဂုံ,North Dagon,ဗိုလ်မှူးဗထူးလမ်း,Bo Hmu Ba Htoo Road,16.892801,96.181715,"https://www.google.com/maps?q=16.892801,96.181715",YBS / YRTA Official
1335,2335,ဗထူးဈေး (ဈေး),Ba Htoo Zay (Market),မြောက်ဒဂုံ,North Dagon,ဗိုလ်မှူးဗထူးလမ်း,Bo Hmu Ba Htoo Road,16.893434,96.184722,"https://www.google.com/maps?q=16.893434,96.184722",YBS / YRTA Official
1336,2336,ပင်လုံဆေးရုံ (ဈေး),Pinlon Hospital (Market),မြောက်ဒဂုံ,North Dagon,ပင်လုံလမ်း,Pin Lon Road,16.857733,96.197226,"https://www.google.com/maps?q=16.857733,96.197226",YBS / YRTA Official
1337,2337,မန္တလေးလမ်း (ဈေး),Mandalay Lan (Market),မြောက်ဒဂုံ,North Dagon,ပင်လုံလမ်း,Pin Lon Road,16.875241,96.20019,"https://www.google.com/maps?q=16.875241,96.200190",YBS / YRTA Official
1338,2338,(၂) ဈေး (ဈေး),Hnit Zay (2 Zay) (Market),မြောက်ဥက္ကလာပ,North Okkalapa,သုဓမ္မာလမ်း,Thudhamar Road,16.878284,96.157794,"https://www.google.com/maps?q=16.878284,96.157794",YBS / YRTA Official
1339,2339,(၆) ကွေ့ (ဈေး),Chauk Kwae (6 Kwae) (Market),မြောက်ဥက္ကလာပ,North Okkalapa,သုဓမ္မာလမ်း,Thudhamar Road,16.917748,96.163909,"https://www.google.com/maps?q=16.917748,96.163909",YBS / YRTA Official
1340,2340,(ဃ) ဈေး (ဈေး),Ga-gyi Zay (Market),မြောက်ဥက္ကလာပ,North Okkalapa,သုဓမ္မာလမ်း,Thudhamar Road,16.893998,96.159463,"https://www.google.com/maps?q=16.893998,96.159463",YBS / YRTA Official
1341,2341,(ဈ) ဈေး (ဈေး),Za-myin-zwe Zay (Market),မြောက်ဥက္ကလာပ,North Okkalapa,ခေမာသီလမ်း,Khaymarthi Road,16.91108,96.162385,"https://www.google.com/maps?q=16.911080,96.162385",YBS / YRTA Official
1342,2342,မြောက်ဥက္ကလာ အဝိုင်း (ဈေး),Myauk Okkalar Awine (Market),မြောက်ဥက္ကလာပ,North Okkalapa,သုဓမ္မာလမ်း,Thudhamar Road,16.893574,96.155644,"https://www.google.com/maps?q=16.893574,96.155644",YBS / YRTA Official
1343,2343,အောင်မင်္ဂလာ အဝေးပြေး (ဈေး),Aung Mingalar A Way Pyay (Market),မြောက်ဥက္ကလာပ,North Okkalapa,သုဓမ္မာလမ်း,Thudhamar Road,16.926423,96.156017,"https://www.google.com/maps?q=16.926423,96.156017",YBS / YRTA Official
1344,2344,မဲလမုဘုရား (ဈေး),Melamu Pagoda (Market),မြောက်ဥက္ကလာပ,North Okkalapa,သုဓမ္မာလမ်း,Thudhamar Road,16.884533,96.168258,"https://www.google.com/maps?q=16.884533,96.168258",YBS / YRTA Official
1345,2345,မှော်ဘီဈေး (ဈေး),Hmaw Bi Zay (Market),မှော်ဘီ,Hmawbi,ရန်ကုန်-ပြည်လမ်းမကြီး,Yangon-Pyay Main Road,17.098492,96.042819,"https://www.google.com/maps?q=17.098492,96.042819",YBS / YRTA Official
1346,2346,ဂျီတီစီဆိုက်သစ် (ဈေး),G.T.C Site Thit (Market),မှော်ဘီ,Hmawbi,ရန်ကုန်-ပြည်လမ်းမကြီး,Yangon-Pyay Main Road,17.123301,96.009026,"https://www.google.com/maps?q=17.123301,96.009026",YBS / YRTA Official
1347,2347,ဂျပန်ဆိုက် (ဈေး),Japan Site (Market),မှော်ဘီ,Hmawbi,ရန်ကုန်-ပြည်လမ်းမကြီး,Yangon-Pyay Main Road,17.138007,96.001365,"https://www.google.com/maps?q=17.138007,96.001365",YBS / YRTA Official
1348,2348,ထန်းတပင်တာဆုံ (ဈေး),Htan Ta Pin Tar Sone (Market),မှော်ဘီ,Hmawbi,ရန်ကုန်-ပြည်လမ်းမကြီး,Yangon-Pyay Main Road,17.09886,96.03695,"https://www.google.com/maps?q=17.098860,96.036950",YBS / YRTA Official
1349,2349,ကျောက်ကုန်း (ဈေး),Kyauk Kone (Market),ရန်ကင်း,Yankin,Moe Kaung Road,Moe Kaung Road,16.83328,96.167737,"https://www.google.com/maps?q=16.833280,96.167737",YBS / YRTA Official
1350,2350,ရန်ကင်းဈေး (ဈေး),Yankin Zay (Market),ရန်ကင်း,Yankin,Yanshin Street,Yanshin Street,16.826804,96.157458,"https://www.google.com/maps?q=16.826804,96.157458",YBS / YRTA Official
1351,2351,မိုးကောင်း (ဈေး),Moe Kaung (Market),ရန်ကင်း,Yankin,Kanbe Road,Kanbe Road,16.836215,96.166296,"https://www.google.com/maps?q=16.836215,96.166296",YBS / YRTA Official
1352,2352,ရန်ကင်းစာတိုက် (ဈေး),Yankin Sar Taik (Market),ရန်ကင်း,Yankin,Yankin Road,Yankin Road,16.836264,96.161565,"https://www.google.com/maps?q=16.836264,96.161565",YBS / YRTA Official
1353,2353,ရွှေပြည်သာကွေ့ (ဈေး),Shwe Pyi Thar Kwae (Market),ရွှေပြည်သာ,Shwepyitha,အမှတ်(၄)လမ်းမ,No. 4 Main Road,16.960569,96.096381,"https://www.google.com/maps?q=16.960569,96.096381",YBS / YRTA Official
1354,2354,ဒဂုံဧရာ (ဈေး),Dagon Ayeyar (Shwepyitha) (Market),ရွှေပြည်သာ,Shwepyitha,လှော်ကားလမ်း,Hlawga Road,16.849123,96.23654,"https://www.google.com/maps?q=16.849123,96.236540",YBS / YRTA Official
1355,2355,ကွန်ပျူတာတက္ကသိုလ် (ဈေး),Computer University (Yangon) (Market),ရွှေပြည်သာ,Shwepyitha,အမှတ်(၄)လမ်းမ,No. 4 Main Road,17.001185,96.087106,"https://www.google.com/maps?q=17.001185,96.087106",YBS / YRTA Official
1356,2356,နဝရတ် (ဈေး),Nawarat (Market),ရွှေပြည်သာ,Shwepyitha,ဘုရင့်နောင်လမ်း,Bayint Naung Road,16.9735,96.077715,"https://www.google.com/maps?q=16.973500,96.077715",YBS / YRTA Official
1357,2357,သာဓုကန် (ဈေး),Thardukan (Market),ရွှေပြည်သာ,Shwepyitha,အမှတ်(၄)လမ်းမ,No. 4 Main Road,16.984562,96.094982,"https://www.google.com/maps?q=16.984562,96.094982",YBS / YRTA Official
1358,2358,ဆေးရုံကြီး (ဈေး),Say Yon Gyi (Yangon General Hospital) (Market),လသာ,Latha,ဗိုလ်ချုပ်အောင်ဆန်းလမ်း,Bogyoke Aung San Road,16.780823,96.148531,"https://www.google.com/maps?q=16.780823,96.148531",YBS / YRTA Official
1359,2359,ညောင်ပင်လေးဈေး (ဈေး),Nyaung Pin Lay Zay (Market),လသာ,Latha,ကမ်းနားလမ်း,Strand Road,16.772001,96.146473,"https://www.google.com/maps?q=16.772001,96.146473",YBS / YRTA Official
1360,2360,လသာ (ဈေး),Latha (Strand) (Market),လသာ,Latha,ကမ်းနားလမ်း,Strand Road,16.769895,96.148967,"https://www.google.com/maps?q=16.769895,96.148967",YBS / YRTA Official
1361,2361,စံပြ (ဈေး),Sanpya (Market),လမ်းမတော်,Lanmadaw,Phone Gyi Road,Phone Gyi Road,16.777004,96.144934,"https://www.google.com/maps?q=16.777004,96.144934",YBS / YRTA Official
1362,2362,ဗဟိုစည် / မော်တင် (ဈေး),Bahosi/ Mawtin (Market),လမ်းမတော်,Lanmadaw,ဗိုလ်ချုပ်အောင်ဆန်းလမ်း,Bogyoke Aung San Road,16.779688,96.141437,"https://www.google.com/maps?q=16.779688,96.141437",YBS / YRTA Official
1363,2363,မော်တင် (ဈေး),Maw Tin (Market),လမ်းမတော်,Lanmadaw,မဟာဗန္ဓုလလမ်း,Mahabandoola Road,16.775191,96.144129,"https://www.google.com/maps?q=16.775191,96.144129",YBS / YRTA Official
1364,2364,ပါရမီလမ်းဆုံ (ဈေး),Parami Junction (Market),လှိုင်,Hlaing,ပြည်လမ်း,Pyay Road,16.845907,96.136722,"https://www.google.com/maps?q=16.845907,96.136722",YBS / YRTA Official
1365,2365,သီရိမင်္ဂလာဈေးသစ် (ဈေး),Thiri Mingalar Market (Market),လှိုင်,Hlaing,ဘုရင့်နောင်လမ်း,Bayint Naung Road,16.841316,96.110856,"https://www.google.com/maps?q=16.841316,96.110856",YBS / YRTA Official
1366,2366,သုခ (ဈေး),Thukha (Market),လှိုင်,Hlaing,ရန်ကုန်-အင်းစိန်လမ်း,Yangon-Insein Road,16.842311,96.128955,"https://www.google.com/maps?q=16.842311,96.128955",YBS / YRTA Official
1367,2367,အေဒီ (ဈေး),A.D (Market),လှိုင်,Hlaing,ပြည်လမ်း,Pyay Road,16.852949,96.138292,"https://www.google.com/maps?q=16.852949,96.138292",YBS / YRTA Official
1368,2368,အုတ်ကျင်း (ဈေး),Oakyin (Market),လှိုင်,Hlaing,ရန်ကုန်-အင်းစိန်လမ်း,Yangon-Insein Road,16.852788,96.126045,"https://www.google.com/maps?q=16.852788,96.126045",YBS / YRTA Official
1369,2369,ဒဂုံဧရာ အဝေးပြေး (ဈေး),Dagon Ayeyar Highway (Market),လှိုင်သာယာ,Hlaingtharyar,အမှတ်(၅)လမ်းမ,No. 5 Main Road,16.880045,96.024421,"https://www.google.com/maps?q=16.880045,96.024421",YBS / YRTA Official
1370,2370,နဝဒေးအိမ်ရာ (ဈေး),Nawaday Housing (Market),လှိုင်သာယာ,Hlaingtharyar,အမှတ်(၅)လမ်းမ,No. 5 Main Road,16.859056,96.070499,"https://www.google.com/maps?q=16.859056,96.070499",YBS / YRTA Official
1371,2371,နည်းပညာတက္ကသိုလ် (ဈေး),University of Technology (West Yangon) (Market),လှိုင်သာယာ,Hlaingtharyar,University of Technology,University of Technology,16.866996,96.013734,"https://www.google.com/maps?q=16.866996,96.013734",YBS / YRTA Official
1372,2372,လှိုင်သာယာ စီးတီးမတ် (ဈေး),Hlaing Tharyar City Mart (Market),လှိုင်သာယာ,Hlaingtharyar,Yangon-Pathein Rd,Yangon-Pathein Rd,16.853435,96.066261,"https://www.google.com/maps?q=16.853435,96.066261",YBS / YRTA Official
1373,2373,ဗိုလ်ချုပ် (ဈေး),Bogyoke (Market),လှိုင်သာယာ,Hlaingtharyar,အမှတ်(၅)လမ်းမ,No. 5 Main Road,16.859395,96.077098,"https://www.google.com/maps?q=16.859395,96.077098",YBS / YRTA Official
1374,2374,လှည်းကူးဈေး (ဈေး),Hlegu Zay (Market),လှည်းကူး,Hlegu,အမှတ်(၁)လမ်းမ,No. 1 Main Road,17.094716,96.217349,"https://www.google.com/maps?q=17.094716,96.217349",YBS / YRTA Official
1375,2375,လှည်းကူးတာဆုံ (ဈေး),Hlegu Tar Sone (Market),လှည်းကူး,Hlegu,Hlegu-Phaung Gyi Road,Hlegu-Phaung Gyi Road,17.098509,96.227572,"https://www.google.com/maps?q=17.098509,96.227572",YBS / YRTA Official
1376,2376,ရတနာမြေ (ဈေး),Yadanar Myay (Market),လှည်းကူး,Hlegu,အမှတ်(၁)လမ်းမ,No. 1 Main Road,17.077651,96.186102,"https://www.google.com/maps?q=17.077651,96.186102",YBS / YRTA Official
1377,2377,သာကေတအဝိုင်း (ဈေး),Thaketa Roundabout (Awine) (Market),သာကေတ,Thaketa,ဧရာဝဏ်လမ်းမကြီး,Ayar Wun Main Road,16.805274,96.21755,"https://www.google.com/maps?q=16.805274,96.217550",YBS / YRTA Official
1378,2378,သန်လျင်တံတား ချဉ်းကပ်လမ်း (ဈေး),Thanlyin Bridge (Chin Kat Lan) (Market),သာကေတ,Thaketa,Thalyin Thada Chin Kat Road,Thalyin Thada Chin Kat Road,16.804631,96.221408,"https://www.google.com/maps?q=16.804631,96.221408",YBS / YRTA Official
1379,2379,ရှုခင်းသာမြို့ပတ်လမ်း (ဈေး),Shukinthar Myo Pat Road (Market),သာကေတ,Thaketa,ရှူ့ခင်းသာမြို့ပတ်လမ်း,Shukinthar Myo Pat Road,16.794364,96.219593,"https://www.google.com/maps?q=16.794364,96.219593",YBS / YRTA Official
1380,2380,(၃) ဈေး (ဈေး),Thone Zay (3 Zay) (Market),သာကေတ,Thaketa,မြင်တော်သာလမ်း,Myintawthar Road,16.783893,96.195002,"https://www.google.com/maps?q=16.783893,96.195002",YBS / YRTA Official
1381,2381,ကျောက်တိုင် (ဈေး),Kyauk Taing (Thaketa) (Market),သာကေတ,Thaketa,ဧရာဝဏ်လမ်းမကြီး,Ayar Wun Main Road,16.803927,96.197838,"https://www.google.com/maps?q=16.803927,96.197838",YBS / YRTA Official
1382,2382,တိုင်းရင်းသားကျေးရွာ (အာဆီယံ) (ဈေး),National Races Village (Asean) (Market),သာကေတ,Thaketa,National Races Village,National Races Village,16.806095,96.233922,"https://www.google.com/maps?q=16.806095,96.233922",YBS / YRTA Official
1383,2383,စံပြဈေး / ငမိုးရိပ် (ဈေး),Sanpya Zay/ Nga Moe Yeik (Market),သင်္ဃန်းကျွန်း,Thingangyun,သံသုမာလမ်း,Thanthumar Road,16.845482,96.203537,"https://www.google.com/maps?q=16.845482,96.203537",YBS / YRTA Official
1384,2384,ဇဝန (ဈေး),Zawana (Market),သင်္ဃန်းကျွန်း,Thingangyun,လေးထောင့်ကန်လမ်း,Lay Daung Kan Road,16.82913,96.1856,"https://www.google.com/maps?q=16.829130,96.185600",YBS / YRTA Official
1385,2385,သုဝဏ္ဏဘောလုံးကွင်း (ဈေး),Thuwunna Stadium (Market),သင်္ဃန်းကျွန်း,Thingangyun,ဝေဇယန္တာလမ်း,Waizayanta Road,16.8189,96.186861,"https://www.google.com/maps?q=16.818900,96.186861",YBS / YRTA Official
1386,2386,သုဝဏ္ဏလမ်းဆုံ (ဈေး),Thuwunna Lan Sone (Market),သင်္ဃန်းကျွန်း,Thingangyun,သံသုမာလမ်း,Thanthumar Road,16.814791,96.19015,"https://www.google.com/maps?q=16.814791,96.190150",YBS / YRTA Official
1387,2387,ကျိုက္ကဆံဘုရား (ဈေး),Kyaikkasan Paya (Market),သင်္ဃန်းကျွန်း,Thingangyun,ရတနာလမ်း,Yadanar Road,16.839893,96.187819,"https://www.google.com/maps?q=16.839893,96.187819",YBS / YRTA Official
1388,2388,ပြည်သာယာ (ဈေး),Pyithaya (Market),သင်္ဃန်းကျွန်း,Thingangyun,Pyithaya Street,Pyithaya Street,16.830197,96.18031,"https://www.google.com/maps?q=16.830197,96.180310",YBS / YRTA Official
1389,2389,ကျိုက်ခေါက်ဘုရား (ဈေး),Kyaik Khauk Pagoda (Market),သန်လျင်,Thanlyin,ကျိုက်ခေါက်ဘုရားလမ်း,Kyaik Khauk Pagoda Road,16.727575,96.270009,"https://www.google.com/maps?q=16.727575,96.270009",YBS / YRTA Official
1390,2390,ရေကြောင်းတက္ကသိုလ် (ဈေး),Myanmar Maritime University (Market),သန်လျင်,Thanlyin,Thanlyin,Thanlyin,16.706532,96.267552,"https://www.google.com/maps?q=16.706532,96.267552",YBS / YRTA Official
1391,2391,သန်လျင်မြို့မဈေး (ဈေး),Thanlyin Myoma Zay (Market),သန်လျင်,Thanlyin,Bogyoke Nay Win Road,Bogyoke Nay Win Road,16.761528,96.244491,"https://www.google.com/maps?q=16.761528,96.244491",YBS / YRTA Official
1392,2392,မြွေဘုရား (ဈေး),Mway Paya (Snake Pagoda) (Market),သန်လျင်,Thanlyin,သန်လျှင်-ကျောက်တန်းလမ်း,Thanlyin-Kyauktan Road,16.663794,96.321806,"https://www.google.com/maps?q=16.663794,96.321806",YBS / YRTA Official
1393,2393,နည်းပညာတက္ကသိုလ် (ဂျီတီယူ) (ဈေး),Nee Pyinyar Takke Tho (G.T.U Thanlyin) (Market),သန်လျင်,Thanlyin,သန်လျှင်-ကျောက်တန်းလမ်း,Thanlyin-Kyauktan Road,16.691165,96.306517,"https://www.google.com/maps?q=16.691165,96.306517",YBS / YRTA Official
1394,2394,အရှေ့ပိုင်းတက္ကသိုလ် (ဈေး),East Yangon University (Taung Dagon) (Market),သန်လျင်,Thanlyin,အမှတ်(၆)လမ်းမ,No. 6 Main Road,16.731865,96.285802,"https://www.google.com/maps?q=16.731865,96.285802",YBS / YRTA Official
1395,2395,ကြိုဆိုပါ၏ (ဈေး),Kyo So Par Ei (Welcome) (Market),သုံးခွ,Thongwa,အမှတ်(၆)လမ်းမ,No. 6 Main Road,16.758262,96.50925,"https://www.google.com/maps?q=16.758262,96.509250",YBS / YRTA Official
1396,2396,ခွန်ထိပ် (ဈေး),Khun Htate (Market),သုံးခွ,Thongwa,အမှတ်(၆)လမ်းမ,No. 6 Main Road,16.758974,96.51455,"https://www.google.com/maps?q=16.758974,96.514550",YBS / YRTA Official
1397,2397,ဘားလမ်း (ဈေး),Bar Lan (Thongwa) (Market),သုံးခွ,Thongwa,အမှတ်(၆)လမ်းမ,No. 6 Main Road,16.759549,96.519221,"https://www.google.com/maps?q=16.759549,96.519221",YBS / YRTA Official
1398,2398,(၁၂) ဂိတ် (ဈေး),Sae-Hnit Gate (12 Gate) (Market),အရှေ့ဒဂုံ,East Dagon,ကျန်စစ်သားလမ်း,Kyansitthar Road,16.8938,96.218549,"https://www.google.com/maps?q=16.893800,96.218549",YBS / YRTA Official
1399,2399,(၁၃) ဂိတ် (ဈေး),Sae-Thone Gate (13 Gate) (Market),အရှေ့ဒဂုံ,East Dagon,ကျန်စစ်သားလမ်း,Kyansitthar Road,16.885839,96.225553,"https://www.google.com/maps?q=16.885839,96.225553",YBS / YRTA Official
1400,2400,စည်ပင် (ဈေး),Si Pin (East Dagon) (Market),အရှေ့ဒဂုံ,East Dagon,Min Ye Kyaw Swar Road,Min Ye Kyaw Swar Road,16.928626,96.235771,"https://www.google.com/maps?q=16.928626,96.235771",YBS / YRTA Official
1401,2401,ကျုံးကြီးဂိတ် (ဈေး),Kyone Gyi Gate (Market),အလုံ,Ahlone,ကြည့်မြင်တိုင်ကမ်းနားလမ်း,Kyee Myin Daing Kannar Road,16.776447,96.135992,"https://www.google.com/maps?q=16.776447,96.135992",YBS / YRTA Official
1402,2402,ဆင်မင်းဈေး (ဈေး),Sin Min Zay (Market),အလုံ,Ahlone,ကြည့်မြင်တိုင်ကမ်းနားလမ်း,Kyee Myin Daing Kannar Road,16.78734,96.123788,"https://www.google.com/maps?q=16.787340,96.123788",YBS / YRTA Official
1403,2403,သခင်မြပန်းခြံ (ဈေး),Thakhin Mya Pan Chan (Market),အလုံ,Ahlone,ကြည့်မြင်တိုင်ကမ်းနားလမ်း,Kyee Myin Daing Kannar Road,16.776205,96.137454,"https://www.google.com/maps?q=16.776205,96.137454",YBS / YRTA Official
1404,2404,သီရိမင်္ဂလာဈေးဟောင်း (ဈေး),Thiri Mingalar Zay (Old) (Market),အလုံ,Ahlone,ကြည့်မြင်တိုင်ကမ်းနားလမ်း,Kyee Myin Daing Kannar Road,16.795454,96.125186,"https://www.google.com/maps?q=16.795454,96.125186",YBS / YRTA Official
1405,2405,ဥက္ကံ (ဈေး),Okkan Station (Market),ဥက္ကံ,Okkan,ပြည်လမ်း,Pyay Road,17.500553,95.853068,"https://www.google.com/maps?q=17.500553,95.853068",YBS / YRTA Official
1406,2406,အင်းစိန်ပန်းခြံ (ဈေး),Insein Pan Chan (Market),အင်းစိန်,Insein,မင်းကြီးလမ်း,Min Gyi Road,16.886936,96.10578,"https://www.google.com/maps?q=16.886936,96.105780",YBS / YRTA Official
1407,2407,အင်းစိန်ဈေး (ဈေး),Insein Zay (Market),အင်းစိန်,Insein,လှိုင်မြစ်လမ်း,Hlaing River Road,16.885961,96.102499,"https://www.google.com/maps?q=16.885961,96.102499",YBS / YRTA Official
1408,2408,အင်းစိန်ဆေးရုံကြီး (ဈေး),Insein Say Yon Gyi (Market),အင်းစိန်,Insein,မင်းကြီးလမ်း,Min Gyi Road,16.890048,96.105538,"https://www.google.com/maps?q=16.890048,96.105538",YBS / YRTA Official
1409,2409,စော်ဘွားကြီးကုန်း (ဈေး),Saw Bwar Gyi Kone (Market),အင်းစိန်,Insein,ပြည်လမ်း,Pyay Road,16.891447,96.119955,"https://www.google.com/maps?q=16.891447,96.119955",YBS / YRTA Official
1410,2410,ဒညင်းကုန်းလမ်းဆုံ (ဈေး),Danyin Gone Lan Sone (Market),အင်းစိန်,Insein,အောက်မင်္ဂလာဒုံလမ်း,Lower Mingalardon Road,16.931118,96.100729,"https://www.google.com/maps?q=16.931118,96.100729",YBS / YRTA Official
1411,2411,ကြို့ကုန်း (ဈေး),Kyoe Kone (Market),အင်းစိန်,Insein,ရန်ကုန်-အင်းစိန်လမ်း,Yangon-Insein Road,16.877216,96.113406,"https://www.google.com/maps?q=16.877216,96.113406",YBS / YRTA Official
1412,2412,ဘီပီအိုင် (ဈေး),B.P.I (Market),အင်းစိန်,Insein,ရန်ကုန်-အင်းစိန်လမ်း,Yangon-Insein Road,16.87531,96.114791,"https://www.google.com/maps?q=16.875310,96.114791",YBS / YRTA Official
1413,2413,ပြည်တော်သာ / ဂျီတီအိုင်ထိပ် (ဈေး),Pyi Taw Thar/ G.T.I Htate (Market),အင်းစိန်,Insein,အောက်မင်္ဂလာဒုံလမ်း,Lower Mingalardon Road,16.899024,96.096117,"https://www.google.com/maps?q=16.899024,96.096117",YBS / YRTA Official
1414,2414,အောင်ဆန်းဈေး (ဈေး),Aung San Zay (Market),အင်းစိန်,Insein,အောက်မင်္ဂလာဒုံလမ်း,Lower Mingalardon Road,16.923831,96.096771,"https://www.google.com/maps?q=16.923831,96.096771",YBS / YRTA Official
1415,2415,အုတ်ကျင်းဝ (ဈေး),Oakyin Wa (Market),အင်းစိန်,Insein,လမ်းသစ်လမ်း,Lan Thit Road,16.891011,96.112913,"https://www.google.com/maps?q=16.891011,96.112913",YBS / YRTA Official
1416,2416,ကျောင်းရှေ့/ကုန်းဆင်း (လမ်းဆုံ),Kyaung Shae/ Kone Sin (Junction),ကမာရွတ်,Kamayut,လှည်းတန်းလမ်း,Hledan Road,16.82382,96.12493,"https://www.google.com/maps?q=16.823820,96.124930",YBS / YRTA Official
1417,2417,ကျောင်းရှေ့/ဓမ္မာရုံ (လမ်းဆုံ),Kyaung Shae/ Dhamar Yon (Junction),ကမာရွတ်,Kamayut,တက္ကသိုလ်ရိပ်သာလမ်း,University Avenue Road,16.82964,96.135787,"https://www.google.com/maps?q=16.829640,96.135787",YBS / YRTA Official
1418,2418,ကျောင်းလမ်း (လမ်းဆုံ),Kyuanlan (Junction),ကမာရွတ်,Kamayut,တက္ကသိုလ်ရိပ်သာလမ်း,University Avenue Road,16.83066,96.134821,"https://www.google.com/maps?q=16.830660,96.134821",YBS / YRTA Official
1419,2419,ခိုင်ရွှေဝါ (လမ်းဆုံ),Khaing Shwe Wah (Junction),ကမာရွတ်,Kamayut,ဗဟိုလမ်း,Baho Road,16.823907,96.129607,"https://www.google.com/maps?q=16.823907,96.129607",YBS / YRTA Official
1420,2420,စံရိပ်ငြိမ် (လမ်းဆုံ),San Yeik Nyein (Junction),ကမာရွတ်,Kamayut,ရန်ကုန်-အင်းစိန်လမ်း,Yangon-Insein Road,16.827811,96.127669,"https://www.google.com/maps?q=16.827811,96.127669",YBS / YRTA Official
1421,2421,စိုက်ပျိုးရေး (လမ်းဆုံ),Saik Pyoe Yay (Junction),ကမာရွတ်,Kamayut,ပြည်လမ်း,Pyay Road,16.822508,96.138013,"https://www.google.com/maps?q=16.822508,96.138013",YBS / YRTA Official
1422,2422,ဆိုက်ကားဂိတ် (လမ်းဆုံ),Site Kar Gate (Junction),ကမာရွတ်,Kamayut,ဗဟိုလမ်း,Baho Road,16.82937,96.125452,"https://www.google.com/maps?q=16.829370,96.125452",YBS / YRTA Official
1423,2423,ဆင်ရေတွင်း (လမ်းဆုံ),Sin Yae Twin (Junction),ကမာရွတ်,Kamayut,ရန်ကုန်-အင်းစိန်လမ်း,Yangon-Insein Road,16.833679,96.129324,"https://www.google.com/maps?q=16.833679,96.129324",YBS / YRTA Official
1424,2424,ပြည်ရိပ်မွန် (လမ်းဆုံ),Pyi Yeik Mon (Junction),ကမာရွတ်,Kamayut,ဗဟိုလမ်း,Baho Road,16.819428,96.124528,"https://www.google.com/maps?q=16.819428,96.124528",YBS / YRTA Official
1425,2425,ဘီအာဘီ (လမ်းဆုံ),B.R.B (Junction),ကမာရွတ်,Kamayut,ဗဟိုလမ်း,Baho Road,16.832036,96.123281,"https://www.google.com/maps?q=16.832036,96.123281",YBS / YRTA Official
1426,2426,မာလာ (လမ်းဆုံ),Marlar (Junction),ကမာရွတ်,Kamayut,ပြည်လမ်း,Pyay Road,16.828686,96.133465,"https://www.google.com/maps?q=16.828686,96.133465",YBS / YRTA Official
1427,2427,ရေကြောင်း (လမ်းဆုံ),Yae Kyaung (Junction),ကမာရွတ်,Kamayut,ဘုရင့်နောင်လမ်း,Bayint Naung Road,16.831014,96.122317,"https://www.google.com/maps?q=16.831014,96.122317",YBS / YRTA Official
1428,2428,ရဲဝင်း (လမ်းဆုံ),Ye Win (Junction),ကမာရွတ်,Kamayut,ဗဟိုလမ်း,Baho Road,16.81962,96.127081,"https://www.google.com/maps?q=16.819620,96.127081",YBS / YRTA Official
1429,2429,လှည်းတန်း (လမ်းဆုံ),Hledan (Junction),ကမာရွတ်,Kamayut,ရန်ကုန်-အင်းစိန်လမ်း,Yangon-Insein Road,16.832482,96.130051,"https://www.google.com/maps?q=16.832482,96.130051",YBS / YRTA Official
1430,2430,လှည်းတန်းဈေး (လမ်းဆုံ),Hledan Zay (Junction),ကမာရွတ်,Kamayut,လှည်းတန်းလမ်း,Hledan Road,16.828541,96.128272,"https://www.google.com/maps?q=16.828541,96.128272",YBS / YRTA Official
1431,2431,သင်္ဘောကျင်း (လမ်းဆုံ),Thinbaw Kyin (Junction),ကမာရွတ်,Kamayut,ဘုရင့်နောင်လမ်း,Bayint Naung Road,16.822333,96.124955,"https://www.google.com/maps?q=16.822333,96.124955",YBS / YRTA Official
1432,2432,(၄၆) လမ်း (လမ်းဆုံ),Lay-sae-chauk Lan (46 Lan) (Junction),ကျောက်တံတား,Kyauktada,အနော်ရထာလမ်း,Anawrahta Road,16.779722,96.171519,"https://www.google.com/maps?q=16.779722,96.171519",YBS / YRTA Official
1433,2433,ဆူးလေပန်းခြံ (လမ်းဆုံ),Sule Pan Chan (Junction),ကျောက်တံတား,Kyauktada,မဟာဗန္ဓုလလမ်း,Mahabandoola Road,16.773337,96.159547,"https://www.google.com/maps?q=16.773337,96.159547",YBS / YRTA Official
1434,2434,ဆူးလေမြို့တော်ခန်းမ (လမ်းဆုံ),Sule Myodaw Khan Ma (Junction),ကျောက်တံတား,Kyauktada,ဆူးလေးဘုရားလမ်း,Sule Pagoda Road,16.777087,96.156299,"https://www.google.com/maps?q=16.777087,96.156299",YBS / YRTA Official
1435,2435,ပန်းဆိုးတန်း (လမ်းဆုံ),Pansodan (Junction),ကျောက်တံတား,Kyauktada,အနော်ရထာလမ်း,Anawrahta Road,16.778294,96.165958,"https://www.google.com/maps?q=16.778294,96.165958",YBS / YRTA Official
1436,2436,ပန်းဆိုးတန်း (ဆိပ်ကမ်းသာလမ်း) (လမ်းဆုံ),Pansodan Seikkanthar (Junction),ကျောက်တံတား,Kyauktada,ကုန်သည်လမ်း,Merchant Road,16.774543,96.158823,"https://www.google.com/maps?q=16.774543,96.158823",YBS / YRTA Official
1437,2437,ဘားလမ်း (လမ်းဆုံ),Bar Lan (Junction),ကျောက်တံတား,Kyauktada,အနော်ရထာလမ်း,Anawrahta Road,16.78171,96.16051,"https://www.google.com/maps?q=16.781710,96.160510",YBS / YRTA Official
1438,2438,ဗိုလ်ကလေးဈေး (လမ်းဆုံ),Bokalay Zay (Junction),ကျောက်တံတား,Kyauktada,မဟာဗန္ဓုလလမ်း,Mahabandoola Road,16.773045,96.165907,"https://www.google.com/maps?q=16.773045,96.165907",YBS / YRTA Official
1439,2439,လမ်း (၅၀) (လမ်းဆုံ),Lan Ngar Sae (50 Lan) (Junction),ကျောက်တံတား,Kyauktada,ဗိုလ်ချုပ်အောင်ဆန်းလမ်း,Bogyoke Aung San Road,16.782938,96.173229,"https://www.google.com/maps?q=16.782938,96.173229",YBS / YRTA Official
1440,2440,ကျောက်တန်း (လမ်းဆုံ),Kyauk Tan (Junction),ကျောက်တန်း,Kyauktan,သန်လျှင်-ကျောက်တန်းလမ်း,Thanlyin-Kyauktan Road,16.63365,96.330202,"https://www.google.com/maps?q=16.633650,96.330202",YBS / YRTA Official
1441,2441,ချမ်းမြေ့သာယာ (လမ်းဆုံ),Chan Myae Thar Yar (Junction),ကျောက်တန်း,Kyauktan,သန်လျှင်-ကျောက်တန်းလမ်း,Thanlyin-Kyauktan Road,16.648454,96.323761,"https://www.google.com/maps?q=16.648454,96.323761",YBS / YRTA Official
1442,2442,ဂါတ်တဲကွေ့ (လမ်းဆုံ),Gat Tae Kwae (Junction),ကျောက်တန်း,Kyauktan,သန်လျှင်-ကျောက်တန်းလမ်း,Thanlyin-Kyauktan Road,16.638704,96.326626,"https://www.google.com/maps?q=16.638704,96.326626",YBS / YRTA Official
1443,2443,ဆီဆိုင် (လမ်းဆုံ),Si Saing (Junction),ကျောက်တန်း,Kyauktan,သန်လျှင်-ကျောက်တန်းလမ်း,Thanlyin-Kyauktan Road,16.643925,96.323814,"https://www.google.com/maps?q=16.643925,96.323814",YBS / YRTA Official
1444,2444,ဈေးကွေ့ (လမ်းဆုံ),Zay Kwae (Junction),ကျောက်တန်း,Kyauktan,သန်လျှင်-ကျောက်တန်းလမ်း,Thanlyin-Kyauktan Road,16.637398,96.325058,"https://www.google.com/maps?q=16.637398,96.325058",YBS / YRTA Official
1445,2445,ပဲလှော်ဖို (လမ်းဆုံ),Pal Hlaw Pho (Junction),ကျောက်တန်း,Kyauktan,သန်လျှင်-ကျောက်တန်းလမ်း,Thanlyin-Kyauktan Road,16.642184,96.319241,"https://www.google.com/maps?q=16.642184,96.319241",YBS / YRTA Official
1446,2446,အောင်ချမ်းသာ (လမ်းဆုံ),Aung Chan Thar (Junction),ကျောက်တန်း,Kyauktan,သန်လျှင်-ကျောက်တန်းလမ်း,Thanlyin-Kyauktan Road,16.649305,96.325322,"https://www.google.com/maps?q=16.649305,96.325322",YBS / YRTA Official
1447,2447,ကမ်းနားဈေး (လမ်းဆုံ),Kannar Zay (Junction),ကြည့်မြင်တိုင်,Kyimyindaing,ကြည့်မြင်တိုင်ကမ်းနားလမ်း,Kyee Myin Daing Kannar Road,16.81143,96.124491,"https://www.google.com/maps?q=16.811430,96.124491",YBS / YRTA Official
1448,2448,ကျောင်းရှေ့ (လမ်းဆုံ),Kyaung Shae (Junction),ကြည့်မြင်တိုင်,Kyimyindaing,အောက်ကြည့်မြင်တိုင်လမ်း,Lower Kyee Myin Daing Road,16.805022,96.125522,"https://www.google.com/maps?q=16.805022,96.125522",YBS / YRTA Official
1449,2449,ကြည့်မြင်တိုင်ညဈေး (လမ်းဆုံ),Kyee Myin Daing Nya Zay (Junction),ကြည့်မြင်တိုင်,Kyimyindaing,အထက်ကြည့်မြင်တိုင်လမ်း,Upper Kyee Myin Daing Road,16.805039,96.123518,"https://www.google.com/maps?q=16.805039,96.123518",YBS / YRTA Official
1450,2450,ကြည့်မြင်တိုင်ဘူတာ (လမ်းဆုံ),Kyee Myin Daing Butar (Junction),ကြည့်မြင်တိုင်,Kyimyindaing,အထက်ကြည့်မြင်တိုင်လမ်း,Upper Kyee Myin Daing Road,16.806408,96.125931,"https://www.google.com/maps?q=16.806408,96.125931",YBS / YRTA Official
1451,2451,စလင်းကွင်း (လမ်းဆုံ),Salin Kwin (Junction),ကြည့်မြင်တိုင်,Kyimyindaing,အထက်ကြည့်မြင်တိုင်လမ်း,Upper Kyee Myin Daing Road,16.81283,96.126802,"https://www.google.com/maps?q=16.812830,96.126802",YBS / YRTA Official
1452,2452,စာတိုက် (လမ်းဆုံ),Sar Taik (Junction),ကြည့်မြင်တိုင်,Kyimyindaing,ကြည့်မြင်တိုင်ကမ်းနားလမ်း,Kyee Myin Daing Kannar Road,16.803636,96.12106,"https://www.google.com/maps?q=16.803636,96.121060",YBS / YRTA Official
1453,2453,ဆင်မလိုက် (လမ်းဆုံ),Sinmalite (Junction),ကြည့်မြင်တိုင်,Kyimyindaing,ကြည့်မြင်တိုင်ကမ်းနားလမ်း,Kyee Myin Daing Kannar Road,16.822012,96.122857,"https://www.google.com/maps?q=16.822012,96.122857",YBS / YRTA Official
1454,2454,နတ်စင်လမ်း (လမ်းဆုံ),Nat Sin Lan (Junction),ကြည့်မြင်တိုင်,Kyimyindaing,အထက်ကြည့်မြင်တိုင်လမ်း,Upper Kyee Myin Daing Road,16.814513,96.124382,"https://www.google.com/maps?q=16.814513,96.124382",YBS / YRTA Official
1455,2455,သဲကွင်း (လမ်းဆုံ),Thal Kwin (Junction),ကြည့်မြင်တိုင်,Kyimyindaing,ကြည့်မြင်တိုင်ကမ်းနားလမ်း,Kyee Myin Daing Kannar Road,16.796179,96.118144,"https://www.google.com/maps?q=16.796179,96.118144",YBS / YRTA Official
1456,2456,ဟံသာဝတီ (လမ်းဆုံ),Hantharwaddy (Junction),ကြည့်မြင်တိုင်,Kyimyindaing,အထက်ကြည့်မြင်တိုင်လမ်း,Upper Kyee Myin Daing Road,16.815389,96.130656,"https://www.google.com/maps?q=16.815389,96.130656",YBS / YRTA Official
1457,2457,ဟုမ်းလမ်း (လမ်းဆုံ),Home Lan (Junction),ကြည့်မြင်တိုင်,Kyimyindaing,အောက်ကြည့်မြင်တိုင်လမ်း,Lower Kyee Myin Daing Road,16.793353,96.130539,"https://www.google.com/maps?q=16.793353,96.130539",YBS / YRTA Official
1458,2458,(၉) ထပ်ကြီး (လမ်းဆုံ),Koe Htat Kyee (Junction),စမ်းချောင်း,Sanchaung,ဗားဂရာလမ်း,Bargayar Road,16.800194,96.126215,"https://www.google.com/maps?q=16.800194,96.126215",YBS / YRTA Official
1459,2459,မဟာမြိုင် (လမ်းဆုံ),Mahar Myaing (Junction),စမ်းချောင်း,Sanchaung,ပြည်လမ်း,Pyay Road,16.806225,96.133609,"https://www.google.com/maps?q=16.806225,96.133609",YBS / YRTA Official
1460,2460,မြေနီကုန်း (လမ်းဆုံ),Myaynigone (Junction),စမ်းချောင်း,Sanchaung,ဗားဂရာလမ်း,Bargayar Road,16.803633,96.138576,"https://www.google.com/maps?q=16.803633,96.138576",YBS / YRTA Official
1461,2461,မြေနီကုန်း (ပြည်လမ်း) (လမ်းဆုံ),Myaynigone (Pyay Road) (Junction),စမ်းချောင်း,Sanchaung,ပြည်လမ်း,Pyay Road,16.804781,96.138716,"https://www.google.com/maps?q=16.804781,96.138716",YBS / YRTA Official
1462,2462,ရှမ်းလမ်း (လမ်းဆုံ),Shan Lan (Junction),စမ်းချောင်း,Sanchaung,ဗားဂရာလမ်း,Bargayar Road,16.801965,96.129504,"https://www.google.com/maps?q=16.801965,96.129504",YBS / YRTA Official
1463,2463,ရွှေမန်း (လမ်းဆုံ),Shwe Man (Junction),စမ်းချောင်း,Sanchaung,ဗားဂရာလမ်း,Bargayar Road,16.806799,96.132334,"https://www.google.com/maps?q=16.806799,96.132334",YBS / YRTA Official
1464,2464,ဟံသာဝတီ (လမ်းဆုံ),Hantharwaddy (Junction),စမ်းချောင်း,Sanchaung,ပြည်လမ်း,Pyay Road,16.815415,96.136516,"https://www.google.com/maps?q=16.815415,96.136516",YBS / YRTA Official
1465,2465,စာတိုက်ကြီး (လမ်းဆုံ),Sar Taik Kyee (Junction),ဆိပ်ကမ်း,Seikkan,ကမ်းနားလမ်း,Strand Road,16.770926,96.159107,"https://www.google.com/maps?q=16.770926,96.159107",YBS / YRTA Official
1466,2466,ပန်းဆိုးတန်း (ကမ်းနားလမ်း) (လမ်းဆုံ),Pansodan (Strand) (Junction),ဆိပ်ကမ်း,Seikkan,ကမ်းနားလမ်း,Strand Road,16.774197,96.158269,"https://www.google.com/maps?q=16.774197,96.158269",YBS / YRTA Official
1467,2467,ဗဟိုရုံး (လမ်းဆုံ),Baho Yone (Junction),ဆိပ်ကမ်း,Seikkan,ကမ်းနားလမ်း,Strand Road,16.765935,96.163649,"https://www.google.com/maps?q=16.765935,96.163649",YBS / YRTA Official
1468,2468,ဗိုလ်တထောင်ဘုရား (လမ်းဆုံ),Botahtaung Paya (Junction),ဆိပ်ကမ်း,Seikkan,ကမ်းနားလမ်း,Strand Road,16.77019,96.177092,"https://www.google.com/maps?q=16.770190,96.177092",YBS / YRTA Official
1469,2469,ကုလားဈေး (လမ်းဆုံ),Kalar Zay (Junction),တာမွေ,Tamwe,အရှေ့မြင်းပြိုင်လမ်း,East Horse Race Course Road,16.819802,96.171144,"https://www.google.com/maps?q=16.819802,96.171144",YBS / YRTA Official
1470,2470,ကျောက်မြောင်းဈေး (လမ်းဆုံ),Kyauk Myaung Zay (Junction),တာမွေ,Tamwe,ကျိုက္ကဆံလမ်း,Kyaikkasan Road,16.800879,96.177143,"https://www.google.com/maps?q=16.800879,96.177143",YBS / YRTA Official
1471,2471,တာမွေဈေး / တာမွေဗလီ (လမ်းဆုံ),Tamwe Zay/ Tamwe Bali (Junction),တာမွေ,Tamwe,ကျိုက္ကဆံလမ်း,Kyaikkasan Road,16.806843,96.171565,"https://www.google.com/maps?q=16.806843,96.171565",YBS / YRTA Official
1472,2472,တာမွေပလာဇာ (လမ်းဆုံ),Tamwe Plaza (Junction),တာမွေ,Tamwe,သမိန်ဗရမ်းလမ်း,Thamain Bayan Road,16.811816,96.172325,"https://www.google.com/maps?q=16.811816,96.172325",YBS / YRTA Official
1473,2473,ဗျိုင်းရေအိုးစင် (လမ်းဆုံ),Byaing Yae Oh Sin (Junction),တာမွေ,Tamwe,ဗညားဒလလမ်း,Banyardala Road,16.807416,96.171014,"https://www.google.com/maps?q=16.807416,96.171014",YBS / YRTA Official
1474,2474,အလုပ်သမားဆေးရုံကြီး (လမ်းဆုံ),Alote Thamar Say Yone (Junction),တာမွေ,Tamwe,ကျိုက္ကဆံလမ်း,Kyaikkasan Road,16.799984,96.16977,"https://www.google.com/maps?q=16.799984,96.169770",YBS / YRTA Official
1475,2475,အဝိုင်းထိပ် / တာမွေ (လမ်းဆုံ),Awine Htate/ Tamwe (Junction),တာမွေ,Tamwe,အနောက်မြင်းပြိုင်လမ်း,West Horse Race Course Road,16.814375,96.173889,"https://www.google.com/maps?q=16.814375,96.173889",YBS / YRTA Official
1476,2476,အာသောက (လမ်းဆုံ),Arthawka (Junction),တာမွေ,Tamwe,သမိန်ဗရမ်းလမ်း,Thamain Bayan Road,16.802956,96.176181,"https://www.google.com/maps?q=16.802956,96.176181",YBS / YRTA Official
1477,2477,ကန်ကုန်း (လမ်းဆုံ),Kan Kone (Junction),တိုက်ကြီး,Taikkyi,ရန်ကုန်-ပြည်လမ်းမကြီး,Yangon-Pyay Main Road,17.272333,95.951581,"https://www.google.com/maps?q=17.272333,95.951581",YBS / YRTA Official
1478,2478,ကုန်းကွေ့ (လမ်းဆုံ),Gone Kwae (Junction),တိုက်ကြီး,Taikkyi,ရန်ကုန်-ပြည်လမ်းမကြီး,Yangon-Pyay Main Road,17.209903,95.961197,"https://www.google.com/maps?q=17.209903,95.961197",YBS / YRTA Official
1479,2479,ကျွန်းချောင်း (လမ်းဆုံ),Kyun Chaung (Junction),တိုက်ကြီး,Taikkyi,ရန်ကုန်-ပြည်လမ်းမကြီး,Yangon-Pyay Main Road,17.212216,95.965547,"https://www.google.com/maps?q=17.212216,95.965547",YBS / YRTA Official
1480,2480,တိုက်ကြီးခန်းမ (လမ်းဆုံ),Taik Kyi Khan Ma (Junction),တိုက်ကြီး,Taikkyi,ရန်ကုန်-ပြည်လမ်းမကြီး,Yangon-Pyay Main Road,17.311546,95.967732,"https://www.google.com/maps?q=17.311546,95.967732",YBS / YRTA Official
1481,2481,တိုက်ကြီးဈေး (လမ်းဆုံ),Taik Kyi Zay (Junction),တိုက်ကြီး,Taikkyi,ရန်ကုန်-ပြည်လမ်းမကြီး,Yangon-Pyay Main Road,17.314861,95.964735,"https://www.google.com/maps?q=17.314861,95.964735",YBS / YRTA Official
1482,2482,မြောင်းတကာတာဆုံ (လမ်းဆုံ),Myaung Takar Tar Sone (Junction),တိုက်ကြီး,Taikkyi,ရန်ကုန်-ပြည်လမ်းမကြီး,Yangon-Pyay Main Road,17.182788,95.973189,"https://www.google.com/maps?q=17.182788,95.973189",YBS / YRTA Official
1483,2483,ရွှေမြယာ (လမ်းဆုံ),Shwe Mya Yar (Junction),တိုက်ကြီး,Taikkyi,ရန်ကုန်-ပြည်လမ်းမကြီး,Yangon-Pyay Main Road,17.253052,95.961502,"https://www.google.com/maps?q=17.253052,95.961502",YBS / YRTA Official
1484,2484,အင်းယက်ကြီး (လမ်းဆုံ),Inn Yat Kyee (Junction),တိုက်ကြီး,Taikkyi,ရန်ကုန်-ပြည်လမ်းမကြီး,Yangon-Pyay Main Road,17.257705,95.960645,"https://www.google.com/maps?q=17.257705,95.960645",YBS / YRTA Official
1485,2485,(၁၈) ကွေ့ (လမ်းဆုံ),Sae-shit Kwae (18 Kwae) (Junction),တောင်ဒဂုံ,South Dagon,စည်ပင်လမ်း,Si Pin Road,16.856002,96.235667,"https://www.google.com/maps?q=16.856002,96.235667",YBS / YRTA Official
1486,2486,(၃၂) ဂိတ် (လမ်းဆုံ),Thone-Sae-Hnit Gate (32 Gate) (Junction),တောင်ဒဂုံ,South Dagon,ကျွန်းရွှေဝါလမ်း,Kyun Shwe Wah Road,16.817084,96.262495,"https://www.google.com/maps?q=16.817084,96.262495",YBS / YRTA Official
1487,2487,(၆၂) (လမ်းဆုံ),Chauk-Sae-Hnit (62) (Junction),တောင်ဒဂုံ,South Dagon,ရတနာပုံလမ်း,Yadanarpon Road,16.876975,96.248198,"https://www.google.com/maps?q=16.876975,96.248198",YBS / YRTA Official
1488,2488,ကားကြီးဂိတ် (လမ်းဆုံ),Kar Gyi Gate (Junction),တောင်ဒဂုံ,South Dagon,အမှတ်(၂)လမ်းမ,No. 2 Main Road,16.844223,96.210974,"https://www.google.com/maps?q=16.844223,96.210974",YBS / YRTA Official
1489,2489,ကားလေးဂိတ် (လမ်းဆုံ),Kar Lay Gate (Junction),တောင်ဒဂုံ,South Dagon,လှော်ကားလမ်း,Hlawga Road,16.851745,96.237168,"https://www.google.com/maps?q=16.851745,96.237168",YBS / YRTA Official
1490,2490,ကုန်တိုက် (လမ်းဆုံ),Kone Taik (Junction),တောင်ဒဂုံ,South Dagon,လှော်ကားလမ်း,Hlawga Road,16.844462,96.233764,"https://www.google.com/maps?q=16.844462,96.233764",YBS / YRTA Official
1491,2491,ကုန်ပဒေသာ (လမ်းဆုံ),Kone Padaythar (Junction),တောင်ဒဂုံ,South Dagon,စည်ပင်လမ်း,Si Pin Road,16.846615,96.228833,"https://www.google.com/maps?q=16.846615,96.228833",YBS / YRTA Official
1492,2492,ကျောက်လမ်း (လမ်းဆုံ),Kyauk Lan (Junction),တောင်ဒဂုံ,South Dagon,အမှတ်(၂)လမ်းမ,No. 2 Main Road,16.885389,96.235656,"https://www.google.com/maps?q=16.885389,96.235656",YBS / YRTA Official
1493,2493,ဂျီအီးစီ (လမ်းဆုံ),G.E.C (Junction),တောင်ဒဂုံ,South Dagon,ပြည်ထောင်စုလမ်းမကြီး,Pyi Htaung Su Main Road,16.848963,96.227823,"https://www.google.com/maps?q=16.848963,96.227823",YBS / YRTA Official
1494,2494,စီးပွားရေးတက္ကသိုလ် (လမ်းဆုံ),See Pwar Yay Takke Tho (Junction),တောင်ဒဂုံ,South Dagon,အမှတ်(၂)လမ်းမ,No. 2 Main Road,16.928911,96.264468,"https://www.google.com/maps?q=16.928911,96.264468",YBS / YRTA Official
1495,2495,စက်မှုဇုံ (၂) (လမ်းဆုံ),Set Hmu Zone Hnit (2) (Junction),တောင်ဒဂုံ,South Dagon,ပြည်ထောင်စုလမ်းမကြီး,Pyi Htaung Su Main Road,16.840062,96.229235,"https://www.google.com/maps?q=16.840062,96.229235",YBS / YRTA Official
1496,2496,စက်မှုဇုံဈေး (လမ်းဆုံ),Set Hmu Zone Zay (Junction),တောင်ဒဂုံ,South Dagon,ပြည်ထောင်စုလမ်းမကြီး,Pyi Htaung Su Main Road,16.833928,96.23122,"https://www.google.com/maps?q=16.833928,96.231220",YBS / YRTA Official
1497,2497,စစ်တောင်းလမ်းထိပ် (လမ်းဆုံ),Sittaung Lan Htate (Junction),တောင်ဒဂုံ,South Dagon,ပြည်ထောင်စုလမ်းမကြီး,Pyi Htaung Su Main Road,16.826742,96.230683,"https://www.google.com/maps?q=16.826742,96.230683",YBS / YRTA Official
1498,2498,ဆေးရုံရှေ့ (လမ်းဆုံ),Say Yon Shae (Junction),တောင်ဒဂုံ,South Dagon,အမှတ်(၂)လမ်းမ,No. 2 Main Road,16.894214,96.244547,"https://www.google.com/maps?q=16.894214,96.244547",YBS / YRTA Official
1499,2499,ဆောက်လုပ်ရေး (လမ်းဆုံ),Sauk Lote Yae (Junction),တောင်ဒဂုံ,South Dagon,ပြည်ထောင်စုလမ်းမကြီး,Pyi Htaung Su Main Road,16.828728,96.240249,"https://www.google.com/maps?q=16.828728,96.240249",YBS / YRTA Official
1500,2500,ညောင်ပင် (လမ်းဆုံ),Nyaung Pin (Junction),တောင်ဒဂုံ,South Dagon,အမှတ်(၂)လမ်းမ,No. 2 Main Road,16.907219,96.248353,"https://www.google.com/maps?q=16.907219,96.248353",YBS / YRTA Official
1501,2501,တံတားဖြူ (လမ်းဆုံ),Tadar Phyu (Junction),တောင်ဒဂုံ,South Dagon,အမှတ်(၂)လမ်းမ,No. 2 Main Road,16.860954,96.21235,"https://www.google.com/maps?q=16.860954,96.212350",YBS / YRTA Official
1502,2502,တောင်/မြောက်လမ်းဆုံ (လမ်းဆုံ),Taung Myauk Lan Sone (Junction),တောင်ဒဂုံ,South Dagon,ပြည်ထောင်စုလမ်းမကြီး,Pyi Htaung Su Main Road,16.854493,96.209857,"https://www.google.com/maps?q=16.854493,96.209857",YBS / YRTA Official
1503,2503,တစ်ရာ့လေးဆယ် (လမ်းဆုံ),Tayar-Lay-Sae (140) (Junction),တောင်ဒဂုံ,South Dagon,အမှတ်(၂)လမ်းမ,No. 2 Main Road,16.917637,96.253731,"https://www.google.com/maps?q=16.917637,96.253731",YBS / YRTA Official
1504,2504,ပန်းခြံ (လမ်းဆုံ),Pan Chan (Junction),တောင်ဒဂုံ,South Dagon,ပြည်ထောင်စုလမ်းမကြီး,Pyi Htaung Su Main Road,16.849156,96.218896,"https://www.google.com/maps?q=16.849156,96.218896",YBS / YRTA Official
1505,2505,ဧရာဝတီလမ်းထိပ် (လမ်းဆုံ),Ayeyarwaddy Lan Htate (Junction),တောင်ဒဂုံ,South Dagon,ပြည်ထောင်စုလမ်းမကြီး,Pyi Htaung Su Main Road,16.834074,96.232832,"https://www.google.com/maps?q=16.834074,96.232832",YBS / YRTA Official
1506,2506,(၁၄/၁၅) လမ်းဆုံ (လမ်းဆုံ),(14/15) Lan Sone (Junction),တောင်ဥက္ကလာပ,South Okkalapa,သုမင်္ဂလာလမ်း,Thu Mingalar Road,16.839382,96.188316,"https://www.google.com/maps?q=16.839382,96.188316",YBS / YRTA Official
1507,2507,(၃၁) ဂိတ် (လမ်းဆုံ),Thone-sae-tit Gate (31 Gate) (Junction),တောင်ဥက္ကလာပ,South Okkalapa,သံသုမာလမ်း,Thanthumar Road,16.849436,96.190406,"https://www.google.com/maps?q=16.849436,96.190406",YBS / YRTA Official
1508,2508,၁၃ လမ်း (လမ်းဆုံ),13 Lan (Junction),တောင်ဥက္ကလာပ,South Okkalapa,မေတ္တာလမ်း,Metta Road,16.843665,96.192937,"https://www.google.com/maps?q=16.843665,96.192937",YBS / YRTA Official
1509,2509,ကေတုမာလာကွေ့ (လမ်းဆုံ),Kaytu Marlar Kwae (Junction),တောင်ဥက္ကလာပ,South Okkalapa,ပါရမီလမ်း,Parami Road,16.859497,96.170801,"https://www.google.com/maps?q=16.859497,96.170801",YBS / YRTA Official
1510,2510,ဂန္ဓမာဟိုးဆေး (လမ်းဆုံ),Gandamar Wholesale (Junction),တောင်ဥက္ကလာပ,South Okkalapa,ဝေဇယန္တာလမ်း,Waizayanta Road,16.867416,96.154938,"https://www.google.com/maps?q=16.867416,96.154938",YBS / YRTA Official
1511,2511,စီမံကိန်း (လမ်းဆုံ),Se Man Kane (Junction),တောင်ဥက္ကလာပ,South Okkalapa,သံသုမာလမ်း,Thanthumar Road,16.849624,96.198874,"https://www.google.com/maps?q=16.849624,96.198874",YBS / YRTA Official
1512,2512,တောင်ဥက္ကလာစာတိုက် (လမ်းဆုံ),Taung Okkalar Sar Taik (Junction),တောင်ဥက္ကလာပ,South Okkalapa,သစ္စာလမ်း,Thitsar Road,16.850826,96.175725,"https://www.google.com/maps?q=16.850826,96.175725",YBS / YRTA Official
1513,2513,တောင်ဥက္ကလာပဘုရား (လမ်းဆုံ),Taung Okkalar Paya (Junction),တောင်ဥက္ကလာပ,South Okkalapa,သံသုမာလမ်း,Thanthumar Road,16.85602,96.187796,"https://www.google.com/maps?q=16.856020,96.187796",YBS / YRTA Official
1514,2514,နန္ဒဝန်ဈေး (လမ်းဆုံ),Nandawun Zay (Junction),တောင်ဥက္ကလာပ,South Okkalapa,သုမင်္ဂလာလမ်း,Thu Mingalar Road,16.849757,96.180822,"https://www.google.com/maps?q=16.849757,96.180822",YBS / YRTA Official
1515,2515,ပဒေသာ (လမ်းဆုံ),Padaythar (Junction),တောင်ဥက္ကလာပ,South Okkalapa,သုမင်္ဂလာလမ်း,Thu Mingalar Road,16.841178,96.181735,"https://www.google.com/maps?q=16.841178,96.181735",YBS / YRTA Official
1516,2516,ပါရမီ (လမ်းဆုံ),Parami (Junction),တောင်ဥက္ကလာပ,South Okkalapa,ဝေဇယန္တာလမ်း,Waizayanta Road,16.854532,96.166824,"https://www.google.com/maps?q=16.854532,96.166824",YBS / YRTA Official
1517,2517,ပင်းယ (လမ်းဆုံ),Pinya (Junction),တောင်ဥက္ကလာပ,South Okkalapa,ပါရမီလမ်း,Parami Road,16.86437,96.178905,"https://www.google.com/maps?q=16.864370,96.178905",YBS / YRTA Official
1518,2518,ဗဟိုစျေး (လမ်းဆုံ),Baho Zay (Junction),တောင်ဥက္ကလာပ,South Okkalapa,ဝေဇယန္တာလမ်း,Waizayanta Road,16.837885,96.176784,"https://www.google.com/maps?q=16.837885,96.176784",YBS / YRTA Official
1519,2519,ဘေလီ (လမ်းဆုံ),Bay Li (Junction),တောင်ဥက္ကလာပ,South Okkalapa,ပါရမီလမ်း,Parami Road,16.861777,96.175632,"https://www.google.com/maps?q=16.861777,96.175632",YBS / YRTA Official
1520,2520,မြင်သာဈေး (လမ်းဆုံ),Myin Thar Zay (Junction),တောင်ဥက္ကလာပ,South Okkalapa,သံသုမာလမ်း,Thanthumar Road,16.858869,96.183126,"https://www.google.com/maps?q=16.858869,96.183126",YBS / YRTA Official
1521,2521,ဟံသာဝတီလမ်း (လမ်းဆုံ),Hantharwaddy Road (Junction),တောင်ဥက္ကလာပ,South Okkalapa,ဝေဇယန္တာလမ်း,Waizayanta Road,16.840194,96.168149,"https://www.google.com/maps?q=16.840194,96.168149",YBS / YRTA Official
1522,2522,အင်းဝ (လမ်းဆုံ),Inwa (Junction),တောင်ဥက္ကလာပ,South Okkalapa,သုမင်္ဂလာလမ်း,Thu Mingalar Road,16.846569,96.174575,"https://www.google.com/maps?q=16.846569,96.174575",YBS / YRTA Official
1523,2523,(၁၆) ဂိတ် (လမ်းဆုံ),Sae-Chauk Gate (16 Gate) (Junction),ထောက်ကြန့်,Htaukkyant,ရန်ကုန်-ပြည်လမ်းမကြီး,Yangon-Pyay Main Road,17.102405,96.052336,"https://www.google.com/maps?q=17.102405,96.052336",YBS / YRTA Official
1524,2524,(၂) ဂိတ် (လမ်းဆုံ),Hnit Gate (2 Gate) (Junction),ထောက်ကြန့်,Htaukkyant,ရန်ကုန်-ပြည်လမ်းမကြီး,Yangon-Pyay Main Road,17.063416,96.116719,"https://www.google.com/maps?q=17.063416,96.116719",YBS / YRTA Official
1525,2525,(၈၂) (လမ်းဆုံ),Shit-Sae-Hnit (82) (Junction),ထောက်ကြန့်,Htaukkyant,ရန်ကုန်-ပြည်လမ်းမကြီး,Yangon-Pyay Main Road,17.05323,96.121884,"https://www.google.com/maps?q=17.053230,96.121884",YBS / YRTA Official
1526,2526,(၉) ဂိတ် (လမ်းဆုံ),Nine Gate (9 Gate) (Junction),ထောက်ကြန့်,Htaukkyant,ရန်ကုန်-ပြည်လမ်းမကြီး,Yangon-Pyay Main Road,17.049818,96.117234,"https://www.google.com/maps?q=17.049818,96.117234",YBS / YRTA Official
1527,2527,(၉၁) ဂိတ် (လမ်းဆုံ),Koe-Sae-Tit Gate (91 Gate) (Junction),ထောက်ကြန့်,Htaukkyant,ရန်ကုန်-ပြည်လမ်းမကြီး,Yangon-Pyay Main Road,17.104505,96.0893,"https://www.google.com/maps?q=17.104505,96.089300",YBS / YRTA Official
1528,2528,ကြက်ဖြူကန် (လမ်းဆုံ),Kyat Phyu Kan (Junction),ထောက်ကြန့်,Htaukkyant,ရန်ကုန်-ပြည်လမ်းမကြီး,Yangon-Pyay Main Road,17.088162,96.096793,"https://www.google.com/maps?q=17.088162,96.096793",YBS / YRTA Official
1529,2529,စမ်းချောင်းပေါက် (လမ်းဆုံ),San Chaung Pauk (Junction),ထောက်ကြန့်,Htaukkyant,ရန်ကုန်-ပြည်လမ်းမကြီး,Yangon-Pyay Main Road,17.100467,96.095713,"https://www.google.com/maps?q=17.100467,96.095713",YBS / YRTA Official
1530,2530,ထောက်ကြန့်လမ်းဆုံ (လမ်းဆုံ),Htauk Kyant Lan Sone (Junction),ထောက်ကြန့်,Htaukkyant,အမှတ်(၂)လမ်းမ,No. 2 Main Road,17.04692,96.136882,"https://www.google.com/maps?q=17.046920,96.136882",YBS / YRTA Official
1531,2531,ဗိုလ်သင်တန်း (လမ်းဆုံ),Bo Thin Tan (Junction),ထောက်ကြန့်,Htaukkyant,ရန်ကုန်-ပြည်လမ်းမကြီး,Yangon-Pyay Main Road,17.10923,96.074491,"https://www.google.com/maps?q=17.109230,96.074491",YBS / YRTA Official
1532,2532,မီးစက် (လမ်းဆုံ),Mee Sat (Junction),ထောက်ကြန့်,Htaukkyant,ရန်ကုန်-ပြည်လမ်းမကြီး,Yangon-Pyay Main Road,17.080646,96.104775,"https://www.google.com/maps?q=17.080646,96.104775",YBS / YRTA Official
1533,2533,မော်တော်ယာဉ် (လမ်းဆုံ),Maw Taw Yin (Junction),ထောက်ကြန့်,Htaukkyant,ရန်ကုန်-ပြည်လမ်းမကြီး,Yangon-Pyay Main Road,17.110217,96.077816,"https://www.google.com/maps?q=17.110217,96.077816",YBS / YRTA Official
1534,2534,ရဲဘော်ဈေး (လမ်းဆုံ),Ye Baw Zay (Junction),ထောက်ကြန့်,Htaukkyant,ရန်ကုန်-ပြည်လမ်းမကြီး,Yangon-Pyay Main Road,17.096649,96.096928,"https://www.google.com/maps?q=17.096649,96.096928",YBS / YRTA Official
1535,2535,လေတပ် (လမ်းဆုံ),Lay Tat (Junction),ထောက်ကြန့်,Htaukkyant,ရန်ကုန်-ပြည်လမ်းမကြီး,Yangon-Pyay Main Road,17.108942,96.073871,"https://www.google.com/maps?q=17.108942,96.073871",YBS / YRTA Official
1536,2536,ကျောက်တိုင် (လမ်းဆုံ),Kyauk Taing (Junction),ဒဂုံ,Dagon,ZOOLOGICAL Garden Road,ZOOLOGICAL Garden Road,16.78644,96.156336,"https://www.google.com/maps?q=16.786440,96.156336",YBS / YRTA Official
1537,2537,စိန်ဂျွန်း (လမ်းဆုံ),Sein Gyun (Junction),ဒဂုံ,Dagon,ပြည်လမ်း,Pyay Road,16.781462,96.145182,"https://www.google.com/maps?q=16.781462,96.145182",YBS / YRTA Official
1538,2538,တောင်ဘက်မုခ် (လမ်းဆုံ),Taung Phat Moke (Shwedagon South Gate) (Junction),ဒဂုံ,Dagon,Shwedagon Pagoda Road,Shwedagon Pagoda Road,16.797622,96.147,"https://www.google.com/maps?q=16.797622,96.147000",YBS / YRTA Official
1539,2539,ပဲခူးကလပ် (လမ်းဆုံ),Bago Kalat (Junction),ဒဂုံ,Dagon,ပြည်လမ်း,Pyay Road,16.78649,96.140211,"https://www.google.com/maps?q=16.786490,96.140211",YBS / YRTA Official
1540,2540,မြောက်ဘက်မုခ် (လမ်းဆုံ),Myauk Phat Moke (Shwedagon North Gate) (Junction),ဒဂုံ,Dagon,အာဇာနည်လမ်း,RZarNi Road,16.80536,96.147661,"https://www.google.com/maps?q=16.805360,96.147661",YBS / YRTA Official
1541,2541,လေဟာပြင်စျေး (လမ်းဆုံ),Lay Har Pyin Zay (Junction),ဒဂုံ,Dagon,Shwedagon Pagoda Road,Shwedagon Pagoda Road,16.782693,96.15141,"https://www.google.com/maps?q=16.782693,96.151410",YBS / YRTA Official
1542,2542,ဟယ်(လ်)ပင် (လမ်းဆုံ),Halpin (Junction),ဒဂုံ,Dagon,ပြည်လမ်း,Pyay Road,16.785305,96.144044,"https://www.google.com/maps?q=16.785305,96.144044",YBS / YRTA Official
1543,2543,အရှေ့ဘက်မုခ် (လမ်းဆုံ),Ashae Phat Moke (Shwedagon East Gate) (Junction),ဒဂုံ,Dagon,အာဇာနည်လမ်း,RZarNi Road,16.800589,96.154247,"https://www.google.com/maps?q=16.800589,96.154247",YBS / YRTA Official
1544,2544,(၁၁) လမ်း (လမ်းဆုံ),Sae-Tit Lan (11 Lan) (Junction),ဒဂုံဆိပ်ကမ်း,Dagon Seikkan,ကျွန်းရွှေဝါလမ်း,Kyun Shwe Wah Road,16.823141,96.269503,"https://www.google.com/maps?q=16.823141,96.269503",YBS / YRTA Official
1545,2545,(၈၉) ကွေ့ (လမ်းဆုံ),Shit-sae-koe Kwae (89 Kwae) (Junction),ဒဂုံဆိပ်ကမ်း,Dagon Seikkan,Kun At Min Thar Road,Kun At Min Thar Road,16.841016,96.275312,"https://www.google.com/maps?q=16.841016,96.275312",YBS / YRTA Official
1546,2546,ကနောင်ကွေ့ (လမ်းဆုံ),Kanaung Kwae (Junction),ဒဂုံဆိပ်ကမ်း,Dagon Seikkan,Kanaung Minthargyi Road,Kanaung Minthargyi Road,16.832673,96.273775,"https://www.google.com/maps?q=16.832673,96.273775",YBS / YRTA Official
1547,2547,ပိတောက်ကွေ့ (လမ်းဆုံ),Padauk Kwae (Junction),ဒဂုံဆိပ်ကမ်း,Dagon Seikkan,ကျွန်းရွှေဝါလမ်း,Kyun Shwe Wah Road,16.826411,96.266388,"https://www.google.com/maps?q=16.826411,96.266388",YBS / YRTA Official
1548,2548,မုခ်ဦး (ယုဇနဥယျာဉ်) (လမ်းဆုံ),Moke Oo Yuzana Garden (Junction),ဒဂုံဆိပ်ကမ်း,Dagon Seikkan,Bago River Road,Bago River Road,16.82976,96.273722,"https://www.google.com/maps?q=16.829760,96.273722",YBS / YRTA Official
1549,2549,မြနန္ဒာ (လမ်းဆုံ),Mya Nandar (Junction),ဒဂုံဆိပ်ကမ်း,Dagon Seikkan,Bago River Road,Bago River Road,16.833551,96.255394,"https://www.google.com/maps?q=16.833551,96.255394",YBS / YRTA Official
1550,2550,ရတနာလမ်း (လမ်းဆုံ),Yadanar Lan (Junction),ဒဂုံဆိပ်ကမ်း,Dagon Seikkan,Bago River Road,Bago River Road,16.837249,96.249798,"https://www.google.com/maps?q=16.837249,96.249798",YBS / YRTA Official
1551,2551,ရွှေလီလမ်း (လမ်းဆုံ),Shwe Li Road (Junction),ဒဂုံဆိပ်ကမ်း,Dagon Seikkan,Shwe Li Road,Shwe Li Road,16.825541,96.247569,"https://www.google.com/maps?q=16.825541,96.247569",YBS / YRTA Official
1552,2552,(၃) ဂိတ်ဟောင်း (လမ်းဆုံ),Thone Gate Haung (3 Gate) (Junction),ဒေါပုံ,Dawbon,မြင်တော်သာလမ်း,Myintawthar Road,16.773067,96.191341,"https://www.google.com/maps?q=16.773067,96.191341",YBS / YRTA Official
1553,2553,ဓမ္မာရုံ (လမ်းဆုံ),Dhamar Yon (Junction),ဒေါပုံ,Dawbon,ယမုံနာလမ်း,Yamonar Road,16.77936,96.196924,"https://www.google.com/maps?q=16.779360,96.196924",YBS / YRTA Official
1554,2554,မာန်ပြေ (လမ်းဆုံ),Man Pyae (Junction),ဒေါပုံ,Dawbon,ယမုံနာလမ်း,Yamonar Road,16.774639,96.197617,"https://www.google.com/maps?q=16.774639,96.197617",YBS / YRTA Official
1555,2555,ရန်ပြေ (လမ်းဆုံ),Yan Pyay (Junction),ဒေါပုံ,Dawbon,ယမုံနာလမ်း,Yamonar Road,16.779323,96.186035,"https://www.google.com/maps?q=16.779323,96.186035",YBS / YRTA Official
1556,2556,ဝါဆို (လမ်းဆုံ),Warso (Junction),ဒေါပုံ,Dawbon,ယမုံနာလမ်း,Yamonar Road,16.787135,96.179756,"https://www.google.com/maps?q=16.787135,96.179756",YBS / YRTA Official
1557,2557,သင်္ဘောကျင်း (လမ်းဆုံ),Thinbaw Kyin (Junction),ဒေါပုံ,Dawbon,ယမုံနာလမ်း,Yamonar Road,16.783851,96.183466,"https://www.google.com/maps?q=16.783851,96.183466",YBS / YRTA Official
1558,2558,(၆) လမ်း (လမ်းဆုံ),Chauk Lan (6 Lan) (Junction),ပုဇွန်တောင်,Pazundaung,အထက်ပုဇွန်တောင်လမ်း,Upper Pazundaung Road,16.805255,96.181839,"https://www.google.com/maps?q=16.805255,96.181839",YBS / YRTA Official
1559,2559,ဂန္ဓီ (လမ်းဆုံ),Gandee (Junction),ပုဇွန်တောင်,Pazundaung,မဟာဗန္ဓုလလမ်း,Mahabandoola Road,16.778167,96.172112,"https://www.google.com/maps?q=16.778167,96.172112",YBS / YRTA Official
1560,2560,ညောင်တန်း (လမ်းဆုံ),Nyaung Tan (Junction),ပုဇွန်တောင်,Pazundaung,အောက်ပုဇွန်တောင်လမ်း,Lower Pazundaung Road,16.779688,96.172998,"https://www.google.com/maps?q=16.779688,96.172998",YBS / YRTA Official
1561,2561,ပုဇွန်တောင်ဈေး (လမ်းဆုံ),Pazundaung Zay (Junction),ပုဇွန်တောင်,Pazundaung,အထက်ပုဇွန်တောင်လမ်း,Upper Pazundaung Road,16.778943,96.178585,"https://www.google.com/maps?q=16.778943,96.178585",YBS / YRTA Official
1562,2562,ဗိုလ်တထောင်ဈေး (လမ်းဆုံ),Botahtaung Zay (Junction),ပုဇွန်တောင်,Pazundaung,ကမ်းနားလမ်း,Strand Road,16.766004,96.17392,"https://www.google.com/maps?q=16.766004,96.173920",YBS / YRTA Official
1563,2563,ဘီအိုစီ (လမ်းဆုံ),B.O.C (Junction),ပုဇွန်တောင်,Pazundaung,Than Lyet Soon Road,Than Lyet Soon Road,16.766635,96.188339,"https://www.google.com/maps?q=16.766635,96.188339",YBS / YRTA Official
1564,2564,လင်းစဒေါင်း (လမ်းဆုံ),Lin Sadaung (Junction),ပုဇွန်တောင်,Pazundaung,ကမ်းနားလမ်း,Strand Road,16.766322,96.181896,"https://www.google.com/maps?q=16.766322,96.181896",YBS / YRTA Official
1565,2565,သီတာဆိပ် (လမ်းဆုံ),Thida Seik (Junction),ပုဇွန်တောင်,Pazundaung,အောက်ပုဇွန်တောင်လမ်း,Lower Pazundaung Road,16.77637,96.175205,"https://www.google.com/maps?q=16.776370,96.175205",YBS / YRTA Official
1566,2566,ကုန်ဈေးတန်း (လမ်းဆုံ),Kone Zay Tan (Junction),ပန်းဘဲတန်း,Pabedan,အနော်ရထာလမ်း,Anawrahta Road,16.77682,96.151419,"https://www.google.com/maps?q=16.776820,96.151419",YBS / YRTA Official
1567,2567,ဗိုလ်ချုပ်ဈေး (လမ်းဆုံ),Bogyoke Zay (Junction),ပန်းဘဲတန်း,Pabedan,ဗိုလ်ချုပ်အောင်ဆန်းလမ်း,Bogyoke Aung San Road,16.776657,96.156247,"https://www.google.com/maps?q=16.776657,96.156247",YBS / YRTA Official
1568,2568,ရုပ်ရှင်ရုံ (လမ်းဆုံ),Yoke Shin Yon (Junction),ပန်းဘဲတန်း,Pabedan,ဆူးလေးဘုရားလမ်း,Sule Pagoda Road,16.772548,96.160692,"https://www.google.com/maps?q=16.772548,96.160692",YBS / YRTA Official
1569,2569,လမ်း (၃၀) (လမ်းဆုံ),Lan Thone Sae (30 Lan) (Junction),ပန်းဘဲတန်း,Pabedan,အနော်ရထာလမ်း,Anawrahta Road,16.780135,96.162116,"https://www.google.com/maps?q=16.780135,96.162116",YBS / YRTA Official
1570,2570,သိမ်ကြီးဈေး (လမ်းဆုံ),Theingyi Zay (Junction),ပန်းဘဲတန်း,Pabedan,မဟာဗန္ဓုလလမ်း,Mahabandoola Road,16.77372,96.150155,"https://www.google.com/maps?q=16.773720,96.150155",YBS / YRTA Official
1571,2571,(၂) ဂိတ် (လမ်းဆုံ),Hnit Gate (2 Gate) (Junction),ဖောင်ကြီး,Hpaunggyi,Hlegu-Phaung Gyi Road,Hlegu-Phaung Gyi Road,17.335491,96.196529,"https://www.google.com/maps?q=17.335491,96.196529",YBS / YRTA Official
1572,2572,စံပြ (လမ်းဆုံ),San Pya (Junction),ဖောင်ကြီး,Hpaunggyi,Hlegu-Phaung Gyi Road,Hlegu-Phaung Gyi Road,17.337626,96.192263,"https://www.google.com/maps?q=17.337626,96.192263",YBS / YRTA Official
1573,2573,ဆေးရုံကုန်း (လမ်းဆုံ),Say Yone Kone (Junction),ဖောင်ကြီး,Hpaunggyi,Hlegu-Phaung Gyi Road,Hlegu-Phaung Gyi Road,17.325422,96.189621,"https://www.google.com/maps?q=17.325422,96.189621",YBS / YRTA Official
1574,2574,ဖောင်ကြီးတာဆုံ (လမ်းဆုံ),Phaung Gyi Tar Sone (Junction),ဖောင်ကြီး,Hpaunggyi,Hlegu-Phaung Gyi Road,Hlegu-Phaung Gyi Road,17.318702,96.182237,"https://www.google.com/maps?q=17.318702,96.182237",YBS / YRTA Official
1575,2575,ဗဟိုဝန်ထမ်းတက္ကသိုလ် (လမ်းဆုံ),Baho Wun Htan Takke Tho (Junction),ဖောင်ကြီး,Hpaunggyi,Hlegu-Phaung Gyi Road,Hlegu-Phaung Gyi Road,17.334081,96.183515,"https://www.google.com/maps?q=17.334081,96.183515",YBS / YRTA Official
1576,2576,သမဝါယမကောလိပ် (လမ်းဆုံ),Thama War Ya Ma College (Junction),ဖောင်ကြီး,Hpaunggyi,Hlegu-Phaung Gyi Road,Hlegu-Phaung Gyi Road,17.350652,96.197346,"https://www.google.com/maps?q=17.350652,96.197346",YBS / YRTA Official
1577,2577,(၅) ထပ်ကြီး (လမ်းဆုံ),Ngar Htat Kyee (5 Htat Kyee) (Junction),ဗဟန်း,Bahan,East Shwe Gon Daing Road,East Shwe Gon Daing Road,16.810806,96.158405,"https://www.google.com/maps?q=16.810806,96.158405",YBS / YRTA Official
1578,2578,(၆) ထပ်ကြီး (လမ်းဆုံ),Chauk Htat Kyee (6 Htat Kyee) (Junction),ဗဟန်း,Bahan,East Shwe Gon Daing Road,East Shwe Gon Daing Road,16.812707,96.164865,"https://www.google.com/maps?q=16.812707,96.164865",YBS / YRTA Official
1579,2579,ကုက္ကိုင်း (လမ်းဆုံ),Koke Kine (Junction),ဗဟန်း,Bahan,တက္ကသိုလ်ရိပ်သာလမ်း,University Avenue Road,16.825783,96.154324,"https://www.google.com/maps?q=16.825783,96.154324",YBS / YRTA Official
1580,2580,ကုက္ကိုင်း / ကျောင်းရှေ့ (လမ်းဆုံ),Kokkaing/ Kyaung Shae (Junction),ဗဟန်း,Bahan,ကမ္ဘာအေးဘုရားလမ်း,Kabar Aye Pagoda Road,16.817178,96.154416,"https://www.google.com/maps?q=16.817178,96.154416",YBS / YRTA Official
1581,2581,စက်မှု(၁)/မြန်မာပလာဇာ (လမ်းဆုံ),Set Hmu Tit/Myanmar Plaza (Junction),ဗဟန်း,Bahan,ကမ္ဘာအေးဘုရားလမ်း,Kabar Aye Pagoda Road,16.828807,96.158053,"https://www.google.com/maps?q=16.828807,96.158053",YBS / YRTA Official
1582,2582,နတ်မောက်ကျောင်းရှေ့ (လမ်းဆုံ),Nat Mauk Kyaung Shae (Junction),ဗဟန်း,Bahan,နတ်မောက်လမ်း,Nat Mauk Road,16.796188,96.162357,"https://www.google.com/maps?q=16.796188,96.162357",YBS / YRTA Official
1583,2583,နှင်းဆီကုန်းရိပ်သာ (လမ်းဆုံ),Hnin Si Kone Yate Thar (Junction),ဗဟန်း,Bahan,ကမ္ဘာအေးဘုရားလမ်း,Kabar Aye Pagoda Road,16.812875,96.156831,"https://www.google.com/maps?q=16.812875,96.156831",YBS / YRTA Official
1584,2584,ဖိုးစိန်လမ်း (လမ်းဆုံ),Phoe Sein Lan (Junction),ဗဟန်း,Bahan,နတ်မောက်လမ်း,Nat Mauk Road,16.798991,96.172276,"https://www.google.com/maps?q=16.798991,96.172276",YBS / YRTA Official
1585,2585,ဗဟန်းသုံးလမ်း (လမ်းဆုံ),Bahan Thone Lan (Junction),ဗဟန်း,Bahan,Bahan Road,Bahan Road,16.795205,96.153426,"https://www.google.com/maps?q=16.795205,96.153426",YBS / YRTA Official
1586,2586,ရွှေဂုံတိုင် (လမ်းဆုံ),Shwe Gon Daing (Junction),ဗဟန်း,Bahan,West Shwe Gon Daing Road,West Shwe Gon Daing Road,16.803101,96.150265,"https://www.google.com/maps?q=16.803101,96.150265",YBS / YRTA Official
1587,2587,ဝိဇယပလာဇာ (လမ်းဆုံ),Wizaya Plaza (Junction),ဗဟန်း,Bahan,ဓမ္မစေတီလမ်း,Dhamazedi Road,16.805734,96.144334,"https://www.google.com/maps?q=16.805734,96.144334",YBS / YRTA Official
1588,2588,သံလွင် (လမ်းဆုံ),Thanlwin (Junction),ဗဟန်း,Bahan,တက္ကသိုလ်ရိပ်သာလမ်း,University Avenue Road,16.825304,96.147929,"https://www.google.com/maps?q=16.825304,96.147929",YBS / YRTA Official
1589,2589,အထက (၁) ဗဟန်း (လမ်းဆုံ),Ah Hta Ka Tit Bahan (No. 1 High School) (Junction),ဗဟန်း,Bahan,ဓမ္မစေတီလမ်း,Dhamazedi Road,16.809197,96.154971,"https://www.google.com/maps?q=16.809197,96.154971",YBS / YRTA Official
1590,2590,(၅၀) ကွေ့ (လမ်းဆုံ),Ngar-sae Kwae (50 Kwae) (Junction),ဗိုလ်တထောင်,Botahtaung,Botahtaung Pagoda Road,Botahtaung Pagoda Road,16.776016,96.170582,"https://www.google.com/maps?q=16.776016,96.170582",YBS / YRTA Official
1591,2591,ကြယ်ငါးပွင့် (လမ်းဆုံ),Kyel Ngar Pwint (Junction),ဗိုလ်တထောင်,Botahtaung,သိမ်ဖြူလမ်း,Thein Phyu Road,16.772566,96.167079,"https://www.google.com/maps?q=16.772566,96.167079",YBS / YRTA Official
1592,2592,စိန်ပေါ(လ်) (လမ်းဆုံ),Sein Paul (Junction),ဗိုလ်တထောင်,Botahtaung,သိမ်ဖြူလမ်း,Thein Phyu Road,16.779923,96.165156,"https://www.google.com/maps?q=16.779923,96.165156",YBS / YRTA Official
1593,2593,အိုးရှင်း (လမ်းဆုံ),Ocean (Botahtaung) (Junction),ဗိုလ်တထောင်,Botahtaung,မဟာဗန္ဓုလလမ်း,Mahabandoola Road,16.769263,96.181364,"https://www.google.com/maps?q=16.769263,96.181364",YBS / YRTA Official
1594,2594,(၆) မိုင်ခွဲ (လမ်းဆုံ),Chauk Mile Khawe (6 Mile) (Junction),မရမ်းကုန်း,Mayangone,ပြည်လမ်း,Pyay Road,16.848873,96.135788,"https://www.google.com/maps?q=16.848873,96.135788",YBS / YRTA Official
1595,2595,(၇) မိုင် (လမ်းဆုံ),Khun-hnat Mile (7 Mile) (Junction),မရမ်းကုန်း,Mayangone,ပြည်လမ်း,Pyay Road,16.852158,96.141371,"https://www.google.com/maps?q=16.852158,96.141371",YBS / YRTA Official
1596,2596,(၈) မိုင် (လမ်းဆုံ),Shit Mile (8 Mile) (Junction),မရမ်းကုန်း,Mayangone,ပြည်လမ်း,Pyay Road,16.868414,96.142034,"https://www.google.com/maps?q=16.868414,96.142034",YBS / YRTA Official
1597,2597,(၉) မိုင် (လမ်းဆုံ),Koe Mile (9 Mile) (Junction),မရမ်းကုန်း,Mayangone,ပြည်လမ်း,Pyay Road,16.885296,96.141129,"https://www.google.com/maps?q=16.885296,96.141129",YBS / YRTA Official
1598,2598,ကမ္ဘာအေးဘုရားလမ်း (လမ်းဆုံ),Kabar Aye Paya (Junction),မရမ်းကုန်း,Mayangone,ကမ္ဘာအေးဘုရားလမ်း,Kabar Aye Pagoda Road,16.861212,96.152973,"https://www.google.com/maps?q=16.861212,96.152973",YBS / YRTA Official
1599,2599,ကျိုက်ဝိုင်း (လမ်းဆုံ),Kyaik Wine (Junction),မရမ်းကုန်း,Mayangone,ကျိုက်ဝိုင်းဘုရားလမ်း,Kyaik Wine Pagoda Road,16.870144,96.129353,"https://www.google.com/maps?q=16.870144,96.129353",YBS / YRTA Official
1600,2600,ချော်တွင်းကုန်း (လမ်းဆုံ),Chaw Twin Kone (Junction),မရမ်းကုန်း,Mayangone,ကမ္ဘာအေးဘုရားလမ်း,Kabar Aye Pagoda Road,16.847621,96.159129,"https://www.google.com/maps?q=16.847621,96.159129",YBS / YRTA Official
1601,2601,ဘုရင့်နောင်လမ်းဆုံ (လမ်းဆုံ),Bayint Naung Lan Sone (Junction),မရမ်းကုန်း,Mayangone,ဘုရင့်နောင်လမ်း,Bayint Naung Road,16.859599,96.113202,"https://www.google.com/maps?q=16.859599,96.113202",YBS / YRTA Official
1602,2602,မြိုင်ဟေဝန်ပန်းခြံ (လမ်းဆုံ),Myaing Hay Wun (Junction),မရမ်းကုန်း,Mayangone,ကမ္ဘာအေးဘုရားလမ်း,Kabar Aye Pagoda Road,16.869292,96.138704,"https://www.google.com/maps?q=16.869292,96.138704",YBS / YRTA Official
1603,2603,သမိုင်းလမ်းဆုံ (လမ်းဆုံ),Thamine Lan Son (Junction),မရမ်းကုန်း,Mayangone,ရန်ကုန်-အင်းစိန်လမ်း,Yangon-Insein Road,16.859256,96.118903,"https://www.google.com/maps?q=16.859256,96.118903",YBS / YRTA Official
1604,2604,မင်္ဂလာဈေး (လမ်းဆုံ),Mingalar Zay (Junction),မင်္ဂလာတောင်ညွန့်,Mingalar Taung Nyunt,Mill Road,Mill Road,16.787171,96.170286,"https://www.google.com/maps?q=16.787171,96.170286",YBS / YRTA Official
1605,2605,ယုဇနပလာဇာ / လမ်းကျယ် (လမ်းဆုံ),Yuzana Plaza/ Lan Kyal (Junction),မင်္ဂလာတောင်ညွန့်,Mingalar Taung Nyunt,ဗညားဒလလမ်း,Banyardala Road,16.797135,96.175744,"https://www.google.com/maps?q=16.797135,96.175744",YBS / YRTA Official
1606,2606,ရန်ကုန်ဘူတာကြီး (လမ်းဆုံ),Yangon Central Railway Station (Junction),မင်္ဂလာတောင်ညွန့်,Mingalar Taung Nyunt,Upper Pansodan Road,Upper Pansodan Road,16.786167,96.162034,"https://www.google.com/maps?q=16.786167,96.162034",YBS / YRTA Official
1607,2607,သိမ်ဖြူဈေး (လမ်းဆုံ),Thein Phyu Zay (Junction),မင်္ဂလာတောင်ညွန့်,Mingalar Taung Nyunt,သိမ်ဖြူလမ်း,Thein Phyu Road,16.783723,96.169537,"https://www.google.com/maps?q=16.783723,96.169537",YBS / YRTA Official
1608,2608,အောင်မင်္ဂလာ (လမ်းဆုံ),Aung Mingalar (Junction),မင်္ဂလာတောင်ညွန့်,Mingalar Taung Nyunt,ဗညားဒလလမ်း,Banyardala Road,16.792133,96.17699,"https://www.google.com/maps?q=16.792133,96.176990",YBS / YRTA Official
1609,2609,ခရေပင်လမ်းခွဲ (လမ်းဆုံ),Khayae Pin Lan Khawe (Junction),မင်္ဂလာဒုံ,Mingaladon,အမှတ်(၁)လမ်းမ,No. 1 Main Road,16.928463,96.129481,"https://www.google.com/maps?q=16.928463,96.129481",YBS / YRTA Official
1610,2610,ကုန်းထိပ် (လမ်းဆုံ),Kone Htate (Junction),မင်္ဂလာဒုံ,Mingaladon,အမှတ်(၁)လမ်းမ,No. 1 Main Road,17.00274,96.129152,"https://www.google.com/maps?q=17.002740,96.129152",YBS / YRTA Official
1611,2611,ကျိုက်ကလို့ (လမ်းဆုံ),Kyaikkalot (Junction),မင်္ဂလာဒုံ,Mingaladon,အမှတ်(၁)လမ်းမ,No. 1 Main Road,16.948161,96.130119,"https://www.google.com/maps?q=16.948161,96.130119",YBS / YRTA Official
1612,2612,မင်္ဂလာဒုံဈေး (လမ်းဆုံ),Mingalardon Zay (Junction),မင်္ဂလာဒုံ,Mingaladon,အမှတ်(၁)လမ်းမ,No. 1 Main Road,16.934477,96.129297,"https://www.google.com/maps?q=16.934477,96.129297",YBS / YRTA Official
1613,2613,ရန်ကုန်လေဆိပ် တာမီနယ် (၁) (လမ်းဆုံ),Yangon Intl. Airport Terminal 1 (Junction),မင်္ဂလာဒုံ,Mingaladon,Yangon Airport Road,Yangon Airport Road,16.904114,96.139573,"https://www.google.com/maps?q=16.904114,96.139573",YBS / YRTA Official
1614,2614,ပုလဲလမ်းဆုံ (လမ်းဆုံ),Palae Lan Sone (Junction),မင်္ဂလာဒုံ,Mingaladon,အမှတ်(၃)လမ်းမ,No. 3 Main Road,16.983664,96.142772,"https://www.google.com/maps?q=16.983664,96.142772",YBS / YRTA Official
1615,2615,ဒဂုံတက္ကသိုလ် (လမ်းဆုံ),Dagon University (Junction),မြောက်ဒဂုံ,North Dagon,Dagon University,Dagon University,16.915037,96.213713,"https://www.google.com/maps?q=16.915037,96.213713",YBS / YRTA Official
1616,2616,(၃၅) ကွေ့ (လမ်းဆုံ),Thone-sae-ngar Kwae (35 Kwae) (Junction),မြောက်ဒဂုံ,North Dagon,ပင်လုံလမ်း,Pin Lon Road,16.871556,96.182581,"https://www.google.com/maps?q=16.871556,96.182581",YBS / YRTA Official
1617,2617,(၄၄) လမ်းဆုံ (လမ်းဆုံ),Lay-sae-lay Lan Sone (44 Lan Sone) (Junction),မြောက်ဒဂုံ,North Dagon,ဗိုလ်မှူးဗထူးလမ်း,Bo Hmu Ba Htoo Road,16.888452,96.180351,"https://www.google.com/maps?q=16.888452,96.180351",YBS / YRTA Official
1618,2618,ဗထူးဈေး (လမ်းဆုံ),Ba Htoo Zay (Junction),မြောက်ဒဂုံ,North Dagon,ဗိုလ်မှူးဗထူးလမ်း,Bo Hmu Ba Htoo Road,16.895174,96.188141,"https://www.google.com/maps?q=16.895174,96.188141",YBS / YRTA Official
1619,2619,ပင်လုံဆေးရုံ (လမ်းဆုံ),Pinlon Hospital (Junction),မြောက်ဒဂုံ,North Dagon,ပင်လုံလမ်း,Pin Lon Road,16.854093,96.197417,"https://www.google.com/maps?q=16.854093,96.197417",YBS / YRTA Official
1620,2620,မန္တလေးလမ်း (လမ်းဆုံ),Mandalay Lan (Junction),မြောက်ဒဂုံ,North Dagon,ပင်လုံလမ်း,Pin Lon Road,16.876807,96.195062,"https://www.google.com/maps?q=16.876807,96.195062",YBS / YRTA Official
1621,2621,(၂) ဈေး (လမ်းဆုံ),Hnit Zay (2 Zay) (Junction),မြောက်ဥက္ကလာပ,North Okkalapa,သုဓမ္မာလမ်း,Thudhamar Road,16.880801,96.158096,"https://www.google.com/maps?q=16.880801,96.158096",YBS / YRTA Official
1622,2622,(၆) ကွေ့ (လမ်းဆုံ),Chauk Kwae (6 Kwae) (Junction),မြောက်ဥက္ကလာပ,North Okkalapa,သုဓမ္မာလမ်း,Thudhamar Road,16.915729,96.167403,"https://www.google.com/maps?q=16.915729,96.167403",YBS / YRTA Official
1623,2623,(ဃ) ဈေး (လမ်းဆုံ),Ga-gyi Zay (Junction),မြောက်ဥက္ကလာပ,North Okkalapa,သုဓမ္မာလမ်း,Thudhamar Road,16.896682,96.162264,"https://www.google.com/maps?q=16.896682,96.162264",YBS / YRTA Official
1624,2624,(ဈ) ဈေး (လမ်းဆုံ),Za-myin-zwe Zay (Junction),မြောက်ဥက္ကလာပ,North Okkalapa,ခေမာသီလမ်း,Khaymarthi Road,16.913922,96.158466,"https://www.google.com/maps?q=16.913922,96.158466",YBS / YRTA Official
1625,2625,မြောက်ဥက္ကလာ အဝိုင်း (လမ်းဆုံ),Myauk Okkalar Awine (Junction),မြောက်ဥက္ကလာပ,North Okkalapa,သုဓမ္မာလမ်း,Thudhamar Road,16.889009,96.157872,"https://www.google.com/maps?q=16.889009,96.157872",YBS / YRTA Official
1626,2626,အောင်မင်္ဂလာ အဝေးပြေး (လမ်းဆုံ),Aung Mingalar A Way Pyay (Junction),မြောက်ဥက္ကလာပ,North Okkalapa,သုဓမ္မာလမ်း,Thudhamar Road,16.924195,96.159942,"https://www.google.com/maps?q=16.924195,96.159942",YBS / YRTA Official
1627,2627,မဲလမုဘုရား (လမ်းဆုံ),Melamu Pagoda (Junction),မြောက်ဥက္ကလာပ,North Okkalapa,သုဓမ္မာလမ်း,Thudhamar Road,16.889714,96.163294,"https://www.google.com/maps?q=16.889714,96.163294",YBS / YRTA Official
1628,2628,မှော်ဘီဈေး (လမ်းဆုံ),Hmaw Bi Zay (Junction),မှော်ဘီ,Hmawbi,ရန်ကုန်-ပြည်လမ်းမကြီး,Yangon-Pyay Main Road,17.104004,96.040392,"https://www.google.com/maps?q=17.104004,96.040392",YBS / YRTA Official
1629,2629,ဂျီတီစီဆိုက်သစ် (လမ်းဆုံ),G.T.C Site Thit (Junction),မှော်ဘီ,Hmawbi,ရန်ကုန်-ပြည်လမ်းမကြီး,Yangon-Pyay Main Road,17.120066,96.008762,"https://www.google.com/maps?q=17.120066,96.008762",YBS / YRTA Official
1630,2630,ဂျပန်ဆိုက် (လမ်းဆုံ),Japan Site (Junction),မှော်ဘီ,Hmawbi,ရန်ကုန်-ပြည်လမ်းမကြီး,Yangon-Pyay Main Road,17.141188,95.99557,"https://www.google.com/maps?q=17.141188,95.995570",YBS / YRTA Official
1631,2631,ထန်းတပင်တာဆုံ (လမ်းဆုံ),Htan Ta Pin Tar Sone (Junction),မှော်ဘီ,Hmawbi,ရန်ကုန်-ပြည်လမ်းမကြီး,Yangon-Pyay Main Road,17.097542,96.03402,"https://www.google.com/maps?q=17.097542,96.034020",YBS / YRTA Official
1632,2632,ကျောက်ကုန်း (လမ်းဆုံ),Kyauk Kone (Junction),ရန်ကင်း,Yankin,Moe Kaung Road,Moe Kaung Road,16.831227,96.170371,"https://www.google.com/maps?q=16.831227,96.170371",YBS / YRTA Official
1633,2633,ရန်ကင်းဈေး (လမ်းဆုံ),Yankin Zay (Junction),ရန်ကင်း,Yankin,Yanshin Street,Yanshin Street,16.827499,96.156765,"https://www.google.com/maps?q=16.827499,96.156765",YBS / YRTA Official
1634,2634,မိုးကောင်း (လမ်းဆုံ),Moe Kaung (Junction),ရန်ကင်း,Yankin,Kanbe Road,Kanbe Road,16.833784,96.166903,"https://www.google.com/maps?q=16.833784,96.166903",YBS / YRTA Official
1635,2635,ရန်ကင်းစာတိုက် (လမ်းဆုံ),Yankin Sar Taik (Junction),ရန်ကင်း,Yankin,Yankin Road,Yankin Road,16.836916,96.160012,"https://www.google.com/maps?q=16.836916,96.160012",YBS / YRTA Official
1636,2636,ရွှေပြည်သာကွေ့ (လမ်းဆုံ),Shwe Pyi Thar Kwae (Junction),ရွှေပြည်သာ,Shwepyitha,အမှတ်(၄)လမ်းမ,No. 4 Main Road,16.961173,96.092456,"https://www.google.com/maps?q=16.961173,96.092456",YBS / YRTA Official
1637,2637,ဒဂုံဧရာ (လမ်းဆုံ),Dagon Ayeyar (Shwepyitha) (Junction),ရွှေပြည်သာ,Shwepyitha,လှော်ကားလမ်း,Hlawga Road,16.853222,96.233661,"https://www.google.com/maps?q=16.853222,96.233661",YBS / YRTA Official
1638,2638,ကွန်ပျူတာတက္ကသိုလ် (လမ်းဆုံ),Computer University (Yangon) (Junction),ရွှေပြည်သာ,Shwepyitha,အမှတ်(၄)လမ်းမ,No. 4 Main Road,16.998452,96.087307,"https://www.google.com/maps?q=16.998452,96.087307",YBS / YRTA Official
1639,2639,နဝရတ် (လမ်းဆုံ),Nawarat (Junction),ရွှေပြည်သာ,Shwepyitha,ဘုရင့်နောင်လမ်း,Bayint Naung Road,16.969081,96.080288,"https://www.google.com/maps?q=16.969081,96.080288",YBS / YRTA Official
1640,2640,သာဓုကန် (လမ်းဆုံ),Thardukan (Junction),ရွှေပြည်သာ,Shwepyitha,အမှတ်(၄)လမ်းမ,No. 4 Main Road,16.987368,96.09372,"https://www.google.com/maps?q=16.987368,96.093720",YBS / YRTA Official
1641,2641,ဆေးရုံကြီး (လမ်းဆုံ),Say Yon Gyi (Yangon General Hospital) (Junction),လသာ,Latha,ဗိုလ်ချုပ်အောင်ဆန်းလမ်း,Bogyoke Aung San Road,16.783664,96.15297,"https://www.google.com/maps?q=16.783664,96.152970",YBS / YRTA Official
1642,2642,ညောင်ပင်လေးဈေး (လမ်းဆုံ),Nyaung Pin Lay Zay (Junction),လသာ,Latha,ကမ်းနားလမ်း,Strand Road,16.771799,96.144427,"https://www.google.com/maps?q=16.771799,96.144427",YBS / YRTA Official
1643,2643,လသာ (လမ်းဆုံ),Latha (Strand) (Junction),လသာ,Latha,ကမ်းနားလမ်း,Strand Road,16.771277,96.153623,"https://www.google.com/maps?q=16.771277,96.153623",YBS / YRTA Official
1644,2644,စံပြ (လမ်းဆုံ),Sanpya (Junction),လမ်းမတော်,Lanmadaw,Phone Gyi Road,Phone Gyi Road,16.77636,96.140714,"https://www.google.com/maps?q=16.776360,96.140714",YBS / YRTA Official
1645,2645,ဗဟိုစည် / မော်တင် (လမ်းဆုံ),Bahosi/ Mawtin (Junction),လမ်းမတော်,Lanmadaw,ဗိုလ်ချုပ်အောင်ဆန်းလမ်း,Bogyoke Aung San Road,16.778746,96.140035,"https://www.google.com/maps?q=16.778746,96.140035",YBS / YRTA Official
1646,2646,မော်တင် (လမ်းဆုံ),Maw Tin (Junction),လမ်းမတော်,Lanmadaw,မဟာဗန္ဓုလလမ်း,Mahabandoola Road,16.778881,96.139132,"https://www.google.com/maps?q=16.778881,96.139132",YBS / YRTA Official
1647,2647,ပါရမီလမ်းဆုံ (လမ်းဆုံ),Parami Junction (Junction),လှိုင်,Hlaing,ပြည်လမ်း,Pyay Road,16.850973,96.141395,"https://www.google.com/maps?q=16.850973,96.141395",YBS / YRTA Official
1648,2648,သီရိမင်္ဂလာဈေးသစ် (လမ်းဆုံ),Thiri Mingalar Market (Junction),လှိုင်,Hlaing,ဘုရင့်နောင်လမ်း,Bayint Naung Road,16.848144,96.107988,"https://www.google.com/maps?q=16.848144,96.107988",YBS / YRTA Official
1649,2649,သုခ (လမ်းဆုံ),Thukha (Junction),လှိုင်,Hlaing,ရန်ကုန်-အင်းစိန်လမ်း,Yangon-Insein Road,16.840121,96.12484,"https://www.google.com/maps?q=16.840121,96.124840",YBS / YRTA Official
1650,2650,အေဒီ (လမ်းဆုံ),A.D (Junction),လှိုင်,Hlaing,ပြည်လမ်း,Pyay Road,16.856519,96.138832,"https://www.google.com/maps?q=16.856519,96.138832",YBS / YRTA Official
1651,2651,အုတ်ကျင်း (လမ်းဆုံ),Oakyin (Junction),လှိုင်,Hlaing,ရန်ကုန်-အင်းစိန်လမ်း,Yangon-Insein Road,16.855447,96.118997,"https://www.google.com/maps?q=16.855447,96.118997",YBS / YRTA Official
1652,2652,ဒဂုံဧရာ အဝေးပြေး (လမ်းဆုံ),Dagon Ayeyar Highway (Junction),လှိုင်သာယာ,Hlaingtharyar,အမှတ်(၅)လမ်းမ,No. 5 Main Road,16.875055,96.024741,"https://www.google.com/maps?q=16.875055,96.024741",YBS / YRTA Official
1653,2653,နဝဒေးအိမ်ရာ (လမ်းဆုံ),Nawaday Housing (Junction),လှိုင်သာယာ,Hlaingtharyar,အမှတ်(၅)လမ်းမ,No. 5 Main Road,16.85943,96.069582,"https://www.google.com/maps?q=16.859430,96.069582",YBS / YRTA Official
1654,2654,နည်းပညာတက္ကသိုလ် (လမ်းဆုံ),University of Technology (West Yangon) (Junction),လှိုင်သာယာ,Hlaingtharyar,University of Technology,University of Technology,16.867563,96.012344,"https://www.google.com/maps?q=16.867563,96.012344",YBS / YRTA Official
1655,2655,လှိုင်သာယာ စီးတီးမတ် (လမ်းဆုံ),Hlaing Tharyar City Mart (Junction),လှိုင်သာယာ,Hlaingtharyar,Yangon-Pathein Rd,Yangon-Pathein Rd,16.852934,96.067726,"https://www.google.com/maps?q=16.852934,96.067726",YBS / YRTA Official
1656,2656,ဗိုလ်ချုပ် (လမ်းဆုံ),Bogyoke (Junction),လှိုင်သာယာ,Hlaingtharyar,အမှတ်(၅)လမ်းမ,No. 5 Main Road,16.855285,96.081611,"https://www.google.com/maps?q=16.855285,96.081611",YBS / YRTA Official
1657,2657,လှည်းကူးဈေး (လမ်းဆုံ),Hlegu Zay (Junction),လှည်းကူး,Hlegu,အမှတ်(၁)လမ်းမ,No. 1 Main Road,17.099436,96.216488,"https://www.google.com/maps?q=17.099436,96.216488",YBS / YRTA Official
1658,2658,လှည်းကူးတာဆုံ (လမ်းဆုံ),Hlegu Tar Sone (Junction),လှည်းကူး,Hlegu,Hlegu-Phaung Gyi Road,Hlegu-Phaung Gyi Road,17.094871,96.224999,"https://www.google.com/maps?q=17.094871,96.224999",YBS / YRTA Official
1659,2659,ရတနာမြေ (လမ်းဆုံ),Yadanar Myay (Junction),လှည်းကူး,Hlegu,အမှတ်(၁)လမ်းမ,No. 1 Main Road,17.075535,96.182583,"https://www.google.com/maps?q=17.075535,96.182583",YBS / YRTA Official
1660,2660,သာကေတအဝိုင်း (လမ်းဆုံ),Thaketa Roundabout (Awine) (Junction),သာကေတ,Thaketa,ဧရာဝဏ်လမ်းမကြီး,Ayar Wun Main Road,16.809511,96.220044,"https://www.google.com/maps?q=16.809511,96.220044",YBS / YRTA Official
1661,2661,သန်လျင်တံတား ချဉ်းကပ်လမ်း (လမ်းဆုံ),Thanlyin Bridge (Chin Kat Lan) (Junction),သာကေတ,Thaketa,Thalyin Thada Chin Kat Road,Thalyin Thada Chin Kat Road,16.810941,96.213981,"https://www.google.com/maps?q=16.810941,96.213981",YBS / YRTA Official
1662,2662,ရှုခင်းသာမြို့ပတ်လမ်း (လမ်းဆုံ),Shukinthar Myo Pat Road (Junction),သာကေတ,Thaketa,ရှူ့ခင်းသာမြို့ပတ်လမ်း,Shukinthar Myo Pat Road,16.794816,96.223079,"https://www.google.com/maps?q=16.794816,96.223079",YBS / YRTA Official
1663,2663,(၃) ဈေး (လမ်းဆုံ),Thone Zay (3 Zay) (Junction),သာကေတ,Thaketa,မြင်တော်သာလမ်း,Myintawthar Road,16.783793,96.193273,"https://www.google.com/maps?q=16.783793,96.193273",YBS / YRTA Official
1664,2664,ကျောက်တိုင် (လမ်းဆုံ),Kyauk Taing (Thaketa) (Junction),သာကေတ,Thaketa,ဧရာဝဏ်လမ်းမကြီး,Ayar Wun Main Road,16.80454,96.193527,"https://www.google.com/maps?q=16.804540,96.193527",YBS / YRTA Official
1665,2665,တိုင်းရင်းသားကျေးရွာ (အာဆီယံ) (လမ်းဆုံ),National Races Village (Asean) (Junction),သာကေတ,Thaketa,National Races Village,National Races Village,16.806812,96.228176,"https://www.google.com/maps?q=16.806812,96.228176",YBS / YRTA Official
1666,2666,စံပြဈေး / ငမိုးရိပ် (လမ်းဆုံ),Sanpya Zay/ Nga Moe Yeik (Junction),သင်္ဃန်းကျွန်း,Thingangyun,သံသုမာလမ်း,Thanthumar Road,16.848178,96.20617,"https://www.google.com/maps?q=16.848178,96.206170",YBS / YRTA Official
1667,2667,ဇဝန (လမ်းဆုံ),Zawana (Junction),သင်္ဃန်းကျွန်း,Thingangyun,လေးထောင့်ကန်လမ်း,Lay Daung Kan Road,16.823692,96.192165,"https://www.google.com/maps?q=16.823692,96.192165",YBS / YRTA Official
1668,2668,သုဝဏ္ဏဘောလုံးကွင်း (လမ်းဆုံ),Thuwunna Stadium (Junction),သင်္ဃန်းကျွန်း,Thingangyun,ဝေဇယန္တာလမ်း,Waizayanta Road,16.824006,96.184596,"https://www.google.com/maps?q=16.824006,96.184596",YBS / YRTA Official
1669,2669,သုဝဏ္ဏလမ်းဆုံ (လမ်းဆုံ),Thuwunna Lan Sone (Junction),သင်္ဃန်းကျွန်း,Thingangyun,သံသုမာလမ်း,Thanthumar Road,16.816846,96.189596,"https://www.google.com/maps?q=16.816846,96.189596",YBS / YRTA Official
1670,2670,ကျိုက္ကဆံဘုရား (လမ်းဆုံ),Kyaikkasan Paya (Junction),သင်္ဃန်းကျွန်း,Thingangyun,ရတနာလမ်း,Yadanar Road,16.842433,96.184009,"https://www.google.com/maps?q=16.842433,96.184009",YBS / YRTA Official
1671,2671,ပြည်သာယာ (လမ်းဆုံ),Pyithaya (Junction),သင်္ဃန်းကျွန်း,Thingangyun,Pyithaya Street,Pyithaya Street,16.825255,96.175842,"https://www.google.com/maps?q=16.825255,96.175842",YBS / YRTA Official
1672,2672,ကျိုက်ခေါက်ဘုရား (လမ်းဆုံ),Kyaik Khauk Pagoda (Junction),သန်လျင်,Thanlyin,ကျိုက်ခေါက်ဘုရားလမ်း,Kyaik Khauk Pagoda Road,16.732847,96.265164,"https://www.google.com/maps?q=16.732847,96.265164",YBS / YRTA Official
1673,2673,ရေကြောင်းတက္ကသိုလ် (လမ်းဆုံ),Myanmar Maritime University (Junction),သန်လျင်,Thanlyin,Thanlyin,Thanlyin,16.70572,96.265836,"https://www.google.com/maps?q=16.705720,96.265836",YBS / YRTA Official
1674,2674,သန်လျင်မြို့မဈေး (လမ်းဆုံ),Thanlyin Myoma Zay (Junction),သန်လျင်,Thanlyin,Bogyoke Nay Win Road,Bogyoke Nay Win Road,16.76826,96.243588,"https://www.google.com/maps?q=16.768260,96.243588",YBS / YRTA Official
1675,2675,မြွေဘုရား (လမ်းဆုံ),Mway Paya (Snake Pagoda) (Junction),သန်လျင်,Thanlyin,သန်လျှင်-ကျောက်တန်းလမ်း,Thanlyin-Kyauktan Road,16.660346,96.319286,"https://www.google.com/maps?q=16.660346,96.319286",YBS / YRTA Official
1676,2676,နည်းပညာတက္ကသိုလ် (ဂျီတီယူ) (လမ်းဆုံ),Nee Pyinyar Takke Tho (G.T.U Thanlyin) (Junction),သန်လျင်,Thanlyin,သန်လျှင်-ကျောက်တန်းလမ်း,Thanlyin-Kyauktan Road,16.692975,96.309441,"https://www.google.com/maps?q=16.692975,96.309441",YBS / YRTA Official
1677,2677,အရှေ့ပိုင်းတက္ကသိုလ် (လမ်းဆုံ),East Yangon University (Taung Dagon) (Junction),သန်လျင်,Thanlyin,အမှတ်(၆)လမ်းမ,No. 6 Main Road,16.736186,96.286457,"https://www.google.com/maps?q=16.736186,96.286457",YBS / YRTA Official
1678,2678,ကြိုဆိုပါ၏ (လမ်းဆုံ),Kyo So Par Ei (Welcome) (Junction),သုံးခွ,Thongwa,အမှတ်(၆)လမ်းမ,No. 6 Main Road,16.756941,96.505697,"https://www.google.com/maps?q=16.756941,96.505697",YBS / YRTA Official
1679,2679,ခွန်ထိပ် (လမ်းဆုံ),Khun Htate (Junction),သုံးခွ,Thongwa,အမှတ်(၆)လမ်းမ,No. 6 Main Road,16.757152,96.519186,"https://www.google.com/maps?q=16.757152,96.519186",YBS / YRTA Official
1680,2680,ဘားလမ်း (လမ်းဆုံ),Bar Lan (Thongwa) (Junction),သုံးခွ,Thongwa,အမှတ်(၆)လမ်းမ,No. 6 Main Road,16.761959,96.516031,"https://www.google.com/maps?q=16.761959,96.516031",YBS / YRTA Official
1681,2681,(၁၂) ဂိတ် (လမ်းဆုံ),Sae-Hnit Gate (12 Gate) (Junction),အရှေ့ဒဂုံ,East Dagon,ကျန်စစ်သားလမ်း,Kyansitthar Road,16.89017,96.21867,"https://www.google.com/maps?q=16.890170,96.218670",YBS / YRTA Official
1682,2682,(၁၃) ဂိတ် (လမ်းဆုံ),Sae-Thone Gate (13 Gate) (Junction),အရှေ့ဒဂုံ,East Dagon,ကျန်စစ်သားလမ်း,Kyansitthar Road,16.887273,96.226642,"https://www.google.com/maps?q=16.887273,96.226642",YBS / YRTA Official
1683,2683,စည်ပင် (လမ်းဆုံ),Si Pin (East Dagon) (Junction),အရှေ့ဒဂုံ,East Dagon,Min Ye Kyaw Swar Road,Min Ye Kyaw Swar Road,16.935307,96.232357,"https://www.google.com/maps?q=16.935307,96.232357",YBS / YRTA Official
1684,2684,ကျုံးကြီးဂိတ် (လမ်းဆုံ),Kyone Gyi Gate (Junction),အလုံ,Ahlone,ကြည့်မြင်တိုင်ကမ်းနားလမ်း,Kyee Myin Daing Kannar Road,16.775408,96.134216,"https://www.google.com/maps?q=16.775408,96.134216",YBS / YRTA Official
1685,2685,ဆင်မင်းဈေး (လမ်းဆုံ),Sin Min Zay (Junction),အလုံ,Ahlone,ကြည့်မြင်တိုင်ကမ်းနားလမ်း,Kyee Myin Daing Kannar Road,16.78458,96.120925,"https://www.google.com/maps?q=16.784580,96.120925",YBS / YRTA Official
1686,2686,သခင်မြပန်းခြံ (လမ်းဆုံ),Thakhin Mya Pan Chan (Junction),အလုံ,Ahlone,ကြည့်မြင်တိုင်ကမ်းနားလမ်း,Kyee Myin Daing Kannar Road,16.780143,96.138712,"https://www.google.com/maps?q=16.780143,96.138712",YBS / YRTA Official
1687,2687,သီရိမင်္ဂလာဈေးဟောင်း (လမ်းဆုံ),Thiri Mingalar Zay (Old) (Junction),အလုံ,Ahlone,ကြည့်မြင်တိုင်ကမ်းနားလမ်း,Kyee Myin Daing Kannar Road,16.795397,96.118198,"https://www.google.com/maps?q=16.795397,96.118198",YBS / YRTA Official
1688,2688,ဥက္ကံ (လမ်းဆုံ),Okkan Station (Junction),ဥက္ကံ,Okkan,ပြည်လမ်း,Pyay Road,17.503552,95.852998,"https://www.google.com/maps?q=17.503552,95.852998",YBS / YRTA Official
1689,2689,အင်းစိန်ပန်းခြံ (လမ်းဆုံ),Insein Pan Chan (Junction),အင်းစိန်,Insein,မင်းကြီးလမ်း,Min Gyi Road,16.883444,96.105068,"https://www.google.com/maps?q=16.883444,96.105068",YBS / YRTA Official
1690,2690,အင်းစိန်ဈေး (လမ်းဆုံ),Insein Zay (Junction),အင်းစိန်,Insein,လှိုင်မြစ်လမ်း,Hlaing River Road,16.885512,96.102668,"https://www.google.com/maps?q=16.885512,96.102668",YBS / YRTA Official
1691,2691,အင်းစိန်ဆေးရုံကြီး (လမ်းဆုံ),Insein Say Yon Gyi (Junction),အင်းစိန်,Insein,မင်းကြီးလမ်း,Min Gyi Road,16.894004,96.103467,"https://www.google.com/maps?q=16.894004,96.103467",YBS / YRTA Official
1692,2692,စော်ဘွားကြီးကုန်း (လမ်းဆုံ),Saw Bwar Gyi Kone (Junction),အင်းစိန်,Insein,ပြည်လမ်း,Pyay Road,16.896748,96.115345,"https://www.google.com/maps?q=16.896748,96.115345",YBS / YRTA Official
1693,2693,ဒညင်းကုန်းလမ်းဆုံ (လမ်းဆုံ),Danyin Gone Lan Sone (Junction),အင်းစိန်,Insein,အောက်မင်္ဂလာဒုံလမ်း,Lower Mingalardon Road,16.932277,96.101493,"https://www.google.com/maps?q=16.932277,96.101493",YBS / YRTA Official
1694,2694,ကြို့ကုန်း (လမ်းဆုံ),Kyoe Kone (Junction),အင်းစိန်,Insein,ရန်ကုန်-အင်းစိန်လမ်း,Yangon-Insein Road,16.880964,96.11028,"https://www.google.com/maps?q=16.880964,96.110280",YBS / YRTA Official
1695,2695,ဘီပီအိုင် (လမ်းဆုံ),B.P.I (Junction),အင်းစိန်,Insein,ရန်ကုန်-အင်းစိန်လမ်း,Yangon-Insein Road,16.874461,96.119352,"https://www.google.com/maps?q=16.874461,96.119352",YBS / YRTA Official
1696,2696,ပြည်တော်သာ / ဂျီတီအိုင်ထိပ် (လမ်းဆုံ),Pyi Taw Thar/ G.T.I Htate (Junction),အင်းစိန်,Insein,အောက်မင်္ဂလာဒုံလမ်း,Lower Mingalardon Road,16.897387,96.092214,"https://www.google.com/maps?q=16.897387,96.092214",YBS / YRTA Official
1697,2697,အောင်ဆန်းဈေး (လမ်းဆုံ),Aung San Zay (Junction),အင်းစိန်,Insein,အောက်မင်္ဂလာဒုံလမ်း,Lower Mingalardon Road,16.924891,96.102436,"https://www.google.com/maps?q=16.924891,96.102436",YBS / YRTA Official
1698,2698,အုတ်ကျင်းဝ (လမ်းဆုံ),Oakyin Wa (Junction),အင်းစိန်,Insein,လမ်းသစ်လမ်း,Lan Thit Road,16.886717,96.11463,"https://www.google.com/maps?q=16.886717,96.114630",YBS / YRTA Official
1699,2699,ကျောင်းရှေ့/ကုန်းဆင်း (ထိပ်),Kyaung Shae/ Kone Sin (Corner),ကမာရွတ်,Kamayut,လှည်းတန်းလမ်း,Hledan Road,16.823609,96.128537,"https://www.google.com/maps?q=16.823609,96.128537",YBS / YRTA Official
1700,2700,ကျောင်းရှေ့/ဓမ္မာရုံ (ထိပ်),Kyaung Shae/ Dhamar Yon (Corner),ကမာရွတ်,Kamayut,တက္ကသိုလ်ရိပ်သာလမ်း,University Avenue Road,16.828655,96.133427,"https://www.google.com/maps?q=16.828655,96.133427",YBS / YRTA Official
1701,2701,ကျောင်းလမ်း (ထိပ်),Kyuanlan (Corner),ကမာရွတ်,Kamayut,တက္ကသိုလ်ရိပ်သာလမ်း,University Avenue Road,16.8223,96.143151,"https://www.google.com/maps?q=16.822300,96.143151",YBS / YRTA Official
1702,2702,ခိုင်ရွှေဝါ (ထိပ်),Khaing Shwe Wah (Corner),ကမာရွတ်,Kamayut,ဗဟိုလမ်း,Baho Road,16.818527,96.118601,"https://www.google.com/maps?q=16.818527,96.118601",YBS / YRTA Official
1703,2703,စံရိပ်ငြိမ် (ထိပ်),San Yeik Nyein (Corner),ကမာရွတ်,Kamayut,ရန်ကုန်-အင်းစိန်လမ်း,Yangon-Insein Road,16.836839,96.128678,"https://www.google.com/maps?q=16.836839,96.128678",YBS / YRTA Official
1704,2704,စိုက်ပျိုးရေး (ထိပ်),Saik Pyoe Yay (Corner),ကမာရွတ်,Kamayut,ပြည်လမ်း,Pyay Road,16.812294,96.139402,"https://www.google.com/maps?q=16.812294,96.139402",YBS / YRTA Official
1705,2705,ဆိုက်ကားဂိတ် (ထိပ်),Site Kar Gate (Corner),ကမာရွတ်,Kamayut,ဗဟိုလမ်း,Baho Road,16.836396,96.120975,"https://www.google.com/maps?q=16.836396,96.120975",YBS / YRTA Official
1706,2706,ဆင်ရေတွင်း (ထိပ်),Sin Yae Twin (Corner),ကမာရွတ်,Kamayut,ရန်ကုန်-အင်းစိန်လမ်း,Yangon-Insein Road,16.826909,96.12798,"https://www.google.com/maps?q=16.826909,96.127980",YBS / YRTA Official
1707,2707,ပြည်ရိပ်မွန် (ထိပ်),Pyi Yeik Mon (Corner),ကမာရွတ်,Kamayut,ဗဟိုလမ်း,Baho Road,16.817024,96.126875,"https://www.google.com/maps?q=16.817024,96.126875",YBS / YRTA Official
1708,2708,ဘီအာဘီ (ထိပ်),B.R.B (Corner),ကမာရွတ်,Kamayut,ဗဟိုလမ်း,Baho Road,16.833696,96.122777,"https://www.google.com/maps?q=16.833696,96.122777",YBS / YRTA Official
1709,2709,မာလာ (ထိပ်),Marlar (Corner),ကမာရွတ်,Kamayut,ပြည်လမ်း,Pyay Road,16.825489,96.135574,"https://www.google.com/maps?q=16.825489,96.135574",YBS / YRTA Official
1710,2710,ရေကြောင်း (ထိပ်),Yae Kyaung (Corner),ကမာရွတ်,Kamayut,ဘုရင့်နောင်လမ်း,Bayint Naung Road,16.825184,96.117582,"https://www.google.com/maps?q=16.825184,96.117582",YBS / YRTA Official
1711,2711,ရဲဝင်း (ထိပ်),Ye Win (Corner),ကမာရွတ်,Kamayut,ဗဟိုလမ်း,Baho Road,16.81311,96.123278,"https://www.google.com/maps?q=16.813110,96.123278",YBS / YRTA Official
1712,2712,လှည်းတန်း (ထိပ်),Hledan (Corner),ကမာရွတ်,Kamayut,ရန်ကုန်-အင်းစိန်လမ်း,Yangon-Insein Road,16.833703,96.123455,"https://www.google.com/maps?q=16.833703,96.123455",YBS / YRTA Official
1713,2713,လှည်းတန်းဈေး (ထိပ်),Hledan Zay (Corner),ကမာရွတ်,Kamayut,လှည်းတန်းလမ်း,Hledan Road,16.828245,96.125074,"https://www.google.com/maps?q=16.828245,96.125074",YBS / YRTA Official
1714,2714,သင်္ဘောကျင်း (ထိပ်),Thinbaw Kyin (Corner),ကမာရွတ်,Kamayut,ဘုရင့်နောင်လမ်း,Bayint Naung Road,16.821347,96.121707,"https://www.google.com/maps?q=16.821347,96.121707",YBS / YRTA Official
1715,2715,(၄၆) လမ်း (ထိပ်),Lay-sae-chauk Lan (46 Lan) (Corner),ကျောက်တံတား,Kyauktada,အနော်ရထာလမ်း,Anawrahta Road,16.777292,96.161977,"https://www.google.com/maps?q=16.777292,96.161977",YBS / YRTA Official
1716,2716,ဆူးလေပန်းခြံ (ထိပ်),Sule Pan Chan (Corner),ကျောက်တံတား,Kyauktada,မဟာဗန္ဓုလလမ်း,Mahabandoola Road,16.770943,96.154113,"https://www.google.com/maps?q=16.770943,96.154113",YBS / YRTA Official
1717,2717,ဆူးလေမြို့တော်ခန်းမ (ထိပ်),Sule Myodaw Khan Ma (Corner),ကျောက်တံတား,Kyauktada,ဆူးလေးဘုရားလမ်း,Sule Pagoda Road,16.771246,96.164649,"https://www.google.com/maps?q=16.771246,96.164649",YBS / YRTA Official
1718,2718,ပန်းဆိုးတန်း (ထိပ်),Pansodan (Corner),ကျောက်တံတား,Kyauktada,အနော်ရထာလမ်း,Anawrahta Road,16.777094,96.165767,"https://www.google.com/maps?q=16.777094,96.165767",YBS / YRTA Official
1719,2719,ပန်းဆိုးတန်း (ဆိပ်ကမ်းသာလမ်း) (ထိပ်),Pansodan Seikkanthar (Corner),ကျောက်တံတား,Kyauktada,ကုန်သည်လမ်း,Merchant Road,16.776185,96.167506,"https://www.google.com/maps?q=16.776185,96.167506",YBS / YRTA Official
1720,2720,ဘားလမ်း (ထိပ်),Bar Lan (Corner),ကျောက်တံတား,Kyauktada,အနော်ရထာလမ်း,Anawrahta Road,16.784144,96.164947,"https://www.google.com/maps?q=16.784144,96.164947",YBS / YRTA Official
1721,2721,ဗိုလ်ကလေးဈေး (ထိပ်),Bokalay Zay (Corner),ကျောက်တံတား,Kyauktada,မဟာဗန္ဓုလလမ်း,Mahabandoola Road,16.771924,96.166509,"https://www.google.com/maps?q=16.771924,96.166509",YBS / YRTA Official
1722,2722,လမ်း (၅၀) (ထိပ်),Lan Ngar Sae (50 Lan) (Corner),ကျောက်တံတား,Kyauktada,ဗိုလ်ချုပ်အောင်ဆန်းလမ်း,Bogyoke Aung San Road,16.778504,96.177502,"https://www.google.com/maps?q=16.778504,96.177502",YBS / YRTA Official
1723,2723,ကျောက်တန်း (ထိပ်),Kyauk Tan (Corner),ကျောက်တန်း,Kyauktan,သန်လျှင်-ကျောက်တန်းလမ်း,Thanlyin-Kyauktan Road,16.63325,96.325621,"https://www.google.com/maps?q=16.633250,96.325621",YBS / YRTA Official
1724,2724,ချမ်းမြေ့သာယာ (ထိပ်),Chan Myae Thar Yar (Corner),ကျောက်တန်း,Kyauktan,သန်လျှင်-ကျောက်တန်းလမ်း,Thanlyin-Kyauktan Road,16.645056,96.317089,"https://www.google.com/maps?q=16.645056,96.317089",YBS / YRTA Official
1725,2725,ဂါတ်တဲကွေ့ (ထိပ်),Gat Tae Kwae (Corner),ကျောက်တန်း,Kyauktan,သန်လျှင်-ကျောက်တန်းလမ်း,Thanlyin-Kyauktan Road,16.63412,96.33118,"https://www.google.com/maps?q=16.634120,96.331180",YBS / YRTA Official
1726,2726,ဆီဆိုင် (ထိပ်),Si Saing (Corner),ကျောက်တန်း,Kyauktan,သန်လျှင်-ကျောက်တန်းလမ်း,Thanlyin-Kyauktan Road,16.652253,96.314503,"https://www.google.com/maps?q=16.652253,96.314503",YBS / YRTA Official
1727,2727,ဈေးကွေ့ (ထိပ်),Zay Kwae (Corner),ကျောက်တန်း,Kyauktan,သန်လျှင်-ကျောက်တန်းလမ်း,Thanlyin-Kyauktan Road,16.643195,96.326949,"https://www.google.com/maps?q=16.643195,96.326949",YBS / YRTA Official
1728,2728,ပဲလှော်ဖို (ထိပ်),Pal Hlaw Pho (Corner),ကျောက်တန်း,Kyauktan,သန်လျှင်-ကျောက်တန်းလမ်း,Thanlyin-Kyauktan Road,16.644717,96.331292,"https://www.google.com/maps?q=16.644717,96.331292",YBS / YRTA Official
1729,2729,အောင်ချမ်းသာ (ထိပ်),Aung Chan Thar (Corner),ကျောက်တန်း,Kyauktan,သန်လျှင်-ကျောက်တန်းလမ်း,Thanlyin-Kyauktan Road,16.651579,96.317549,"https://www.google.com/maps?q=16.651579,96.317549",YBS / YRTA Official
1730,2730,ကမ်းနားဈေး (ထိပ်),Kannar Zay (Corner),ကြည့်မြင်တိုင်,Kyimyindaing,ကြည့်မြင်တိုင်ကမ်းနားလမ်း,Kyee Myin Daing Kannar Road,16.814787,96.118462,"https://www.google.com/maps?q=16.814787,96.118462",YBS / YRTA Official
1731,2731,ကျောင်းရှေ့ (ထိပ်),Kyaung Shae (Corner),ကြည့်မြင်တိုင်,Kyimyindaing,အောက်ကြည့်မြင်တိုင်လမ်း,Lower Kyee Myin Daing Road,16.805109,96.132476,"https://www.google.com/maps?q=16.805109,96.132476",YBS / YRTA Official
1732,2732,ကြည့်မြင်တိုင်ညဈေး (ထိပ်),Kyee Myin Daing Nya Zay (Corner),ကြည့်မြင်တိုင်,Kyimyindaing,အထက်ကြည့်မြင်တိုင်လမ်း,Upper Kyee Myin Daing Road,16.803273,96.133377,"https://www.google.com/maps?q=16.803273,96.133377",YBS / YRTA Official
1733,2733,ကြည့်မြင်တိုင်ဘူတာ (ထိပ်),Kyee Myin Daing Butar (Corner),ကြည့်မြင်တိုင်,Kyimyindaing,အထက်ကြည့်မြင်တိုင်လမ်း,Upper Kyee Myin Daing Road,16.802092,96.130941,"https://www.google.com/maps?q=16.802092,96.130941",YBS / YRTA Official
1734,2734,စလင်းကွင်း (ထိပ်),Salin Kwin (Corner),ကြည့်မြင်တိုင်,Kyimyindaing,အထက်ကြည့်မြင်တိုင်လမ်း,Upper Kyee Myin Daing Road,16.816486,96.123872,"https://www.google.com/maps?q=16.816486,96.123872",YBS / YRTA Official
1735,2735,စာတိုက် (ထိပ်),Sar Taik (Corner),ကြည့်မြင်တိုင်,Kyimyindaing,ကြည့်မြင်တိုင်ကမ်းနားလမ်း,Kyee Myin Daing Kannar Road,16.809266,96.127327,"https://www.google.com/maps?q=16.809266,96.127327",YBS / YRTA Official
1736,2736,ဆင်မလိုက် (ထိပ်),Sinmalite (Corner),ကြည့်မြင်တိုင်,Kyimyindaing,ကြည့်မြင်တိုင်ကမ်းနားလမ်း,Kyee Myin Daing Kannar Road,16.814431,96.123359,"https://www.google.com/maps?q=16.814431,96.123359",YBS / YRTA Official
1737,2737,နတ်စင်လမ်း (ထိပ်),Nat Sin Lan (Corner),ကြည့်မြင်တိုင်,Kyimyindaing,အထက်ကြည့်မြင်တိုင်လမ်း,Upper Kyee Myin Daing Road,16.819101,96.128896,"https://www.google.com/maps?q=16.819101,96.128896",YBS / YRTA Official
1738,2738,သဲကွင်း (ထိပ်),Thal Kwin (Corner),ကြည့်မြင်တိုင်,Kyimyindaing,ကြည့်မြင်တိုင်ကမ်းနားလမ်း,Kyee Myin Daing Kannar Road,16.807143,96.115022,"https://www.google.com/maps?q=16.807143,96.115022",YBS / YRTA Official
1739,2739,ဟံသာဝတီ (ထိပ်),Hantharwaddy (Corner),ကြည့်မြင်တိုင်,Kyimyindaing,အထက်ကြည့်မြင်တိုင်လမ်း,Upper Kyee Myin Daing Road,16.819237,96.132752,"https://www.google.com/maps?q=16.819237,96.132752",YBS / YRTA Official
1740,2740,ဟုမ်းလမ်း (ထိပ်),Home Lan (Corner),ကြည့်မြင်တိုင်,Kyimyindaing,အောက်ကြည့်မြင်တိုင်လမ်း,Lower Kyee Myin Daing Road,16.798146,96.127079,"https://www.google.com/maps?q=16.798146,96.127079",YBS / YRTA Official
1741,2741,(၉) ထပ်ကြီး (ထိပ်),Koe Htat Kyee (Corner),စမ်းချောင်း,Sanchaung,ဗားဂရာလမ်း,Bargayar Road,16.799101,96.135416,"https://www.google.com/maps?q=16.799101,96.135416",YBS / YRTA Official
1742,2742,မဟာမြိုင် (ထိပ်),Mahar Myaing (Corner),စမ်းချောင်း,Sanchaung,ပြည်လမ်း,Pyay Road,16.812396,96.136423,"https://www.google.com/maps?q=16.812396,96.136423",YBS / YRTA Official
1743,2743,မြေနီကုန်း (ထိပ်),Myaynigone (Corner),စမ်းချောင်း,Sanchaung,ဗားဂရာလမ်း,Bargayar Road,16.80094,96.138671,"https://www.google.com/maps?q=16.800940,96.138671",YBS / YRTA Official
1744,2744,မြေနီကုန်း (ပြည်လမ်း) (ထိပ်),Myaynigone (Pyay Road) (Corner),စမ်းချောင်း,Sanchaung,ပြည်လမ်း,Pyay Road,16.799253,96.132737,"https://www.google.com/maps?q=16.799253,96.132737",YBS / YRTA Official
1745,2745,ရှမ်းလမ်း (ထိပ်),Shan Lan (Corner),စမ်းချောင်း,Sanchaung,ဗားဂရာလမ်း,Bargayar Road,16.799558,96.131898,"https://www.google.com/maps?q=16.799558,96.131898",YBS / YRTA Official
1746,2746,ရွှေမန်း (ထိပ်),Shwe Man (Corner),စမ်းချောင်း,Sanchaung,ဗားဂရာလမ်း,Bargayar Road,16.796207,96.142451,"https://www.google.com/maps?q=16.796207,96.142451",YBS / YRTA Official
1747,2747,ဟံသာဝတီ (ထိပ်),Hantharwaddy (Corner),စမ်းချောင်း,Sanchaung,ပြည်လမ်း,Pyay Road,16.807445,96.129493,"https://www.google.com/maps?q=16.807445,96.129493",YBS / YRTA Official
1748,2748,စာတိုက်ကြီး (ထိပ်),Sar Taik Kyee (Corner),ဆိပ်ကမ်း,Seikkan,ကမ်းနားလမ်း,Strand Road,16.772409,96.168745,"https://www.google.com/maps?q=16.772409,96.168745",YBS / YRTA Official
1749,2749,ပန်းဆိုးတန်း (ကမ်းနားလမ်း) (ထိပ်),Pansodan (Strand) (Corner),ဆိပ်ကမ်း,Seikkan,ကမ်းနားလမ်း,Strand Road,16.774522,96.158184,"https://www.google.com/maps?q=16.774522,96.158184",YBS / YRTA Official
1750,2750,ဗဟိုရုံး (ထိပ်),Baho Yone (Corner),ဆိပ်ကမ်း,Seikkan,ကမ်းနားလမ်း,Strand Road,16.762019,96.168347,"https://www.google.com/maps?q=16.762019,96.168347",YBS / YRTA Official
1751,2751,ဗိုလ်တထောင်ဘုရား (ထိပ်),Botahtaung Paya (Corner),ဆိပ်ကမ်း,Seikkan,ကမ်းနားလမ်း,Strand Road,16.77585,96.176622,"https://www.google.com/maps?q=16.775850,96.176622",YBS / YRTA Official
1752,2752,ကုလားဈေး (ထိပ်),Kalar Zay (Corner),တာမွေ,Tamwe,အရှေ့မြင်းပြိုင်လမ်း,East Horse Race Course Road,16.82768,96.177504,"https://www.google.com/maps?q=16.827680,96.177504",YBS / YRTA Official
1753,2753,ကျောက်မြောင်းဈေး (ထိပ်),Kyauk Myaung Zay (Corner),တာမွေ,Tamwe,ကျိုက္ကဆံလမ်း,Kyaikkasan Road,16.810942,96.173842,"https://www.google.com/maps?q=16.810942,96.173842",YBS / YRTA Official
1754,2754,တာမွေဈေး / တာမွေဗလီ (ထိပ်),Tamwe Zay/ Tamwe Bali (Corner),တာမွေ,Tamwe,ကျိုက္ကဆံလမ်း,Kyaikkasan Road,16.814151,96.174707,"https://www.google.com/maps?q=16.814151,96.174707",YBS / YRTA Official
1755,2755,တာမွေပလာဇာ (ထိပ်),Tamwe Plaza (Corner),တာမွေ,Tamwe,သမိန်ဗရမ်းလမ်း,Thamain Bayan Road,16.80469,96.172378,"https://www.google.com/maps?q=16.804690,96.172378",YBS / YRTA Official
1756,2756,ဗျိုင်းရေအိုးစင် (ထိပ်),Byaing Yae Oh Sin (Corner),တာမွေ,Tamwe,ဗညားဒလလမ်း,Banyardala Road,16.801041,96.166989,"https://www.google.com/maps?q=16.801041,96.166989",YBS / YRTA Official
1757,2757,အလုပ်သမားဆေးရုံကြီး (ထိပ်),Alote Thamar Say Yone (Corner),တာမွေ,Tamwe,ကျိုက္ကဆံလမ်း,Kyaikkasan Road,16.804667,96.17709,"https://www.google.com/maps?q=16.804667,96.177090",YBS / YRTA Official
1758,2758,အဝိုင်းထိပ် / တာမွေ (ထိပ်),Awine Htate/ Tamwe (Corner),တာမွေ,Tamwe,အနောက်မြင်းပြိုင်လမ်း,West Horse Race Course Road,16.818762,96.17304,"https://www.google.com/maps?q=16.818762,96.173040",YBS / YRTA Official
1759,2759,အာသောက (ထိပ်),Arthawka (Corner),တာမွေ,Tamwe,သမိန်ဗရမ်းလမ်း,Thamain Bayan Road,16.802443,96.187194,"https://www.google.com/maps?q=16.802443,96.187194",YBS / YRTA Official
1760,2760,ကန်ကုန်း (ထိပ်),Kan Kone (Corner),တိုက်ကြီး,Taikkyi,ရန်ကုန်-ပြည်လမ်းမကြီး,Yangon-Pyay Main Road,17.271516,95.961144,"https://www.google.com/maps?q=17.271516,95.961144",YBS / YRTA Official
1761,2761,ကုန်းကွေ့ (ထိပ်),Gone Kwae (Corner),တိုက်ကြီး,Taikkyi,ရန်ကုန်-ပြည်လမ်းမကြီး,Yangon-Pyay Main Road,17.215948,95.95747,"https://www.google.com/maps?q=17.215948,95.957470",YBS / YRTA Official
1762,2762,ကျွန်းချောင်း (ထိပ်),Kyun Chaung (Corner),တိုက်ကြီး,Taikkyi,ရန်ကုန်-ပြည်လမ်းမကြီး,Yangon-Pyay Main Road,17.215926,95.957051,"https://www.google.com/maps?q=17.215926,95.957051",YBS / YRTA Official
1763,2763,တိုက်ကြီးခန်းမ (ထိပ်),Taik Kyi Khan Ma (Corner),တိုက်ကြီး,Taikkyi,ရန်ကုန်-ပြည်လမ်းမကြီး,Yangon-Pyay Main Road,17.308371,95.969168,"https://www.google.com/maps?q=17.308371,95.969168",YBS / YRTA Official
1764,2764,တိုက်ကြီးဈေး (ထိပ်),Taik Kyi Zay (Corner),တိုက်ကြီး,Taikkyi,ရန်ကုန်-ပြည်လမ်းမကြီး,Yangon-Pyay Main Road,17.308301,95.967054,"https://www.google.com/maps?q=17.308301,95.967054",YBS / YRTA Official
1765,2765,မြောင်းတကာတာဆုံ (ထိပ်),Myaung Takar Tar Sone (Corner),တိုက်ကြီး,Taikkyi,ရန်ကုန်-ပြည်လမ်းမကြီး,Yangon-Pyay Main Road,17.18865,95.98144,"https://www.google.com/maps?q=17.188650,95.981440",YBS / YRTA Official
1766,2766,ရွှေမြယာ (ထိပ်),Shwe Mya Yar (Corner),တိုက်ကြီး,Taikkyi,ရန်ကုန်-ပြည်လမ်းမကြီး,Yangon-Pyay Main Road,17.247971,95.967742,"https://www.google.com/maps?q=17.247971,95.967742",YBS / YRTA Official
1767,2767,အင်းယက်ကြီး (ထိပ်),Inn Yat Kyee (Corner),တိုက်ကြီး,Taikkyi,ရန်ကုန်-ပြည်လမ်းမကြီး,Yangon-Pyay Main Road,17.261546,95.951571,"https://www.google.com/maps?q=17.261546,95.951571",YBS / YRTA Official
1768,2768,(၁၈) ကွေ့ (ထိပ်),Sae-shit Kwae (18 Kwae) (Corner),တောင်ဒဂုံ,South Dagon,စည်ပင်လမ်း,Si Pin Road,16.859564,96.240838,"https://www.google.com/maps?q=16.859564,96.240838",YBS / YRTA Official
1769,2769,(၃၂) ဂိတ် (ထိပ်),Thone-Sae-Hnit Gate (32 Gate) (Corner),တောင်ဒဂုံ,South Dagon,ကျွန်းရွှေဝါလမ်း,Kyun Shwe Wah Road,16.828249,96.261969,"https://www.google.com/maps?q=16.828249,96.261969",YBS / YRTA Official
1770,2770,(၆၂) (ထိပ်),Chauk-Sae-Hnit (62) (Corner),တောင်ဒဂုံ,South Dagon,ရတနာပုံလမ်း,Yadanarpon Road,16.881779,96.256694,"https://www.google.com/maps?q=16.881779,96.256694",YBS / YRTA Official
1771,2771,ကားကြီးဂိတ် (ထိပ်),Kar Gyi Gate (Corner),တောင်ဒဂုံ,South Dagon,အမှတ်(၂)လမ်းမ,No. 2 Main Road,16.842003,96.21272,"https://www.google.com/maps?q=16.842003,96.212720",YBS / YRTA Official
1772,2772,ကားလေးဂိတ် (ထိပ်),Kar Lay Gate (Corner),တောင်ဒဂုံ,South Dagon,လှော်ကားလမ်း,Hlawga Road,16.847707,96.245222,"https://www.google.com/maps?q=16.847707,96.245222",YBS / YRTA Official
1773,2773,ကုန်တိုက် (ထိပ်),Kone Taik (Corner),တောင်ဒဂုံ,South Dagon,လှော်ကားလမ်း,Hlawga Road,16.843101,96.240707,"https://www.google.com/maps?q=16.843101,96.240707",YBS / YRTA Official
1774,2774,ကုန်ပဒေသာ (ထိပ်),Kone Padaythar (Corner),တောင်ဒဂုံ,South Dagon,စည်ပင်လမ်း,Si Pin Road,16.843588,96.230612,"https://www.google.com/maps?q=16.843588,96.230612",YBS / YRTA Official
1775,2775,ကျောက်လမ်း (ထိပ်),Kyauk Lan (Corner),တောင်ဒဂုံ,South Dagon,အမှတ်(၂)လမ်းမ,No. 2 Main Road,16.885542,96.240003,"https://www.google.com/maps?q=16.885542,96.240003",YBS / YRTA Official
1776,2776,ဂျီအီးစီ (ထိပ်),G.E.C (Corner),တောင်ဒဂုံ,South Dagon,ပြည်ထောင်စုလမ်းမကြီး,Pyi Htaung Su Main Road,16.843163,96.223752,"https://www.google.com/maps?q=16.843163,96.223752",YBS / YRTA Official
1777,2777,စီးပွားရေးတက္ကသိုလ် (ထိပ်),See Pwar Yay Takke Tho (Corner),တောင်ဒဂုံ,South Dagon,အမှတ်(၂)လမ်းမ,No. 2 Main Road,16.925258,96.261582,"https://www.google.com/maps?q=16.925258,96.261582",YBS / YRTA Official
1778,2778,စက်မှုဇုံ (၂) (ထိပ်),Set Hmu Zone Hnit (2) (Corner),တောင်ဒဂုံ,South Dagon,ပြည်ထောင်စုလမ်းမကြီး,Pyi Htaung Su Main Road,16.838266,96.223846,"https://www.google.com/maps?q=16.838266,96.223846",YBS / YRTA Official
1779,2779,စက်မှုဇုံဈေး (ထိပ်),Set Hmu Zone Zay (Corner),တောင်ဒဂုံ,South Dagon,ပြည်ထောင်စုလမ်းမကြီး,Pyi Htaung Su Main Road,16.830911,96.230919,"https://www.google.com/maps?q=16.830911,96.230919",YBS / YRTA Official
1780,2780,စစ်တောင်းလမ်းထိပ် (ထိပ်),Sittaung Lan Htate (Corner),တောင်ဒဂုံ,South Dagon,ပြည်ထောင်စုလမ်းမကြီး,Pyi Htaung Su Main Road,16.835135,96.241355,"https://www.google.com/maps?q=16.835135,96.241355",YBS / YRTA Official
1781,2781,ဆေးရုံရှေ့ (ထိပ်),Say Yon Shae (Corner),တောင်ဒဂုံ,South Dagon,အမှတ်(၂)လမ်းမ,No. 2 Main Road,16.89683,96.239805,"https://www.google.com/maps?q=16.896830,96.239805",YBS / YRTA Official
1782,2782,ဆောက်လုပ်ရေး (ထိပ်),Sauk Lote Yae (Corner),တောင်ဒဂုံ,South Dagon,ပြည်ထောင်စုလမ်းမကြီး,Pyi Htaung Su Main Road,16.826855,96.240989,"https://www.google.com/maps?q=16.826855,96.240989",YBS / YRTA Official
1783,2783,ညောင်ပင် (ထိပ်),Nyaung Pin (Corner),တောင်ဒဂုံ,South Dagon,အမှတ်(၂)လမ်းမ,No. 2 Main Road,16.899393,96.248889,"https://www.google.com/maps?q=16.899393,96.248889",YBS / YRTA Official
1784,2784,တံတားဖြူ (ထိပ်),Tadar Phyu (Corner),တောင်ဒဂုံ,South Dagon,အမှတ်(၂)လမ်းမ,No. 2 Main Road,16.863016,96.214728,"https://www.google.com/maps?q=16.863016,96.214728",YBS / YRTA Official
1785,2785,တောင်/မြောက်လမ်းဆုံ (ထိပ်),Taung Myauk Lan Sone (Corner),တောင်ဒဂုံ,South Dagon,ပြည်ထောင်စုလမ်းမကြီး,Pyi Htaung Su Main Road,16.861473,96.209488,"https://www.google.com/maps?q=16.861473,96.209488",YBS / YRTA Official
1786,2786,တစ်ရာ့လေးဆယ် (ထိပ်),Tayar-Lay-Sae (140) (Corner),တောင်ဒဂုံ,South Dagon,အမှတ်(၂)လမ်းမ,No. 2 Main Road,16.908632,96.260996,"https://www.google.com/maps?q=16.908632,96.260996",YBS / YRTA Official
1787,2787,ပန်းခြံ (ထိပ်),Pan Chan (Corner),တောင်ဒဂုံ,South Dagon,ပြည်ထောင်စုလမ်းမကြီး,Pyi Htaung Su Main Road,16.848331,96.215801,"https://www.google.com/maps?q=16.848331,96.215801",YBS / YRTA Official
1788,2788,ဧရာဝတီလမ်းထိပ် (ထိပ်),Ayeyarwaddy Lan Htate (Corner),တောင်ဒဂုံ,South Dagon,ပြည်ထောင်စုလမ်းမကြီး,Pyi Htaung Su Main Road,16.844167,96.226872,"https://www.google.com/maps?q=16.844167,96.226872",YBS / YRTA Official
1789,2789,(၁၄/၁၅) လမ်းဆုံ (ထိပ်),(14/15) Lan Sone (Corner),တောင်ဥက္ကလာပ,South Okkalapa,သုမင်္ဂလာလမ်း,Thu Mingalar Road,16.832009,96.183789,"https://www.google.com/maps?q=16.832009,96.183789",YBS / YRTA Official
1790,2790,(၃၁) ဂိတ် (ထိပ်),Thone-sae-tit Gate (31 Gate) (Corner),တောင်ဥက္ကလာပ,South Okkalapa,သံသုမာလမ်း,Thanthumar Road,16.852419,96.19498,"https://www.google.com/maps?q=16.852419,96.194980",YBS / YRTA Official
1791,2791,၁၃ လမ်း (ထိပ်),13 Lan (Corner),တောင်ဥက္ကလာပ,South Okkalapa,မေတ္တာလမ်း,Metta Road,16.853495,96.184083,"https://www.google.com/maps?q=16.853495,96.184083",YBS / YRTA Official
1792,2792,ကေတုမာလာကွေ့ (ထိပ်),Kaytu Marlar Kwae (Corner),တောင်ဥက္ကလာပ,South Okkalapa,ပါရမီလမ်း,Parami Road,16.857674,96.173837,"https://www.google.com/maps?q=16.857674,96.173837",YBS / YRTA Official
1793,2793,ဂန္ဓမာဟိုးဆေး (ထိပ်),Gandamar Wholesale (Corner),တောင်ဥက္ကလာပ,South Okkalapa,ဝေဇယန္တာလမ်း,Waizayanta Road,16.863931,96.152487,"https://www.google.com/maps?q=16.863931,96.152487",YBS / YRTA Official
1794,2794,စီမံကိန်း (ထိပ်),Se Man Kane (Corner),တောင်ဥက္ကလာပ,South Okkalapa,သံသုမာလမ်း,Thanthumar Road,16.854071,96.193385,"https://www.google.com/maps?q=16.854071,96.193385",YBS / YRTA Official
1795,2795,တောင်ဥက္ကလာစာတိုက် (ထိပ်),Taung Okkalar Sar Taik (Corner),တောင်ဥက္ကလာပ,South Okkalapa,သစ္စာလမ်း,Thitsar Road,16.851774,96.174558,"https://www.google.com/maps?q=16.851774,96.174558",YBS / YRTA Official
1796,2796,တောင်ဥက္ကလာပဘုရား (ထိပ်),Taung Okkalar Paya (Corner),တောင်ဥက္ကလာပ,South Okkalapa,သံသုမာလမ်း,Thanthumar Road,16.846738,96.180866,"https://www.google.com/maps?q=16.846738,96.180866",YBS / YRTA Official
1797,2797,နန္ဒဝန်ဈေး (ထိပ်),Nandawun Zay (Corner),တောင်ဥက္ကလာပ,South Okkalapa,သုမင်္ဂလာလမ်း,Thu Mingalar Road,16.84713,96.178787,"https://www.google.com/maps?q=16.847130,96.178787",YBS / YRTA Official
1798,2798,ပဒေသာ (ထိပ်),Padaythar (Corner),တောင်ဥက္ကလာပ,South Okkalapa,သုမင်္ဂလာလမ်း,Thu Mingalar Road,16.845012,96.186699,"https://www.google.com/maps?q=16.845012,96.186699",YBS / YRTA Official
1799,2799,ပါရမီ (ထိပ်),Parami (Corner),တောင်ဥက္ကလာပ,South Okkalapa,ဝေဇယန္တာလမ်း,Waizayanta Road,16.847844,96.164156,"https://www.google.com/maps?q=16.847844,96.164156",YBS / YRTA Official
1800,2800,ပင်းယ (ထိပ်),Pinya (Corner),တောင်ဥက္ကလာပ,South Okkalapa,ပါရမီလမ်း,Parami Road,16.855493,96.169394,"https://www.google.com/maps?q=16.855493,96.169394",YBS / YRTA Official
1801,2801,ဗဟိုစျေး (ထိပ်),Baho Zay (Corner),တောင်ဥက္ကလာပ,South Okkalapa,ဝေဇယန္တာလမ်း,Waizayanta Road,16.841593,96.178775,"https://www.google.com/maps?q=16.841593,96.178775",YBS / YRTA Official
1802,2802,ဘေလီ (ထိပ်),Bay Li (Corner),တောင်ဥက္ကလာပ,South Okkalapa,ပါရမီလမ်း,Parami Road,16.855702,96.175038,"https://www.google.com/maps?q=16.855702,96.175038",YBS / YRTA Official
1803,2803,မြင်သာဈေး (ထိပ်),Myin Thar Zay (Corner),တောင်ဥက္ကလာပ,South Okkalapa,သံသုမာလမ်း,Thanthumar Road,16.855675,96.178716,"https://www.google.com/maps?q=16.855675,96.178716",YBS / YRTA Official
1804,2804,ဟံသာဝတီလမ်း (ထိပ်),Hantharwaddy Road (Corner),တောင်ဥက္ကလာပ,South Okkalapa,ဝေဇယန္တာလမ်း,Waizayanta Road,16.845964,96.17326,"https://www.google.com/maps?q=16.845964,96.173260",YBS / YRTA Official
1805,2805,အင်းဝ (ထိပ်),Inwa (Corner),တောင်ဥက္ကလာပ,South Okkalapa,သုမင်္ဂလာလမ်း,Thu Mingalar Road,16.844998,96.170392,"https://www.google.com/maps?q=16.844998,96.170392",YBS / YRTA Official
1806,2806,(၁၆) ဂိတ် (ထိပ်),Sae-Chauk Gate (16 Gate) (Corner),ထောက်ကြန့်,Htaukkyant,ရန်ကုန်-ပြည်လမ်းမကြီး,Yangon-Pyay Main Road,17.101873,96.050705,"https://www.google.com/maps?q=17.101873,96.050705",YBS / YRTA Official
1807,2807,(၂) ဂိတ် (ထိပ်),Hnit Gate (2 Gate) (Corner),ထောက်ကြန့်,Htaukkyant,ရန်ကုန်-ပြည်လမ်းမကြီး,Yangon-Pyay Main Road,17.059334,96.121488,"https://www.google.com/maps?q=17.059334,96.121488",YBS / YRTA Official
1808,2808,(၈၂) (ထိပ်),Shit-Sae-Hnit (82) (Corner),ထောက်ကြန့်,Htaukkyant,ရန်ကုန်-ပြည်လမ်းမကြီး,Yangon-Pyay Main Road,17.052118,96.118305,"https://www.google.com/maps?q=17.052118,96.118305",YBS / YRTA Official
1809,2809,(၉) ဂိတ် (ထိပ်),Nine Gate (9 Gate) (Corner),ထောက်ကြန့်,Htaukkyant,ရန်ကုန်-ပြည်လမ်းမကြီး,Yangon-Pyay Main Road,17.051761,96.121977,"https://www.google.com/maps?q=17.051761,96.121977",YBS / YRTA Official
1810,2810,(၉၁) ဂိတ် (ထိပ်),Koe-Sae-Tit Gate (91 Gate) (Corner),ထောက်ကြန့်,Htaukkyant,ရန်ကုန်-ပြည်လမ်းမကြီး,Yangon-Pyay Main Road,17.094792,96.085107,"https://www.google.com/maps?q=17.094792,96.085107",YBS / YRTA Official
1811,2811,ကြက်ဖြူကန် (ထိပ်),Kyat Phyu Kan (Corner),ထောက်ကြန့်,Htaukkyant,ရန်ကုန်-ပြည်လမ်းမကြီး,Yangon-Pyay Main Road,17.081642,96.106623,"https://www.google.com/maps?q=17.081642,96.106623",YBS / YRTA Official
1812,2812,စမ်းချောင်းပေါက် (ထိပ်),San Chaung Pauk (Corner),ထောက်ကြန့်,Htaukkyant,ရန်ကုန်-ပြည်လမ်းမကြီး,Yangon-Pyay Main Road,17.09388,96.092043,"https://www.google.com/maps?q=17.093880,96.092043",YBS / YRTA Official
1813,2813,ထောက်ကြန့်လမ်းဆုံ (ထိပ်),Htauk Kyant Lan Sone (Corner),ထောက်ကြန့်,Htaukkyant,အမှတ်(၂)လမ်းမ,No. 2 Main Road,17.039181,96.131433,"https://www.google.com/maps?q=17.039181,96.131433",YBS / YRTA Official
1814,2814,ဗိုလ်သင်တန်း (ထိပ်),Bo Thin Tan (Corner),ထောက်ကြန့်,Htaukkyant,ရန်ကုန်-ပြည်လမ်းမကြီး,Yangon-Pyay Main Road,17.101454,96.07475,"https://www.google.com/maps?q=17.101454,96.074750",YBS / YRTA Official
1815,2815,မီးစက် (ထိပ်),Mee Sat (Corner),ထောက်ကြန့်,Htaukkyant,ရန်ကုန်-ပြည်လမ်းမကြီး,Yangon-Pyay Main Road,17.07041,96.111062,"https://www.google.com/maps?q=17.070410,96.111062",YBS / YRTA Official
1816,2816,မော်တော်ယာဉ် (ထိပ်),Maw Taw Yin (Corner),ထောက်ကြန့်,Htaukkyant,ရန်ကုန်-ပြည်လမ်းမကြီး,Yangon-Pyay Main Road,17.110615,96.068317,"https://www.google.com/maps?q=17.110615,96.068317",YBS / YRTA Official
1817,2817,ရဲဘော်ဈေး (ထိပ်),Ye Baw Zay (Corner),ထောက်ကြန့်,Htaukkyant,ရန်ကုန်-ပြည်လမ်းမကြီး,Yangon-Pyay Main Road,17.091691,96.095788,"https://www.google.com/maps?q=17.091691,96.095788",YBS / YRTA Official
1818,2818,လေတပ် (ထိပ်),Lay Tat (Corner),ထောက်ကြန့်,Htaukkyant,ရန်ကုန်-ပြည်လမ်းမကြီး,Yangon-Pyay Main Road,17.116108,96.074443,"https://www.google.com/maps?q=17.116108,96.074443",YBS / YRTA Official
1819,2819,ကျောက်တိုင် (ထိပ်),Kyauk Taing (Corner),ဒဂုံ,Dagon,ZOOLOGICAL Garden Road,ZOOLOGICAL Garden Road,16.789557,96.162306,"https://www.google.com/maps?q=16.789557,96.162306",YBS / YRTA Official
1820,2820,စိန်ဂျွန်း (ထိပ်),Sein Gyun (Corner),ဒဂုံ,Dagon,ပြည်လမ်း,Pyay Road,16.786718,96.142625,"https://www.google.com/maps?q=16.786718,96.142625",YBS / YRTA Official
1821,2821,တောင်ဘက်မုခ် (ထိပ်),Taung Phat Moke (Shwedagon South Gate) (Corner),ဒဂုံ,Dagon,Shwedagon Pagoda Road,Shwedagon Pagoda Road,16.794354,96.156572,"https://www.google.com/maps?q=16.794354,96.156572",YBS / YRTA Official
1822,2822,ပဲခူးကလပ် (ထိပ်),Bago Kalat (Corner),ဒဂုံ,Dagon,ပြည်လမ်း,Pyay Road,16.785956,96.148154,"https://www.google.com/maps?q=16.785956,96.148154",YBS / YRTA Official
1823,2823,မြောက်ဘက်မုခ် (ထိပ်),Myauk Phat Moke (Shwedagon North Gate) (Corner),ဒဂုံ,Dagon,အာဇာနည်လမ်း,RZarNi Road,16.800641,96.142654,"https://www.google.com/maps?q=16.800641,96.142654",YBS / YRTA Official
1824,2824,လေဟာပြင်စျေး (ထိပ်),Lay Har Pyin Zay (Corner),ဒဂုံ,Dagon,Shwedagon Pagoda Road,Shwedagon Pagoda Road,16.784232,96.156352,"https://www.google.com/maps?q=16.784232,96.156352",YBS / YRTA Official
1825,2825,ဟယ်(လ်)ပင် (ထိပ်),Halpin (Corner),ဒဂုံ,Dagon,ပြည်လမ်း,Pyay Road,16.790312,96.14731,"https://www.google.com/maps?q=16.790312,96.147310",YBS / YRTA Official
1826,2826,အရှေ့ဘက်မုခ် (ထိပ်),Ashae Phat Moke (Shwedagon East Gate) (Corner),ဒဂုံ,Dagon,အာဇာနည်လမ်း,RZarNi Road,16.802769,96.154601,"https://www.google.com/maps?q=16.802769,96.154601",YBS / YRTA Official
1827,2827,(၁၁) လမ်း (ထိပ်),Sae-Tit Lan (11 Lan) (Corner),ဒဂုံဆိပ်ကမ်း,Dagon Seikkan,ကျွန်းရွှေဝါလမ်း,Kyun Shwe Wah Road,16.825361,96.262166,"https://www.google.com/maps?q=16.825361,96.262166",YBS / YRTA Official
1828,2828,(၈၉) ကွေ့ (ထိပ်),Shit-sae-koe Kwae (89 Kwae) (Corner),ဒဂုံဆိပ်ကမ်း,Dagon Seikkan,Kun At Min Thar Road,Kun At Min Thar Road,16.846292,96.274772,"https://www.google.com/maps?q=16.846292,96.274772",YBS / YRTA Official
1829,2829,ကနောင်ကွေ့ (ထိပ်),Kanaung Kwae (Corner),ဒဂုံဆိပ်ကမ်း,Dagon Seikkan,Kanaung Minthargyi Road,Kanaung Minthargyi Road,16.839595,96.283679,"https://www.google.com/maps?q=16.839595,96.283679",YBS / YRTA Official
1830,2830,ပိတောက်ကွေ့ (ထိပ်),Padauk Kwae (Corner),ဒဂုံဆိပ်ကမ်း,Dagon Seikkan,ကျွန်းရွှေဝါလမ်း,Kyun Shwe Wah Road,16.831742,96.263662,"https://www.google.com/maps?q=16.831742,96.263662",YBS / YRTA Official
1831,2831,မုခ်ဦး (ယုဇနဥယျာဉ်) (ထိပ်),Moke Oo Yuzana Garden (Corner),ဒဂုံဆိပ်ကမ်း,Dagon Seikkan,Bago River Road,Bago River Road,16.830926,96.277763,"https://www.google.com/maps?q=16.830926,96.277763",YBS / YRTA Official
1832,2832,မြနန္ဒာ (ထိပ်),Mya Nandar (Corner),ဒဂုံဆိပ်ကမ်း,Dagon Seikkan,Bago River Road,Bago River Road,16.834204,96.262074,"https://www.google.com/maps?q=16.834204,96.262074",YBS / YRTA Official
1833,2833,ရတနာလမ်း (ထိပ်),Yadanar Lan (Corner),ဒဂုံဆိပ်ကမ်း,Dagon Seikkan,Bago River Road,Bago River Road,16.838496,96.254957,"https://www.google.com/maps?q=16.838496,96.254957",YBS / YRTA Official
1834,2834,ရွှေလီလမ်း (ထိပ်),Shwe Li Road (Corner),ဒဂုံဆိပ်ကမ်း,Dagon Seikkan,Shwe Li Road,Shwe Li Road,16.823472,96.251905,"https://www.google.com/maps?q=16.823472,96.251905",YBS / YRTA Official
1835,2835,(၃) ဂိတ်ဟောင်း (ထိပ်),Thone Gate Haung (3 Gate) (Corner),ဒေါပုံ,Dawbon,မြင်တော်သာလမ်း,Myintawthar Road,16.783796,96.18885,"https://www.google.com/maps?q=16.783796,96.188850",YBS / YRTA Official
1836,2836,ဓမ္မာရုံ (ထိပ်),Dhamar Yon (Corner),ဒေါပုံ,Dawbon,ယမုံနာလမ်း,Yamonar Road,16.774842,96.195788,"https://www.google.com/maps?q=16.774842,96.195788",YBS / YRTA Official
1837,2837,မာန်ပြေ (ထိပ်),Man Pyae (Corner),ဒေါပုံ,Dawbon,ယမုံနာလမ်း,Yamonar Road,16.775789,96.190683,"https://www.google.com/maps?q=16.775789,96.190683",YBS / YRTA Official
1838,2838,ရန်ပြေ (ထိပ်),Yan Pyay (Corner),ဒေါပုံ,Dawbon,ယမုံနာလမ်း,Yamonar Road,16.779282,96.19663,"https://www.google.com/maps?q=16.779282,96.196630",YBS / YRTA Official
1839,2839,ဝါဆို (ထိပ်),Warso (Corner),ဒေါပုံ,Dawbon,ယမုံနာလမ်း,Yamonar Road,16.786853,96.184579,"https://www.google.com/maps?q=16.786853,96.184579",YBS / YRTA Official
1840,2840,သင်္ဘောကျင်း (ထိပ်),Thinbaw Kyin (Corner),ဒေါပုံ,Dawbon,ယမုံနာလမ်း,Yamonar Road,16.782303,96.185941,"https://www.google.com/maps?q=16.782303,96.185941",YBS / YRTA Official
1841,2841,(၆) လမ်း (ထိပ်),Chauk Lan (6 Lan) (Corner),ပုဇွန်တောင်,Pazundaung,အထက်ပုဇွန်တောင်လမ်း,Upper Pazundaung Road,16.802472,96.179972,"https://www.google.com/maps?q=16.802472,96.179972",YBS / YRTA Official
1842,2842,ဂန္ဓီ (ထိပ်),Gandee (Corner),ပုဇွန်တောင်,Pazundaung,မဟာဗန္ဓုလလမ်း,Mahabandoola Road,16.775159,96.178248,"https://www.google.com/maps?q=16.775159,96.178248",YBS / YRTA Official
1843,2843,ညောင်တန်း (ထိပ်),Nyaung Tan (Corner),ပုဇွန်တောင်,Pazundaung,အောက်ပုဇွန်တောင်လမ်း,Lower Pazundaung Road,16.784737,96.181868,"https://www.google.com/maps?q=16.784737,96.181868",YBS / YRTA Official
1844,2844,ပုဇွန်တောင်ဈေး (ထိပ်),Pazundaung Zay (Corner),ပုဇွန်တောင်,Pazundaung,အထက်ပုဇွန်တောင်လမ်း,Upper Pazundaung Road,16.781165,96.168562,"https://www.google.com/maps?q=16.781165,96.168562",YBS / YRTA Official
1845,2845,ဗိုလ်တထောင်ဈေး (ထိပ်),Botahtaung Zay (Corner),ပုဇွန်တောင်,Pazundaung,ကမ်းနားလမ်း,Strand Road,16.76614,96.175492,"https://www.google.com/maps?q=16.766140,96.175492",YBS / YRTA Official
1846,2846,ဘီအိုစီ (ထိပ်),B.O.C (Corner),ပုဇွန်တောင်,Pazundaung,Than Lyet Soon Road,Than Lyet Soon Road,16.766238,96.185008,"https://www.google.com/maps?q=16.766238,96.185008",YBS / YRTA Official
1847,2847,လင်းစဒေါင်း (ထိပ်),Lin Sadaung (Corner),ပုဇွန်တောင်,Pazundaung,ကမ်းနားလမ်း,Strand Road,16.767227,96.180125,"https://www.google.com/maps?q=16.767227,96.180125",YBS / YRTA Official
1848,2848,သီတာဆိပ် (ထိပ်),Thida Seik (Corner),ပုဇွန်တောင်,Pazundaung,အောက်ပုဇွန်တောင်လမ်း,Lower Pazundaung Road,16.775967,96.173256,"https://www.google.com/maps?q=16.775967,96.173256",YBS / YRTA Official
1849,2849,ကုန်ဈေးတန်း (ထိပ်),Kone Zay Tan (Corner),ပန်းဘဲတန်း,Pabedan,အနော်ရထာလမ်း,Anawrahta Road,16.773683,96.14975,"https://www.google.com/maps?q=16.773683,96.149750",YBS / YRTA Official
1850,2850,ဗိုလ်ချုပ်ဈေး (ထိပ်),Bogyoke Zay (Corner),ပန်းဘဲတန်း,Pabedan,ဗိုလ်ချုပ်အောင်ဆန်းလမ်း,Bogyoke Aung San Road,16.781025,96.157352,"https://www.google.com/maps?q=16.781025,96.157352",YBS / YRTA Official
1851,2851,ရုပ်ရှင်ရုံ (ထိပ်),Yoke Shin Yon (Corner),ပန်းဘဲတန်း,Pabedan,ဆူးလေးဘုရားလမ်း,Sule Pagoda Road,16.770537,96.16458,"https://www.google.com/maps?q=16.770537,96.164580",YBS / YRTA Official
1852,2852,လမ်း (၃၀) (ထိပ်),Lan Thone Sae (30 Lan) (Corner),ပန်းဘဲတန်း,Pabedan,အနော်ရထာလမ်း,Anawrahta Road,16.774436,96.153298,"https://www.google.com/maps?q=16.774436,96.153298",YBS / YRTA Official
1853,2853,သိမ်ကြီးဈေး (ထိပ်),Theingyi Zay (Corner),ပန်းဘဲတန်း,Pabedan,မဟာဗန္ဓုလလမ်း,Mahabandoola Road,16.778183,96.160146,"https://www.google.com/maps?q=16.778183,96.160146",YBS / YRTA Official
1854,2854,(၂) ဂိတ် (ထိပ်),Hnit Gate (2 Gate) (Corner),ဖောင်ကြီး,Hpaunggyi,Hlegu-Phaung Gyi Road,Hlegu-Phaung Gyi Road,17.345738,96.190501,"https://www.google.com/maps?q=17.345738,96.190501",YBS / YRTA Official
1855,2855,စံပြ (ထိပ်),San Pya (Corner),ဖောင်ကြီး,Hpaunggyi,Hlegu-Phaung Gyi Road,Hlegu-Phaung Gyi Road,17.340079,96.193285,"https://www.google.com/maps?q=17.340079,96.193285",YBS / YRTA Official
1856,2856,ဆေးရုံကုန်း (ထိပ်),Say Yone Kone (Corner),ဖောင်ကြီး,Hpaunggyi,Hlegu-Phaung Gyi Road,Hlegu-Phaung Gyi Road,17.323993,96.185685,"https://www.google.com/maps?q=17.323993,96.185685",YBS / YRTA Official
1857,2857,ဖောင်ကြီးတာဆုံ (ထိပ်),Phaung Gyi Tar Sone (Corner),ဖောင်ကြီး,Hpaunggyi,Hlegu-Phaung Gyi Road,Hlegu-Phaung Gyi Road,17.325274,96.173475,"https://www.google.com/maps?q=17.325274,96.173475",YBS / YRTA Official
1858,2858,ဗဟိုဝန်ထမ်းတက္ကသိုလ် (ထိပ်),Baho Wun Htan Takke Tho (Corner),ဖောင်ကြီး,Hpaunggyi,Hlegu-Phaung Gyi Road,Hlegu-Phaung Gyi Road,17.337083,96.1817,"https://www.google.com/maps?q=17.337083,96.181700",YBS / YRTA Official
1859,2859,သမဝါယမကောလိပ် (ထိပ်),Thama War Ya Ma College (Corner),ဖောင်ကြီး,Hpaunggyi,Hlegu-Phaung Gyi Road,Hlegu-Phaung Gyi Road,17.352836,96.200064,"https://www.google.com/maps?q=17.352836,96.200064",YBS / YRTA Official
1860,2860,(၅) ထပ်ကြီး (ထိပ်),Ngar Htat Kyee (5 Htat Kyee) (Corner),ဗဟန်း,Bahan,East Shwe Gon Daing Road,East Shwe Gon Daing Road,16.815388,96.159861,"https://www.google.com/maps?q=16.815388,96.159861",YBS / YRTA Official
1861,2861,(၆) ထပ်ကြီး (ထိပ်),Chauk Htat Kyee (6 Htat Kyee) (Corner),ဗဟန်း,Bahan,East Shwe Gon Daing Road,East Shwe Gon Daing Road,16.809959,96.167647,"https://www.google.com/maps?q=16.809959,96.167647",YBS / YRTA Official
1862,2862,ကုက္ကိုင်း (ထိပ်),Koke Kine (Corner),ဗဟန်း,Bahan,တက္ကသိုလ်ရိပ်သာလမ်း,University Avenue Road,16.818878,96.148714,"https://www.google.com/maps?q=16.818878,96.148714",YBS / YRTA Official
1863,2863,ကုက္ကိုင်း / ကျောင်းရှေ့ (ထိပ်),Kokkaing/ Kyaung Shae (Corner),ဗဟန်း,Bahan,ကမ္ဘာအေးဘုရားလမ်း,Kabar Aye Pagoda Road,16.825524,96.158913,"https://www.google.com/maps?q=16.825524,96.158913",YBS / YRTA Official
1864,2864,စက်မှု(၁)/မြန်မာပလာဇာ (ထိပ်),Set Hmu Tit/Myanmar Plaza (Corner),ဗဟန်း,Bahan,ကမ္ဘာအေးဘုရားလမ်း,Kabar Aye Pagoda Road,16.830833,96.159961,"https://www.google.com/maps?q=16.830833,96.159961",YBS / YRTA Official
1865,2865,နတ်မောက်ကျောင်းရှေ့ (ထိပ်),Nat Mauk Kyaung Shae (Corner),ဗဟန်း,Bahan,နတ်မောက်လမ်း,Nat Mauk Road,16.805136,96.166581,"https://www.google.com/maps?q=16.805136,96.166581",YBS / YRTA Official
1866,2866,နှင်းဆီကုန်းရိပ်သာ (ထိပ်),Hnin Si Kone Yate Thar (Corner),ဗဟန်း,Bahan,ကမ္ဘာအေးဘုရားလမ်း,Kabar Aye Pagoda Road,16.805236,96.153102,"https://www.google.com/maps?q=16.805236,96.153102",YBS / YRTA Official
1867,2867,ဖိုးစိန်လမ်း (ထိပ်),Phoe Sein Lan (Corner),ဗဟန်း,Bahan,နတ်မောက်လမ်း,Nat Mauk Road,16.800253,96.162179,"https://www.google.com/maps?q=16.800253,96.162179",YBS / YRTA Official
1868,2868,ဗဟန်းသုံးလမ်း (ထိပ်),Bahan Thone Lan (Corner),ဗဟန်း,Bahan,Bahan Road,Bahan Road,16.802329,96.162718,"https://www.google.com/maps?q=16.802329,96.162718",YBS / YRTA Official
1869,2869,ရွှေဂုံတိုင် (ထိပ်),Shwe Gon Daing (Corner),ဗဟန်း,Bahan,West Shwe Gon Daing Road,West Shwe Gon Daing Road,16.798265,96.149814,"https://www.google.com/maps?q=16.798265,96.149814",YBS / YRTA Official
1870,2870,ဝိဇယပလာဇာ (ထိပ်),Wizaya Plaza (Corner),ဗဟန်း,Bahan,ဓမ္မစေတီလမ်း,Dhamazedi Road,16.810194,96.148389,"https://www.google.com/maps?q=16.810194,96.148389",YBS / YRTA Official
1871,2871,သံလွင် (ထိပ်),Thanlwin (Corner),ဗဟန်း,Bahan,တက္ကသိုလ်ရိပ်သာလမ်း,University Avenue Road,16.82047,96.144486,"https://www.google.com/maps?q=16.820470,96.144486",YBS / YRTA Official
1872,2872,အထက (၁) ဗဟန်း (ထိပ်),Ah Hta Ka Tit Bahan (No. 1 High School) (Corner),ဗဟန်း,Bahan,ဓမ္မစေတီလမ်း,Dhamazedi Road,16.813562,96.154562,"https://www.google.com/maps?q=16.813562,96.154562",YBS / YRTA Official
1873,2873,(၅၀) ကွေ့ (ထိပ်),Ngar-sae Kwae (50 Kwae) (Corner),ဗိုလ်တထောင်,Botahtaung,Botahtaung Pagoda Road,Botahtaung Pagoda Road,16.771042,96.177419,"https://www.google.com/maps?q=16.771042,96.177419",YBS / YRTA Official
1874,2874,ကြယ်ငါးပွင့် (ထိပ်),Kyel Ngar Pwint (Corner),ဗိုလ်တထောင်,Botahtaung,သိမ်ဖြူလမ်း,Thein Phyu Road,16.772466,96.169015,"https://www.google.com/maps?q=16.772466,96.169015",YBS / YRTA Official
1875,2875,စိန်ပေါ(လ်) (ထိပ်),Sein Paul (Corner),ဗိုလ်တထောင်,Botahtaung,သိမ်ဖြူလမ်း,Thein Phyu Road,16.771803,96.160159,"https://www.google.com/maps?q=16.771803,96.160159",YBS / YRTA Official
1876,2876,အိုးရှင်း (ထိပ်),Ocean (Botahtaung) (Corner),ဗိုလ်တထောင်,Botahtaung,မဟာဗန္ဓုလလမ်း,Mahabandoola Road,16.771804,96.178796,"https://www.google.com/maps?q=16.771804,96.178796",YBS / YRTA Official
1877,2877,(၆) မိုင်ခွဲ (ထိပ်),Chauk Mile Khawe (6 Mile) (Corner),မရမ်းကုန်း,Mayangone,ပြည်လမ်း,Pyay Road,16.83949,96.141396,"https://www.google.com/maps?q=16.839490,96.141396",YBS / YRTA Official
1878,2878,(၇) မိုင် (ထိပ်),Khun-hnat Mile (7 Mile) (Corner),မရမ်းကုန်း,Mayangone,ပြည်လမ်း,Pyay Road,16.857334,96.139121,"https://www.google.com/maps?q=16.857334,96.139121",YBS / YRTA Official
1879,2879,(၈) မိုင် (ထိပ်),Shit Mile (8 Mile) (Corner),မရမ်းကုန်း,Mayangone,ပြည်လမ်း,Pyay Road,16.862428,96.147668,"https://www.google.com/maps?q=16.862428,96.147668",YBS / YRTA Official
1880,2880,(၉) မိုင် (ထိပ်),Koe Mile (9 Mile) (Corner),မရမ်းကုန်း,Mayangone,ပြည်လမ်း,Pyay Road,16.884253,96.139093,"https://www.google.com/maps?q=16.884253,96.139093",YBS / YRTA Official
1881,2881,ကမ္ဘာအေးဘုရားလမ်း (ထိပ်),Kabar Aye Paya (Corner),မရမ်းကုန်း,Mayangone,ကမ္ဘာအေးဘုရားလမ်း,Kabar Aye Pagoda Road,16.853649,96.154951,"https://www.google.com/maps?q=16.853649,96.154951",YBS / YRTA Official
1882,2882,ကျိုက်ဝိုင်း (ထိပ်),Kyaik Wine (Corner),မရမ်းကုန်း,Mayangone,ကျိုက်ဝိုင်းဘုရားလမ်း,Kyaik Wine Pagoda Road,16.86148,96.129753,"https://www.google.com/maps?q=16.861480,96.129753",YBS / YRTA Official
1883,2883,ချော်တွင်းကုန်း (ထိပ်),Chaw Twin Kone (Corner),မရမ်းကုန်း,Mayangone,ကမ္ဘာအေးဘုရားလမ်း,Kabar Aye Pagoda Road,16.855941,96.162657,"https://www.google.com/maps?q=16.855941,96.162657",YBS / YRTA Official
1884,2884,ဘုရင့်နောင်လမ်းဆုံ (ထိပ်),Bayint Naung Lan Sone (Corner),မရမ်းကုန်း,Mayangone,ဘုရင့်နောင်လမ်း,Bayint Naung Road,16.859183,96.111322,"https://www.google.com/maps?q=16.859183,96.111322",YBS / YRTA Official
1885,2885,မြိုင်ဟေဝန်ပန်းခြံ (ထိပ်),Myaing Hay Wun (Corner),မရမ်းကုန်း,Mayangone,ကမ္ဘာအေးဘုရားလမ်း,Kabar Aye Pagoda Road,16.863124,96.14218,"https://www.google.com/maps?q=16.863124,96.142180",YBS / YRTA Official
1886,2886,သမိုင်းလမ်းဆုံ (ထိပ်),Thamine Lan Son (Corner),မရမ်းကုန်း,Mayangone,ရန်ကုန်-အင်းစိန်လမ်း,Yangon-Insein Road,16.856382,96.125486,"https://www.google.com/maps?q=16.856382,96.125486",YBS / YRTA Official
1887,2887,မင်္ဂလာဈေး (ထိပ်),Mingalar Zay (Corner),မင်္ဂလာတောင်ညွန့်,Mingalar Taung Nyunt,Mill Road,Mill Road,16.795787,96.167314,"https://www.google.com/maps?q=16.795787,96.167314",YBS / YRTA Official
1888,2888,ယုဇနပလာဇာ / လမ်းကျယ် (ထိပ်),Yuzana Plaza/ Lan Kyal (Corner),မင်္ဂလာတောင်ညွန့်,Mingalar Taung Nyunt,ဗညားဒလလမ်း,Banyardala Road,16.800415,96.177889,"https://www.google.com/maps?q=16.800415,96.177889",YBS / YRTA Official
1889,2889,ရန်ကုန်ဘူတာကြီး (ထိပ်),Yangon Central Railway Station (Corner),မင်္ဂလာတောင်ညွန့်,Mingalar Taung Nyunt,Upper Pansodan Road,Upper Pansodan Road,16.786398,96.154651,"https://www.google.com/maps?q=16.786398,96.154651",YBS / YRTA Official
1890,2890,သိမ်ဖြူဈေး (ထိပ်),Thein Phyu Zay (Corner),မင်္ဂလာတောင်ညွန့်,Mingalar Taung Nyunt,သိမ်ဖြူလမ်း,Thein Phyu Road,16.780855,96.172095,"https://www.google.com/maps?q=16.780855,96.172095",YBS / YRTA Official
1891,2891,အောင်မင်္ဂလာ (ထိပ်),Aung Mingalar (Corner),မင်္ဂလာတောင်ညွန့်,Mingalar Taung Nyunt,ဗညားဒလလမ်း,Banyardala Road,16.793391,96.183629,"https://www.google.com/maps?q=16.793391,96.183629",YBS / YRTA Official
1892,2892,ခရေပင်လမ်းခွဲ (ထိပ်),Khayae Pin Lan Khawe (Corner),မင်္ဂလာဒုံ,Mingaladon,အမှတ်(၁)လမ်းမ,No. 1 Main Road,16.929444,96.130563,"https://www.google.com/maps?q=16.929444,96.130563",YBS / YRTA Official
1893,2893,ကုန်းထိပ် (ထိပ်),Kone Htate (Corner),မင်္ဂလာဒုံ,Mingaladon,အမှတ်(၁)လမ်းမ,No. 1 Main Road,17.002788,96.12677,"https://www.google.com/maps?q=17.002788,96.126770",YBS / YRTA Official
1894,2894,ကျိုက်ကလို့ (ထိပ်),Kyaikkalot (Corner),မင်္ဂလာဒုံ,Mingaladon,အမှတ်(၁)လမ်းမ,No. 1 Main Road,16.947409,96.126538,"https://www.google.com/maps?q=16.947409,96.126538",YBS / YRTA Official
1895,2895,မင်္ဂလာဒုံဈေး (ထိပ်),Mingalardon Zay (Corner),မင်္ဂလာဒုံ,Mingaladon,အမှတ်(၁)လမ်းမ,No. 1 Main Road,16.936771,96.135255,"https://www.google.com/maps?q=16.936771,96.135255",YBS / YRTA Official
1896,2896,ရန်ကုန်လေဆိပ် တာမီနယ် (၁) (ထိပ်),Yangon Intl. Airport Terminal 1 (Corner),မင်္ဂလာဒုံ,Mingaladon,Yangon Airport Road,Yangon Airport Road,16.901228,96.130263,"https://www.google.com/maps?q=16.901228,96.130263",YBS / YRTA Official
1897,2897,ပုလဲလမ်းဆုံ (ထိပ်),Palae Lan Sone (Corner),မင်္ဂလာဒုံ,Mingaladon,အမှတ်(၃)လမ်းမ,No. 3 Main Road,16.982026,96.149546,"https://www.google.com/maps?q=16.982026,96.149546",YBS / YRTA Official
1898,2898,ဒဂုံတက္ကသိုလ် (ထိပ်),Dagon University (Corner),မြောက်ဒဂုံ,North Dagon,Dagon University,Dagon University,16.918199,96.209526,"https://www.google.com/maps?q=16.918199,96.209526",YBS / YRTA Official
1899,2899,(၃၅) ကွေ့ (ထိပ်),Thone-sae-ngar Kwae (35 Kwae) (Corner),မြောက်ဒဂုံ,North Dagon,ပင်လုံလမ်း,Pin Lon Road,16.870301,96.188638,"https://www.google.com/maps?q=16.870301,96.188638",YBS / YRTA Official
1900,2900,(၄၄) လမ်းဆုံ (ထိပ်),Lay-sae-lay Lan Sone (44 Lan Sone) (Corner),မြောက်ဒဂုံ,North Dagon,ဗိုလ်မှူးဗထူးလမ်း,Bo Hmu Ba Htoo Road,16.889567,96.175128,"https://www.google.com/maps?q=16.889567,96.175128",YBS / YRTA Official
1901,2901,ဗထူးဈေး (ထိပ်),Ba Htoo Zay (Corner),မြောက်ဒဂုံ,North Dagon,ဗိုလ်မှူးဗထူးလမ်း,Bo Hmu Ba Htoo Road,16.889098,96.194378,"https://www.google.com/maps?q=16.889098,96.194378",YBS / YRTA Official
1902,2902,ပင်လုံဆေးရုံ (ထိပ်),Pinlon Hospital (Corner),မြောက်ဒဂုံ,North Dagon,ပင်လုံလမ်း,Pin Lon Road,16.858109,96.200422,"https://www.google.com/maps?q=16.858109,96.200422",YBS / YRTA Official
1903,2903,မန္တလေးလမ်း (ထိပ်),Mandalay Lan (Corner),မြောက်ဒဂုံ,North Dagon,ပင်လုံလမ်း,Pin Lon Road,16.870817,96.202034,"https://www.google.com/maps?q=16.870817,96.202034",YBS / YRTA Official
1904,2904,(၂) ဈေး (ထိပ်),Hnit Zay (2 Zay) (Corner),မြောက်ဥက္ကလာပ,North Okkalapa,သုဓမ္မာလမ်း,Thudhamar Road,16.884608,96.153063,"https://www.google.com/maps?q=16.884608,96.153063",YBS / YRTA Official
1905,2905,(၆) ကွေ့ (ထိပ်),Chauk Kwae (6 Kwae) (Corner),မြောက်ဥက္ကလာပ,North Okkalapa,သုဓမ္မာလမ်း,Thudhamar Road,16.91384,96.166855,"https://www.google.com/maps?q=16.913840,96.166855",YBS / YRTA Official
1906,2906,(ဃ) ဈေး (ထိပ်),Ga-gyi Zay (Corner),မြောက်ဥက္ကလာပ,North Okkalapa,သုဓမ္မာလမ်း,Thudhamar Road,16.902447,96.164015,"https://www.google.com/maps?q=16.902447,96.164015",YBS / YRTA Official
1907,2907,(ဈ) ဈေး (ထိပ်),Za-myin-zwe Zay (Corner),မြောက်ဥက္ကလာပ,North Okkalapa,ခေမာသီလမ်း,Khaymarthi Road,16.916249,96.163296,"https://www.google.com/maps?q=16.916249,96.163296",YBS / YRTA Official
1908,2908,မြောက်ဥက္ကလာ အဝိုင်း (ထိပ်),Myauk Okkalar Awine (Corner),မြောက်ဥက္ကလာပ,North Okkalapa,သုဓမ္မာလမ်း,Thudhamar Road,16.895148,96.157772,"https://www.google.com/maps?q=16.895148,96.157772",YBS / YRTA Official
1909,2909,အောင်မင်္ဂလာ အဝေးပြေး (ထိပ်),Aung Mingalar A Way Pyay (Corner),မြောက်ဥက္ကလာပ,North Okkalapa,သုဓမ္မာလမ်း,Thudhamar Road,16.929826,96.158409,"https://www.google.com/maps?q=16.929826,96.158409",YBS / YRTA Official
1910,2910,မဲလမုဘုရား (ထိပ်),Melamu Pagoda (Corner),မြောက်ဥက္ကလာပ,North Okkalapa,သုဓမ္မာလမ်း,Thudhamar Road,16.894462,96.164391,"https://www.google.com/maps?q=16.894462,96.164391",YBS / YRTA Official
1911,2911,မှော်ဘီဈေး (ထိပ်),Hmaw Bi Zay (Corner),မှော်ဘီ,Hmawbi,ရန်ကုန်-ပြည်လမ်းမကြီး,Yangon-Pyay Main Road,17.099711,96.040996,"https://www.google.com/maps?q=17.099711,96.040996",YBS / YRTA Official
1912,2912,ဂျီတီစီဆိုက်သစ် (ထိပ်),G.T.C Site Thit (Corner),မှော်ဘီ,Hmawbi,ရန်ကုန်-ပြည်လမ်းမကြီး,Yangon-Pyay Main Road,17.117457,96.00976,"https://www.google.com/maps?q=17.117457,96.009760",YBS / YRTA Official
1913,2913,ဂျပန်ဆိုက် (ထိပ်),Japan Site (Corner),မှော်ဘီ,Hmawbi,ရန်ကုန်-ပြည်လမ်းမကြီး,Yangon-Pyay Main Road,17.141502,95.995148,"https://www.google.com/maps?q=17.141502,95.995148",YBS / YRTA Official
1914,2914,ထန်းတပင်တာဆုံ (ထိပ်),Htan Ta Pin Tar Sone (Corner),မှော်ဘီ,Hmawbi,ရန်ကုန်-ပြည်လမ်းမကြီး,Yangon-Pyay Main Road,17.101388,96.031254,"https://www.google.com/maps?q=17.101388,96.031254",YBS / YRTA Official
1915,2915,ကျောက်ကုန်း (ထိပ်),Kyauk Kone (Corner),ရန်ကင်း,Yankin,Moe Kaung Road,Moe Kaung Road,16.831751,96.173975,"https://www.google.com/maps?q=16.831751,96.173975",YBS / YRTA Official
1916,2916,ရန်ကင်းဈေး (ထိပ်),Yankin Zay (Corner),ရန်ကင်း,Yankin,Yanshin Street,Yanshin Street,16.83492,96.161792,"https://www.google.com/maps?q=16.834920,96.161792",YBS / YRTA Official
1917,2917,မိုးကောင်း (ထိပ်),Moe Kaung (Corner),ရန်ကင်း,Yankin,Kanbe Road,Kanbe Road,16.837865,96.171345,"https://www.google.com/maps?q=16.837865,96.171345",YBS / YRTA Official
1918,2918,ရန်ကင်းစာတိုက် (ထိပ်),Yankin Sar Taik (Corner),ရန်ကင်း,Yankin,Yankin Road,Yankin Road,16.839798,96.168375,"https://www.google.com/maps?q=16.839798,96.168375",YBS / YRTA Official
1919,2919,ရွှေပြည်သာကွေ့ (ထိပ်),Shwe Pyi Thar Kwae (Corner),ရွှေပြည်သာ,Shwepyitha,အမှတ်(၄)လမ်းမ,No. 4 Main Road,16.956302,96.09098,"https://www.google.com/maps?q=16.956302,96.090980",YBS / YRTA Official
1920,2920,ဒဂုံဧရာ (ထိပ်),Dagon Ayeyar (Shwepyitha) (Corner),ရွှေပြည်သာ,Shwepyitha,လှော်ကားလမ်း,Hlawga Road,16.844012,96.232595,"https://www.google.com/maps?q=16.844012,96.232595",YBS / YRTA Official
1921,2921,ကွန်ပျူတာတက္ကသိုလ် (ထိပ်),Computer University (Yangon) (Corner),ရွှေပြည်သာ,Shwepyitha,အမှတ်(၄)လမ်းမ,No. 4 Main Road,17.003359,96.092421,"https://www.google.com/maps?q=17.003359,96.092421",YBS / YRTA Official
1922,2922,နဝရတ် (ထိပ်),Nawarat (Corner),ရွှေပြည်သာ,Shwepyitha,ဘုရင့်နောင်လမ်း,Bayint Naung Road,16.967826,96.078672,"https://www.google.com/maps?q=16.967826,96.078672",YBS / YRTA Official
1923,2923,သာဓုကန် (ထိပ်),Thardukan (Corner),ရွှေပြည်သာ,Shwepyitha,အမှတ်(၄)လမ်းမ,No. 4 Main Road,16.981327,96.08703,"https://www.google.com/maps?q=16.981327,96.087030",YBS / YRTA Official
1924,2924,ဆေးရုံကြီး (ထိပ်),Say Yon Gyi (Yangon General Hospital) (Corner),လသာ,Latha,ဗိုလ်ချုပ်အောင်ဆန်းလမ်း,Bogyoke Aung San Road,16.777354,96.154226,"https://www.google.com/maps?q=16.777354,96.154226",YBS / YRTA Official
1925,2925,ညောင်ပင်လေးဈေး (ထိပ်),Nyaung Pin Lay Zay (Corner),လသာ,Latha,ကမ်းနားလမ်း,Strand Road,16.769711,96.15053,"https://www.google.com/maps?q=16.769711,96.150530",YBS / YRTA Official
1926,2926,လသာ (ထိပ်),Latha (Strand) (Corner),လသာ,Latha,ကမ်းနားလမ်း,Strand Road,16.769584,96.147828,"https://www.google.com/maps?q=16.769584,96.147828",YBS / YRTA Official
1927,2927,စံပြ (ထိပ်),Sanpya (Corner),လမ်းမတော်,Lanmadaw,Phone Gyi Road,Phone Gyi Road,16.775558,96.150203,"https://www.google.com/maps?q=16.775558,96.150203",YBS / YRTA Official
1928,2928,ဗဟိုစည် / မော်တင် (ထိပ်),Bahosi/ Mawtin (Corner),လမ်းမတော်,Lanmadaw,ဗိုလ်ချုပ်အောင်ဆန်းလမ်း,Bogyoke Aung San Road,16.779576,96.145511,"https://www.google.com/maps?q=16.779576,96.145511",YBS / YRTA Official
1929,2929,မော်တင် (ထိပ်),Maw Tin (Corner),လမ်းမတော်,Lanmadaw,မဟာဗန္ဓုလလမ်း,Mahabandoola Road,16.776116,96.149004,"https://www.google.com/maps?q=16.776116,96.149004",YBS / YRTA Official
1930,2930,ပါရမီလမ်းဆုံ (ထိပ်),Parami Junction (Corner),လှိုင်,Hlaing,ပြည်လမ်း,Pyay Road,16.841498,96.142422,"https://www.google.com/maps?q=16.841498,96.142422",YBS / YRTA Official
1931,2931,သီရိမင်္ဂလာဈေးသစ် (ထိပ်),Thiri Mingalar Market (Corner),လှိုင်,Hlaing,ဘုရင့်နောင်လမ်း,Bayint Naung Road,16.84361,96.117811,"https://www.google.com/maps?q=16.843610,96.117811",YBS / YRTA Official
1932,2932,သုခ (ထိပ်),Thukha (Corner),လှိုင်,Hlaing,ရန်ကုန်-အင်းစိန်လမ်း,Yangon-Insein Road,16.838695,96.123992,"https://www.google.com/maps?q=16.838695,96.123992",YBS / YRTA Official
1933,2933,အေဒီ (ထိပ်),A.D (Corner),လှိုင်,Hlaing,ပြည်လမ်း,Pyay Road,16.846382,96.145873,"https://www.google.com/maps?q=16.846382,96.145873",YBS / YRTA Official
1934,2934,အုတ်ကျင်း (ထိပ်),Oakyin (Corner),လှိုင်,Hlaing,ရန်ကုန်-အင်းစိန်လမ်း,Yangon-Insein Road,16.849476,96.119421,"https://www.google.com/maps?q=16.849476,96.119421",YBS / YRTA Official
1935,2935,ဒဂုံဧရာ အဝေးပြေး (ထိပ်),Dagon Ayeyar Highway (Corner),လှိုင်သာယာ,Hlaingtharyar,အမှတ်(၅)လမ်းမ,No. 5 Main Road,16.876686,96.025144,"https://www.google.com/maps?q=16.876686,96.025144",YBS / YRTA Official
1936,2936,နဝဒေးအိမ်ရာ (ထိပ်),Nawaday Housing (Corner),လှိုင်သာယာ,Hlaingtharyar,အမှတ်(၅)လမ်းမ,No. 5 Main Road,16.86749,96.067719,"https://www.google.com/maps?q=16.867490,96.067719",YBS / YRTA Official
1937,2937,နည်းပညာတက္ကသိုလ် (ထိပ်),University of Technology (West Yangon) (Corner),လှိုင်သာယာ,Hlaingtharyar,University of Technology,University of Technology,16.86517,96.014662,"https://www.google.com/maps?q=16.865170,96.014662",YBS / YRTA Official
1938,2938,လှိုင်သာယာ စီးတီးမတ် (ထိပ်),Hlaing Tharyar City Mart (Corner),လှိုင်သာယာ,Hlaingtharyar,Yangon-Pathein Rd,Yangon-Pathein Rd,16.857184,96.064814,"https://www.google.com/maps?q=16.857184,96.064814",YBS / YRTA Official
1939,2939,ဗိုလ်ချုပ် (ထိပ်),Bogyoke (Corner),လှိုင်သာယာ,Hlaingtharyar,အမှတ်(၅)လမ်းမ,No. 5 Main Road,16.860296,96.072759,"https://www.google.com/maps?q=16.860296,96.072759",YBS / YRTA Official
1940,2940,လှည်းကူးဈေး (ထိပ်),Hlegu Zay (Corner),လှည်းကူး,Hlegu,အမှတ်(၁)လမ်းမ,No. 1 Main Road,17.098848,96.211608,"https://www.google.com/maps?q=17.098848,96.211608",YBS / YRTA Official
1941,2941,လှည်းကူးတာဆုံ (ထိပ်),Hlegu Tar Sone (Corner),လှည်းကူး,Hlegu,Hlegu-Phaung Gyi Road,Hlegu-Phaung Gyi Road,17.09641,96.229817,"https://www.google.com/maps?q=17.096410,96.229817",YBS / YRTA Official
1942,2942,ရတနာမြေ (ထိပ်),Yadanar Myay (Corner),လှည်းကူး,Hlegu,အမှတ်(၁)လမ်းမ,No. 1 Main Road,17.073234,96.188086,"https://www.google.com/maps?q=17.073234,96.188086",YBS / YRTA Official
1943,2943,သာကေတအဝိုင်း (ထိပ်),Thaketa Roundabout (Awine) (Corner),သာကေတ,Thaketa,ဧရာဝဏ်လမ်းမကြီး,Ayar Wun Main Road,16.805959,96.220226,"https://www.google.com/maps?q=16.805959,96.220226",YBS / YRTA Official
1944,2944,သန်လျင်တံတား ချဉ်းကပ်လမ်း (ထိပ်),Thanlyin Bridge (Chin Kat Lan) (Corner),သာကေတ,Thaketa,Thalyin Thada Chin Kat Road,Thalyin Thada Chin Kat Road,16.800252,96.220683,"https://www.google.com/maps?q=16.800252,96.220683",YBS / YRTA Official
1945,2945,ရှုခင်းသာမြို့ပတ်လမ်း (ထိပ်),Shukinthar Myo Pat Road (Corner),သာကေတ,Thaketa,ရှူ့ခင်းသာမြို့ပတ်လမ်း,Shukinthar Myo Pat Road,16.795245,96.21814,"https://www.google.com/maps?q=16.795245,96.218140",YBS / YRTA Official
1946,2946,(၃) ဈေး (ထိပ်),Thone Zay (3 Zay) (Corner),သာကေတ,Thaketa,မြင်တော်သာလမ်း,Myintawthar Road,16.788501,96.195484,"https://www.google.com/maps?q=16.788501,96.195484",YBS / YRTA Official
1947,2947,ကျောက်တိုင် (ထိပ်),Kyauk Taing (Thaketa) (Corner),သာကေတ,Thaketa,ဧရာဝဏ်လမ်းမကြီး,Ayar Wun Main Road,16.797308,96.191636,"https://www.google.com/maps?q=16.797308,96.191636",YBS / YRTA Official
1948,2948,တိုင်းရင်းသားကျေးရွာ (အာဆီယံ) (ထိပ်),National Races Village (Asean) (Corner),သာကေတ,Thaketa,National Races Village,National Races Village,16.804989,96.225288,"https://www.google.com/maps?q=16.804989,96.225288",YBS / YRTA Official
1949,2949,စံပြဈေး / ငမိုးရိပ် (ထိပ်),Sanpya Zay/ Nga Moe Yeik (Corner),သင်္ဃန်းကျွန်း,Thingangyun,သံသုမာလမ်း,Thanthumar Road,16.840541,96.209051,"https://www.google.com/maps?q=16.840541,96.209051",YBS / YRTA Official
1950,2950,ဇဝန (ထိပ်),Zawana (Corner),သင်္ဃန်းကျွန်း,Thingangyun,လေးထောင့်ကန်လမ်း,Lay Daung Kan Road,16.823121,96.190603,"https://www.google.com/maps?q=16.823121,96.190603",YBS / YRTA Official
1951,2951,သုဝဏ္ဏဘောလုံးကွင်း (ထိပ်),Thuwunna Stadium (Corner),သင်္ဃန်းကျွန်း,Thingangyun,ဝေဇယန္တာလမ်း,Waizayanta Road,16.821933,96.18063,"https://www.google.com/maps?q=16.821933,96.180630",YBS / YRTA Official
1952,2952,သုဝဏ္ဏလမ်းဆုံ (ထိပ်),Thuwunna Lan Sone (Corner),သင်္ဃန်းကျွန်း,Thingangyun,သံသုမာလမ်း,Thanthumar Road,16.817741,96.188536,"https://www.google.com/maps?q=16.817741,96.188536",YBS / YRTA Official
1953,2953,ကျိုက္ကဆံဘုရား (ထိပ်),Kyaikkasan Paya (Corner),သင်္ဃန်းကျွန်း,Thingangyun,ရတနာလမ်း,Yadanar Road,16.832121,96.186413,"https://www.google.com/maps?q=16.832121,96.186413",YBS / YRTA Official
1954,2954,ပြည်သာယာ (ထိပ်),Pyithaya (Corner),သင်္ဃန်းကျွန်း,Thingangyun,Pyithaya Street,Pyithaya Street,16.830629,96.174512,"https://www.google.com/maps?q=16.830629,96.174512",YBS / YRTA Official
1955,2955,ကျိုက်ခေါက်ဘုရား (ထိပ်),Kyaik Khauk Pagoda (Corner),သန်လျင်,Thanlyin,ကျိုက်ခေါက်ဘုရားလမ်း,Kyaik Khauk Pagoda Road,16.734505,96.266389,"https://www.google.com/maps?q=16.734505,96.266389",YBS / YRTA Official
1956,2956,ရေကြောင်းတက္ကသိုလ် (ထိပ်),Myanmar Maritime University (Corner),သန်လျင်,Thanlyin,Thanlyin,Thanlyin,16.701904,96.269903,"https://www.google.com/maps?q=16.701904,96.269903",YBS / YRTA Official
1957,2957,သန်လျင်မြို့မဈေး (ထိပ်),Thanlyin Myoma Zay (Corner),သန်လျင်,Thanlyin,Bogyoke Nay Win Road,Bogyoke Nay Win Road,16.765064,96.243788,"https://www.google.com/maps?q=16.765064,96.243788",YBS / YRTA Official
1958,2958,မြွေဘုရား (ထိပ်),Mway Paya (Snake Pagoda) (Corner),သန်လျင်,Thanlyin,သန်လျှင်-ကျောက်တန်းလမ်း,Thanlyin-Kyauktan Road,16.668556,96.328568,"https://www.google.com/maps?q=16.668556,96.328568",YBS / YRTA Official
1959,2959,နည်းပညာတက္ကသိုလ် (ဂျီတီယူ) (ထိပ်),Nee Pyinyar Takke Tho (G.T.U Thanlyin) (Corner),သန်လျင်,Thanlyin,သန်လျှင်-ကျောက်တန်းလမ်း,Thanlyin-Kyauktan Road,16.687608,96.313455,"https://www.google.com/maps?q=16.687608,96.313455",YBS / YRTA Official
1960,2960,အရှေ့ပိုင်းတက္ကသိုလ် (ထိပ်),East Yangon University (Taung Dagon) (Corner),သန်လျင်,Thanlyin,အမှတ်(၆)လမ်းမ,No. 6 Main Road,16.731721,96.283602,"https://www.google.com/maps?q=16.731721,96.283602",YBS / YRTA Official
1961,2961,ကြိုဆိုပါ၏ (ထိပ်),Kyo So Par Ei (Welcome) (Corner),သုံးခွ,Thongwa,အမှတ်(၆)လမ်းမ,No. 6 Main Road,16.765942,96.516223,"https://www.google.com/maps?q=16.765942,96.516223",YBS / YRTA Official
1962,2962,ခွန်ထိပ် (ထိပ်),Khun Htate (Corner),သုံးခွ,Thongwa,အမှတ်(၆)လမ်းမ,No. 6 Main Road,16.758676,96.512313,"https://www.google.com/maps?q=16.758676,96.512313",YBS / YRTA Official
1963,2963,ဘားလမ်း (ထိပ်),Bar Lan (Thongwa) (Corner),သုံးခွ,Thongwa,အမှတ်(၆)လမ်းမ,No. 6 Main Road,16.76452,96.513945,"https://www.google.com/maps?q=16.764520,96.513945",YBS / YRTA Official
1964,2964,(၁၂) ဂိတ် (ထိပ်),Sae-Hnit Gate (12 Gate) (Corner),အရှေ့ဒဂုံ,East Dagon,ကျန်စစ်သားလမ်း,Kyansitthar Road,16.897037,96.220354,"https://www.google.com/maps?q=16.897037,96.220354",YBS / YRTA Official
1965,2965,(၁၃) ဂိတ် (ထိပ်),Sae-Thone Gate (13 Gate) (Corner),အရှေ့ဒဂုံ,East Dagon,ကျန်စစ်သားလမ်း,Kyansitthar Road,16.883243,96.224282,"https://www.google.com/maps?q=16.883243,96.224282",YBS / YRTA Official
1966,2966,စည်ပင် (ထိပ်),Si Pin (East Dagon) (Corner),အရှေ့ဒဂုံ,East Dagon,Min Ye Kyaw Swar Road,Min Ye Kyaw Swar Road,16.932919,96.228341,"https://www.google.com/maps?q=16.932919,96.228341",YBS / YRTA Official
1967,2967,ကျုံးကြီးဂိတ် (ထိပ်),Kyone Gyi Gate (Corner),အလုံ,Ahlone,ကြည့်မြင်တိုင်ကမ်းနားလမ်း,Kyee Myin Daing Kannar Road,16.782973,96.132903,"https://www.google.com/maps?q=16.782973,96.132903",YBS / YRTA Official
1968,2968,ဆင်မင်းဈေး (ထိပ်),Sin Min Zay (Corner),အလုံ,Ahlone,ကြည့်မြင်တိုင်ကမ်းနားလမ်း,Kyee Myin Daing Kannar Road,16.788902,96.117578,"https://www.google.com/maps?q=16.788902,96.117578",YBS / YRTA Official
1969,2969,သခင်မြပန်းခြံ (ထိပ်),Thakhin Mya Pan Chan (Corner),အလုံ,Ahlone,ကြည့်မြင်တိုင်ကမ်းနားလမ်း,Kyee Myin Daing Kannar Road,16.785702,96.137878,"https://www.google.com/maps?q=16.785702,96.137878",YBS / YRTA Official
1970,2970,သီရိမင်္ဂလာဈေးဟောင်း (ထိပ်),Thiri Mingalar Zay (Old) (Corner),အလုံ,Ahlone,ကြည့်မြင်တိုင်ကမ်းနားလမ်း,Kyee Myin Daing Kannar Road,16.795732,96.115591,"https://www.google.com/maps?q=16.795732,96.115591",YBS / YRTA Official
1971,2971,ဥက္ကံ (ထိပ်),Okkan Station (Corner),ဥက္ကံ,Okkan,ပြည်လမ်း,Pyay Road,17.503039,95.853472,"https://www.google.com/maps?q=17.503039,95.853472",YBS / YRTA Official
1972,2972,အင်းစိန်ပန်းခြံ (ထိပ်),Insein Pan Chan (Corner),အင်းစိန်,Insein,မင်းကြီးလမ်း,Min Gyi Road,16.885736,96.108295,"https://www.google.com/maps?q=16.885736,96.108295",YBS / YRTA Official
1973,2973,အင်းစိန်ဈေး (ထိပ်),Insein Zay (Corner),အင်းစိန်,Insein,လှိုင်မြစ်လမ်း,Hlaing River Road,16.886571,96.09733,"https://www.google.com/maps?q=16.886571,96.097330",YBS / YRTA Official
1974,2974,အင်းစိန်ဆေးရုံကြီး (ထိပ်),Insein Say Yon Gyi (Corner),အင်းစိန်,Insein,မင်းကြီးလမ်း,Min Gyi Road,16.89516,96.10782,"https://www.google.com/maps?q=16.895160,96.107820",YBS / YRTA Official
1975,2975,စော်ဘွားကြီးကုန်း (ထိပ်),Saw Bwar Gyi Kone (Corner),အင်းစိန်,Insein,ပြည်လမ်း,Pyay Road,16.888858,96.122459,"https://www.google.com/maps?q=16.888858,96.122459",YBS / YRTA Official
1976,2976,ဒညင်းကုန်းလမ်းဆုံ (ထိပ်),Danyin Gone Lan Sone (Corner),အင်းစိန်,Insein,အောက်မင်္ဂလာဒုံလမ်း,Lower Mingalardon Road,16.93567,96.098521,"https://www.google.com/maps?q=16.935670,96.098521",YBS / YRTA Official
1977,2977,ကြို့ကုန်း (ထိပ်),Kyoe Kone (Corner),အင်းစိန်,Insein,ရန်ကုန်-အင်းစိန်လမ်း,Yangon-Insein Road,16.880068,96.107338,"https://www.google.com/maps?q=16.880068,96.107338",YBS / YRTA Official
1978,2978,ဘီပီအိုင် (ထိပ်),B.P.I (Corner),အင်းစိန်,Insein,ရန်ကုန်-အင်းစိန်လမ်း,Yangon-Insein Road,16.879801,96.110387,"https://www.google.com/maps?q=16.879801,96.110387",YBS / YRTA Official
1979,2979,ပြည်တော်သာ / ဂျီတီအိုင်ထိပ် (ထိပ်),Pyi Taw Thar/ G.T.I Htate (Corner),အင်းစိန်,Insein,အောက်မင်္ဂလာဒုံလမ်း,Lower Mingalardon Road,16.90427,96.09136,"https://www.google.com/maps?q=16.904270,96.091360",YBS / YRTA Official
1980,2980,အောင်ဆန်းဈေး (ထိပ်),Aung San Zay (Corner),အင်းစိန်,Insein,အောက်မင်္ဂလာဒုံလမ်း,Lower Mingalardon Road,16.915797,96.091704,"https://www.google.com/maps?q=16.915797,96.091704",YBS / YRTA Official
1981,2981,အုတ်ကျင်းဝ (ထိပ်),Oakyin Wa (Corner),အင်းစိန်,Insein,လမ်းသစ်လမ်း,Lan Thit Road,16.88589,96.106889,"https://www.google.com/maps?q=16.885890,96.106889",YBS / YRTA Official
1982,2982,ကျောင်းရှေ့/ကုန်းဆင်း (ဂိတ်),Kyaung Shae/ Kone Sin (Gate),ကမာရွတ်,Kamayut,လှည်းတန်းလမ်း,Hledan Road,16.820785,96.127046,"https://www.google.com/maps?q=16.820785,96.127046",YBS / YRTA Official
1983,2983,ကျောင်းရှေ့/ဓမ္မာရုံ (ဂိတ်),Kyaung Shae/ Dhamar Yon (Gate),ကမာရွတ်,Kamayut,တက္ကသိုလ်ရိပ်သာလမ်း,University Avenue Road,16.820518,96.136261,"https://www.google.com/maps?q=16.820518,96.136261",YBS / YRTA Official
1984,2984,ကျောင်းလမ်း (ဂိတ်),Kyuanlan (Gate),ကမာရွတ်,Kamayut,တက္ကသိုလ်ရိပ်သာလမ်း,University Avenue Road,16.821825,96.129248,"https://www.google.com/maps?q=16.821825,96.129248",YBS / YRTA Official
1985,2985,ခိုင်ရွှေဝါ (ဂိတ်),Khaing Shwe Wah (Gate),ကမာရွတ်,Kamayut,ဗဟိုလမ်း,Baho Road,16.825627,96.119288,"https://www.google.com/maps?q=16.825627,96.119288",YBS / YRTA Official
1986,2986,စံရိပ်ငြိမ် (ဂိတ်),San Yeik Nyein (Gate),ကမာရွတ်,Kamayut,ရန်ကုန်-အင်းစိန်လမ်း,Yangon-Insein Road,16.839464,96.126139,"https://www.google.com/maps?q=16.839464,96.126139",YBS / YRTA Official
1987,2987,စိုက်ပျိုးရေး (ဂိတ်),Saik Pyoe Yay (Gate),ကမာရွတ်,Kamayut,ပြည်လမ်း,Pyay Road,16.807917,96.136759,"https://www.google.com/maps?q=16.807917,96.136759",YBS / YRTA Official
1988,2988,ဆိုက်ကားဂိတ် (ဂိတ်),Site Kar Gate (Gate),ကမာရွတ်,Kamayut,ဗဟိုလမ်း,Baho Road,16.839594,96.130207,"https://www.google.com/maps?q=16.839594,96.130207",YBS / YRTA Official
1989,2989,ဆင်ရေတွင်း (ဂိတ်),Sin Yae Twin (Gate),ကမာရွတ်,Kamayut,ရန်ကုန်-အင်းစိန်လမ်း,Yangon-Insein Road,16.837149,96.121548,"https://www.google.com/maps?q=16.837149,96.121548",YBS / YRTA Official
1990,2990,ပြည်ရိပ်မွန် (ဂိတ်),Pyi Yeik Mon (Gate),ကမာရွတ်,Kamayut,ဗဟိုလမ်း,Baho Road,16.813806,96.126001,"https://www.google.com/maps?q=16.813806,96.126001",YBS / YRTA Official
1991,2991,ဘီအာဘီ (ဂိတ်),B.R.B (Gate),ကမာရွတ်,Kamayut,ဗဟိုလမ်း,Baho Road,16.833342,96.116378,"https://www.google.com/maps?q=16.833342,96.116378",YBS / YRTA Official
1992,2992,မာလာ (ဂိတ်),Marlar (Gate),ကမာရွတ်,Kamayut,ပြည်လမ်း,Pyay Road,16.827665,96.127449,"https://www.google.com/maps?q=16.827665,96.127449",YBS / YRTA Official
1993,2993,ရေကြောင်း (ဂိတ်),Yae Kyaung (Gate),ကမာရွတ်,Kamayut,ဘုရင့်နောင်လမ်း,Bayint Naung Road,16.839865,96.117781,"https://www.google.com/maps?q=16.839865,96.117781",YBS / YRTA Official
1994,2994,ရဲဝင်း (ဂိတ်),Ye Win (Gate),ကမာရွတ်,Kamayut,ဗဟိုလမ်း,Baho Road,16.817089,96.118576,"https://www.google.com/maps?q=16.817089,96.118576",YBS / YRTA Official
1995,2995,လှည်းတန်း (ဂိတ်),Hledan (Gate),ကမာရွတ်,Kamayut,ရန်ကုန်-အင်းစိန်လမ်း,Yangon-Insein Road,16.821446,96.121224,"https://www.google.com/maps?q=16.821446,96.121224",YBS / YRTA Official
1996,2996,လှည်းတန်းဈေး (ဂိတ်),Hledan Zay (Gate),ကမာရွတ်,Kamayut,လှည်းတန်းလမ်း,Hledan Road,16.822268,96.134919,"https://www.google.com/maps?q=16.822268,96.134919",YBS / YRTA Official
1997,2997,သင်္ဘောကျင်း (ဂိတ်),Thinbaw Kyin (Gate),ကမာရွတ်,Kamayut,ဘုရင့်နောင်လမ်း,Bayint Naung Road,16.820674,96.127798,"https://www.google.com/maps?q=16.820674,96.127798",YBS / YRTA Official
1998,2998,(၄၆) လမ်း (ဂိတ်),Lay-sae-chauk Lan (46 Lan) (Gate),ကျောက်တံတား,Kyauktada,အနော်ရထာလမ်း,Anawrahta Road,16.768432,96.173726,"https://www.google.com/maps?q=16.768432,96.173726",YBS / YRTA Official
1999,2999,ဆူးလေပန်းခြံ (ဂိတ်),Sule Pan Chan (Gate),ကျောက်တံတား,Kyauktada,မဟာဗန္ဓုလလမ်း,Mahabandoola Road,16.765164,96.166594,"https://www.google.com/maps?q=16.765164,96.166594",YBS / YRTA Official
2000,3000,ဆူးလေမြို့တော်ခန်းမ (ဂိတ်),Sule Myodaw Khan Ma (Gate),ကျောက်တံတား,Kyauktada,ဆူးလေးဘုရားလမ်း,Sule Pagoda Road,16.779021,96.152289,"https://www.google.com/maps?q=16.779021,96.152289",YBS / YRTA Official
2001,3001,ပန်းဆိုးတန်း (ဂိတ်),Pansodan (Gate),ကျောက်တံတား,Kyauktada,အနော်ရထာလမ်း,Anawrahta Road,16.773858,96.16256,"https://www.google.com/maps?q=16.773858,96.162560",YBS / YRTA Official
2002,3002,ပန်းဆိုးတန်း (ဆိပ်ကမ်းသာလမ်း) (ဂိတ်),Pansodan Seikkanthar (Gate),ကျောက်တံတား,Kyauktada,ကုန်သည်လမ်း,Merchant Road,16.774088,96.170653,"https://www.google.com/maps?q=16.774088,96.170653",YBS / YRTA Official
2003,3003,ဘားလမ်း (ဂိတ်),Bar Lan (Gate),ကျောက်တံတား,Kyauktada,အနော်ရထာလမ်း,Anawrahta Road,16.768662,96.167017,"https://www.google.com/maps?q=16.768662,96.167017",YBS / YRTA Official
2004,3004,ဗိုလ်ကလေးဈေး (ဂိတ်),Bokalay Zay (Gate),ကျောက်တံတား,Kyauktada,မဟာဗန္ဓုလလမ်း,Mahabandoola Road,16.767694,96.163857,"https://www.google.com/maps?q=16.767694,96.163857",YBS / YRTA Official
2005,3005,လမ်း (၅၀) (ဂိတ်),Lan Ngar Sae (50 Lan) (Gate),ကျောက်တံတား,Kyauktada,ဗိုလ်ချုပ်အောင်ဆန်းလမ်း,Bogyoke Aung San Road,16.78798,96.166749,"https://www.google.com/maps?q=16.787980,96.166749",YBS / YRTA Official
2006,3006,ကျောက်တန်း (ဂိတ်),Kyauk Tan (Gate),ကျောက်တန်း,Kyauktan,သန်လျှင်-ကျောက်တန်းလမ်း,Thanlyin-Kyauktan Road,16.630928,96.334308,"https://www.google.com/maps?q=16.630928,96.334308",YBS / YRTA Official
2007,3007,ချမ်းမြေ့သာယာ (ဂိတ်),Chan Myae Thar Yar (Gate),ကျောက်တန်း,Kyauktan,သန်လျှင်-ကျောက်တန်းလမ်း,Thanlyin-Kyauktan Road,16.655857,96.322783,"https://www.google.com/maps?q=16.655857,96.322783",YBS / YRTA Official
2008,3008,ဂါတ်တဲကွေ့ (ဂိတ်),Gat Tae Kwae (Gate),ကျောက်တန်း,Kyauktan,သန်လျှင်-ကျောက်တန်းလမ်း,Thanlyin-Kyauktan Road,16.644273,96.317505,"https://www.google.com/maps?q=16.644273,96.317505",YBS / YRTA Official
2009,3009,ဆီဆိုင် (ဂိတ်),Si Saing (Gate),ကျောက်တန်း,Kyauktan,သန်လျှင်-ကျောက်တန်းလမ်း,Thanlyin-Kyauktan Road,16.651998,96.312297,"https://www.google.com/maps?q=16.651998,96.312297",YBS / YRTA Official
2010,3010,ဈေးကွေ့ (ဂိတ်),Zay Kwae (Gate),ကျောက်တန်း,Kyauktan,သန်လျှင်-ကျောက်တန်းလမ်း,Thanlyin-Kyauktan Road,16.644671,96.319696,"https://www.google.com/maps?q=16.644671,96.319696",YBS / YRTA Official
2011,3011,ပဲလှော်ဖို (ဂိတ်),Pal Hlaw Pho (Gate),ကျောက်တန်း,Kyauktan,သန်လျှင်-ကျောက်တန်းလမ်း,Thanlyin-Kyauktan Road,16.639035,96.325613,"https://www.google.com/maps?q=16.639035,96.325613",YBS / YRTA Official
2012,3012,အောင်ချမ်းသာ (ဂိတ်),Aung Chan Thar (Gate),ကျောက်တန်း,Kyauktan,သန်လျှင်-ကျောက်တန်းလမ်း,Thanlyin-Kyauktan Road,16.650514,96.327115,"https://www.google.com/maps?q=16.650514,96.327115",YBS / YRTA Official
2013,3013,ကမ်းနားဈေး (ဂိတ်),Kannar Zay (Gate),ကြည့်မြင်တိုင်,Kyimyindaing,ကြည့်မြင်တိုင်ကမ်းနားလမ်း,Kyee Myin Daing Kannar Road,16.806059,96.119559,"https://www.google.com/maps?q=16.806059,96.119559",YBS / YRTA Official
2014,3014,ကျောင်းရှေ့ (ဂိတ်),Kyaung Shae (Gate),ကြည့်မြင်တိုင်,Kyimyindaing,အောက်ကြည့်မြင်တိုင်လမ်း,Lower Kyee Myin Daing Road,16.797537,96.116793,"https://www.google.com/maps?q=16.797537,96.116793",YBS / YRTA Official
2015,3015,ကြည့်မြင်တိုင်ညဈေး (ဂိတ်),Kyee Myin Daing Nya Zay (Gate),ကြည့်မြင်တိုင်,Kyimyindaing,အထက်ကြည့်မြင်တိုင်လမ်း,Upper Kyee Myin Daing Road,16.813623,96.132702,"https://www.google.com/maps?q=16.813623,96.132702",YBS / YRTA Official
2016,3016,ကြည့်မြင်တိုင်ဘူတာ (ဂိတ်),Kyee Myin Daing Butar (Gate),ကြည့်မြင်တိုင်,Kyimyindaing,အထက်ကြည့်မြင်တိုင်လမ်း,Upper Kyee Myin Daing Road,16.81577,96.118356,"https://www.google.com/maps?q=16.815770,96.118356",YBS / YRTA Official
2017,3017,စလင်းကွင်း (ဂိတ်),Salin Kwin (Gate),ကြည့်မြင်တိုင်,Kyimyindaing,အထက်ကြည့်မြင်တိုင်လမ်း,Upper Kyee Myin Daing Road,16.820433,96.118309,"https://www.google.com/maps?q=16.820433,96.118309",YBS / YRTA Official
2018,3018,စာတိုက် (ဂိတ်),Sar Taik (Gate),ကြည့်မြင်တိုင်,Kyimyindaing,ကြည့်မြင်တိုင်ကမ်းနားလမ်း,Kyee Myin Daing Kannar Road,16.802404,96.113068,"https://www.google.com/maps?q=16.802404,96.113068",YBS / YRTA Official
2019,3019,ဆင်မလိုက် (ဂိတ်),Sinmalite (Gate),ကြည့်မြင်တိုင်,Kyimyindaing,ကြည့်မြင်တိုင်ကမ်းနားလမ်း,Kyee Myin Daing Kannar Road,16.814521,96.118256,"https://www.google.com/maps?q=16.814521,96.118256",YBS / YRTA Official
2020,3020,နတ်စင်လမ်း (ဂိတ်),Nat Sin Lan (Gate),ကြည့်မြင်တိုင်,Kyimyindaing,အထက်ကြည့်မြင်တိုင်လမ်း,Upper Kyee Myin Daing Road,16.818599,96.129491,"https://www.google.com/maps?q=16.818599,96.129491",YBS / YRTA Official
2021,3021,သဲကွင်း (ဂိတ်),Thal Kwin (Gate),ကြည့်မြင်တိုင်,Kyimyindaing,ကြည့်မြင်တိုင်ကမ်းနားလမ်း,Kyee Myin Daing Kannar Road,16.806284,96.123632,"https://www.google.com/maps?q=16.806284,96.123632",YBS / YRTA Official
2022,3022,ဟံသာဝတီ (ဂိတ်),Hantharwaddy (Gate),ကြည့်မြင်တိုင်,Kyimyindaing,အထက်ကြည့်မြင်တိုင်လမ်း,Upper Kyee Myin Daing Road,16.817529,96.135597,"https://www.google.com/maps?q=16.817529,96.135597",YBS / YRTA Official
2023,3023,ဟုမ်းလမ်း (ဂိတ်),Home Lan (Gate),ကြည့်မြင်တိုင်,Kyimyindaing,အောက်ကြည့်မြင်တိုင်လမ်း,Lower Kyee Myin Daing Road,16.800589,96.122898,"https://www.google.com/maps?q=16.800589,96.122898",YBS / YRTA Official
2024,3024,(၉) ထပ်ကြီး (ဂိတ်),Koe Htat Kyee (Gate),စမ်းချောင်း,Sanchaung,ဗားဂရာလမ်း,Bargayar Road,16.804239,96.132108,"https://www.google.com/maps?q=16.804239,96.132108",YBS / YRTA Official
2025,3025,မဟာမြိုင် (ဂိတ်),Mahar Myaing (Gate),စမ်းချောင်း,Sanchaung,ပြည်လမ်း,Pyay Road,16.798577,96.139774,"https://www.google.com/maps?q=16.798577,96.139774",YBS / YRTA Official
2026,3026,မြေနီကုန်း (ဂိတ်),Myaynigone (Gate),စမ်းချောင်း,Sanchaung,ဗားဂရာလမ်း,Bargayar Road,16.798776,96.135729,"https://www.google.com/maps?q=16.798776,96.135729",YBS / YRTA Official
2027,3027,မြေနီကုန်း (ပြည်လမ်း) (ဂိတ်),Myaynigone (Pyay Road) (Gate),စမ်းချောင်း,Sanchaung,ပြည်လမ်း,Pyay Road,16.808925,96.134446,"https://www.google.com/maps?q=16.808925,96.134446",YBS / YRTA Official
2028,3028,ရှမ်းလမ်း (ဂိတ်),Shan Lan (Gate),စမ်းချောင်း,Sanchaung,ဗားဂရာလမ်း,Bargayar Road,16.810557,96.132668,"https://www.google.com/maps?q=16.810557,96.132668",YBS / YRTA Official
2029,3029,ရွှေမန်း (ဂိတ်),Shwe Man (Gate),စမ်းချောင်း,Sanchaung,ဗားဂရာလမ်း,Bargayar Road,16.813453,96.127274,"https://www.google.com/maps?q=16.813453,96.127274",YBS / YRTA Official
2030,3030,ဟံသာဝတီ (ဂိတ်),Hantharwaddy (Gate),စမ်းချောင်း,Sanchaung,ပြည်လမ်း,Pyay Road,16.814791,96.128175,"https://www.google.com/maps?q=16.814791,96.128175",YBS / YRTA Official
2031,3031,စာတိုက်ကြီး (ဂိတ်),Sar Taik Kyee (Gate),ဆိပ်ကမ်း,Seikkan,ကမ်းနားလမ်း,Strand Road,16.776132,96.1695,"https://www.google.com/maps?q=16.776132,96.169500",YBS / YRTA Official
2032,3032,ပန်းဆိုးတန်း (ကမ်းနားလမ်း) (ဂိတ်),Pansodan (Strand) (Gate),ဆိပ်ကမ်း,Seikkan,ကမ်းနားလမ်း,Strand Road,16.776746,96.152327,"https://www.google.com/maps?q=16.776746,96.152327",YBS / YRTA Official
2033,3033,ဗဟိုရုံး (ဂိတ်),Baho Yone (Gate),ဆိပ်ကမ်း,Seikkan,ကမ်းနားလမ်း,Strand Road,16.769023,96.161866,"https://www.google.com/maps?q=16.769023,96.161866",YBS / YRTA Official
2034,3034,ဗိုလ်တထောင်ဘုရား (ဂိတ်),Botahtaung Paya (Gate),ဆိပ်ကမ်း,Seikkan,ကမ်းနားလမ်း,Strand Road,16.778995,96.163514,"https://www.google.com/maps?q=16.778995,96.163514",YBS / YRTA Official
2035,3035,ကုလားဈေး (ဂိတ်),Kalar Zay (Gate),တာမွေ,Tamwe,အရှေ့မြင်းပြိုင်လမ်း,East Horse Race Course Road,16.816937,96.17496,"https://www.google.com/maps?q=16.816937,96.174960",YBS / YRTA Official
2036,3036,ကျောက်မြောင်းဈေး (ဂိတ်),Kyauk Myaung Zay (Gate),တာမွေ,Tamwe,ကျိုက္ကဆံလမ်း,Kyaikkasan Road,16.8021,96.170438,"https://www.google.com/maps?q=16.802100,96.170438",YBS / YRTA Official
2037,3037,တာမွေဈေး / တာမွေဗလီ (ဂိတ်),Tamwe Zay/ Tamwe Bali (Gate),တာမွေ,Tamwe,ကျိုက္ကဆံလမ်း,Kyaikkasan Road,16.806704,96.182298,"https://www.google.com/maps?q=16.806704,96.182298",YBS / YRTA Official
2038,3038,တာမွေပလာဇာ (ဂိတ်),Tamwe Plaza (Gate),တာမွေ,Tamwe,သမိန်ဗရမ်းလမ်း,Thamain Bayan Road,16.809637,96.182484,"https://www.google.com/maps?q=16.809637,96.182484",YBS / YRTA Official
2039,3039,ဗျိုင်းရေအိုးစင် (ဂိတ်),Byaing Yae Oh Sin (Gate),တာမွေ,Tamwe,ဗညားဒလလမ်း,Banyardala Road,16.805435,96.1645,"https://www.google.com/maps?q=16.805435,96.164500",YBS / YRTA Official
2040,3040,အလုပ်သမားဆေးရုံကြီး (ဂိတ်),Alote Thamar Say Yone (Gate),တာမွေ,Tamwe,ကျိုက္ကဆံလမ်း,Kyaikkasan Road,16.797884,96.175779,"https://www.google.com/maps?q=16.797884,96.175779",YBS / YRTA Official
2041,3041,အဝိုင်းထိပ် / တာမွေ (ဂိတ်),Awine Htate/ Tamwe (Gate),တာမွေ,Tamwe,အနောက်မြင်းပြိုင်လမ်း,West Horse Race Course Road,16.803905,96.169049,"https://www.google.com/maps?q=16.803905,96.169049",YBS / YRTA Official
2042,3042,အာသောက (ဂိတ်),Arthawka (Gate),တာမွေ,Tamwe,သမိန်ဗရမ်းလမ်း,Thamain Bayan Road,16.808473,96.170166,"https://www.google.com/maps?q=16.808473,96.170166",YBS / YRTA Official
2043,3043,ကန်ကုန်း (ဂိတ်),Kan Kone (Gate),တိုက်ကြီး,Taikkyi,ရန်ကုန်-ပြည်လမ်းမကြီး,Yangon-Pyay Main Road,17.260431,95.956795,"https://www.google.com/maps?q=17.260431,95.956795",YBS / YRTA Official
2044,3044,ကုန်းကွေ့ (ဂိတ်),Gone Kwae (Gate),တိုက်ကြီး,Taikkyi,ရန်ကုန်-ပြည်လမ်းမကြီး,Yangon-Pyay Main Road,17.214024,95.957713,"https://www.google.com/maps?q=17.214024,95.957713",YBS / YRTA Official
2045,3045,ကျွန်းချောင်း (ဂိတ်),Kyun Chaung (Gate),တိုက်ကြီး,Taikkyi,ရန်ကုန်-ပြည်လမ်းမကြီး,Yangon-Pyay Main Road,17.214759,95.956058,"https://www.google.com/maps?q=17.214759,95.956058",YBS / YRTA Official
2046,3046,တိုက်ကြီးခန်းမ (ဂိတ်),Taik Kyi Khan Ma (Gate),တိုက်ကြီး,Taikkyi,ရန်ကုန်-ပြည်လမ်းမကြီး,Yangon-Pyay Main Road,17.314698,95.975348,"https://www.google.com/maps?q=17.314698,95.975348",YBS / YRTA Official
2047,3047,တိုက်ကြီးဈေး (ဂိတ်),Taik Kyi Zay (Gate),တိုက်ကြီး,Taikkyi,ရန်ကုန်-ပြည်လမ်းမကြီး,Yangon-Pyay Main Road,17.311158,95.954708,"https://www.google.com/maps?q=17.311158,95.954708",YBS / YRTA Official
2048,3048,မြောင်းတကာတာဆုံ (ဂိတ်),Myaung Takar Tar Sone (Gate),တိုက်ကြီး,Taikkyi,ရန်ကုန်-ပြည်လမ်းမကြီး,Yangon-Pyay Main Road,17.176376,95.973799,"https://www.google.com/maps?q=17.176376,95.973799",YBS / YRTA Official
2049,3049,ရွှေမြယာ (ဂိတ်),Shwe Mya Yar (Gate),တိုက်ကြီး,Taikkyi,ရန်ကုန်-ပြည်လမ်းမကြီး,Yangon-Pyay Main Road,17.2508,95.962723,"https://www.google.com/maps?q=17.250800,95.962723",YBS / YRTA Official
2050,3050,အင်းယက်ကြီး (ဂိတ်),Inn Yat Kyee (Gate),တိုက်ကြီး,Taikkyi,ရန်ကုန်-ပြည်လမ်းမကြီး,Yangon-Pyay Main Road,17.254031,95.961728,"https://www.google.com/maps?q=17.254031,95.961728",YBS / YRTA Official
2051,3051,(၁၈) ကွေ့ (ဂိတ်),Sae-shit Kwae (18 Kwae) (Gate),တောင်ဒဂုံ,South Dagon,စည်ပင်လမ်း,Si Pin Road,16.862346,96.226802,"https://www.google.com/maps?q=16.862346,96.226802",YBS / YRTA Official
2052,3052,(၃၂) ဂိတ် (ဂိတ်),Thone-Sae-Hnit Gate (32 Gate) (Gate),တောင်ဒဂုံ,South Dagon,ကျွန်းရွှေဝါလမ်း,Kyun Shwe Wah Road,16.826422,96.260591,"https://www.google.com/maps?q=16.826422,96.260591",YBS / YRTA Official
2053,3053,(၆၂) (ဂိတ်),Chauk-Sae-Hnit (62) (Gate),တောင်ဒဂုံ,South Dagon,ရတနာပုံလမ်း,Yadanarpon Road,16.877623,96.256742,"https://www.google.com/maps?q=16.877623,96.256742",YBS / YRTA Official
2054,3054,ကားကြီးဂိတ် (ဂိတ်),Kar Gyi Gate (Gate),တောင်ဒဂုံ,South Dagon,အမှတ်(၂)လမ်းမ,No. 2 Main Road,16.856682,96.20488,"https://www.google.com/maps?q=16.856682,96.204880",YBS / YRTA Official
2055,3055,ကားလေးဂိတ် (ဂိတ်),Kar Lay Gate (Gate),တောင်ဒဂုံ,South Dagon,လှော်ကားလမ်း,Hlawga Road,16.852077,96.242028,"https://www.google.com/maps?q=16.852077,96.242028",YBS / YRTA Official
2056,3056,ကုန်တိုက် (ဂိတ်),Kone Taik (Gate),တောင်ဒဂုံ,South Dagon,လှော်ကားလမ်း,Hlawga Road,16.838999,96.22821,"https://www.google.com/maps?q=16.838999,96.228210",YBS / YRTA Official
2057,3057,ကုန်ပဒေသာ (ဂိတ်),Kone Padaythar (Gate),တောင်ဒဂုံ,South Dagon,စည်ပင်လမ်း,Si Pin Road,16.842566,96.231815,"https://www.google.com/maps?q=16.842566,96.231815",YBS / YRTA Official
2058,3058,ကျောက်လမ်း (ဂိတ်),Kyauk Lan (Gate),တောင်ဒဂုံ,South Dagon,အမှတ်(၂)လမ်းမ,No. 2 Main Road,16.887886,96.226342,"https://www.google.com/maps?q=16.887886,96.226342",YBS / YRTA Official
2059,3059,ဂျီအီးစီ (ဂိတ်),G.E.C (Gate),တောင်ဒဂုံ,South Dagon,ပြည်ထောင်စုလမ်းမကြီး,Pyi Htaung Su Main Road,16.846181,96.221025,"https://www.google.com/maps?q=16.846181,96.221025",YBS / YRTA Official
2060,3060,စီးပွားရေးတက္ကသိုလ် (ဂိတ်),See Pwar Yay Takke Tho (Gate),တောင်ဒဂုံ,South Dagon,အမှတ်(၂)လမ်းမ,No. 2 Main Road,16.937619,96.265923,"https://www.google.com/maps?q=16.937619,96.265923",YBS / YRTA Official
2061,3061,စက်မှုဇုံ (၂) (ဂိတ်),Set Hmu Zone Hnit (2) (Gate),တောင်ဒဂုံ,South Dagon,ပြည်ထောင်စုလမ်းမကြီး,Pyi Htaung Su Main Road,16.841057,96.235353,"https://www.google.com/maps?q=16.841057,96.235353",YBS / YRTA Official
2062,3062,စက်မှုဇုံဈေး (ဂိတ်),Set Hmu Zone Zay (Gate),တောင်ဒဂုံ,South Dagon,ပြည်ထောင်စုလမ်းမကြီး,Pyi Htaung Su Main Road,16.842728,96.224785,"https://www.google.com/maps?q=16.842728,96.224785",YBS / YRTA Official
2063,3063,စစ်တောင်းလမ်းထိပ် (ဂိတ်),Sittaung Lan Htate (Gate),တောင်ဒဂုံ,South Dagon,ပြည်ထောင်စုလမ်းမကြီး,Pyi Htaung Su Main Road,16.829935,96.242851,"https://www.google.com/maps?q=16.829935,96.242851",YBS / YRTA Official
2064,3064,ဆေးရုံရှေ့ (ဂိတ်),Say Yon Shae (Gate),တောင်ဒဂုံ,South Dagon,အမှတ်(၂)လမ်းမ,No. 2 Main Road,16.897811,96.241685,"https://www.google.com/maps?q=16.897811,96.241685",YBS / YRTA Official
2065,3065,ဆောက်လုပ်ရေး (ဂိတ်),Sauk Lote Yae (Gate),တောင်ဒဂုံ,South Dagon,ပြည်ထောင်စုလမ်းမကြီး,Pyi Htaung Su Main Road,16.834117,96.239309,"https://www.google.com/maps?q=16.834117,96.239309",YBS / YRTA Official
2066,3066,ညောင်ပင် (ဂိတ်),Nyaung Pin (Gate),တောင်ဒဂုံ,South Dagon,အမှတ်(၂)လမ်းမ,No. 2 Main Road,16.908541,96.258321,"https://www.google.com/maps?q=16.908541,96.258321",YBS / YRTA Official
2067,3067,တံတားဖြူ (ဂိတ်),Tadar Phyu (Gate),တောင်ဒဂုံ,South Dagon,အမှတ်(၂)လမ်းမ,No. 2 Main Road,16.850248,96.21244,"https://www.google.com/maps?q=16.850248,96.212440",YBS / YRTA Official
2068,3068,တောင်/မြောက်လမ်းဆုံ (ဂိတ်),Taung Myauk Lan Sone (Gate),တောင်ဒဂုံ,South Dagon,ပြည်ထောင်စုလမ်းမကြီး,Pyi Htaung Su Main Road,16.859273,96.205519,"https://www.google.com/maps?q=16.859273,96.205519",YBS / YRTA Official
2069,3069,တစ်ရာ့လေးဆယ် (ဂိတ်),Tayar-Lay-Sae (140) (Gate),တောင်ဒဂုံ,South Dagon,အမှတ်(၂)လမ်းမ,No. 2 Main Road,16.923732,96.262586,"https://www.google.com/maps?q=16.923732,96.262586",YBS / YRTA Official
2070,3070,ပန်းခြံ (ဂိတ်),Pan Chan (Gate),တောင်ဒဂုံ,South Dagon,ပြည်ထောင်စုလမ်းမကြီး,Pyi Htaung Su Main Road,16.851066,96.218687,"https://www.google.com/maps?q=16.851066,96.218687",YBS / YRTA Official
2071,3071,ဧရာဝတီလမ်းထိပ် (ဂိတ်),Ayeyarwaddy Lan Htate (Gate),တောင်ဒဂုံ,South Dagon,ပြည်ထောင်စုလမ်းမကြီး,Pyi Htaung Su Main Road,16.845815,96.226803,"https://www.google.com/maps?q=16.845815,96.226803",YBS / YRTA Official
2072,3072,(၁၄/၁၅) လမ်းဆုံ (ဂိတ်),(14/15) Lan Sone (Gate),တောင်ဥက္ကလာပ,South Okkalapa,သုမင်္ဂလာလမ်း,Thu Mingalar Road,16.838528,96.190267,"https://www.google.com/maps?q=16.838528,96.190267",YBS / YRTA Official
2073,3073,(၃၁) ဂိတ် (ဂိတ်),Thone-sae-tit Gate (31 Gate) (Gate),တောင်ဥက္ကလာပ,South Okkalapa,သံသုမာလမ်း,Thanthumar Road,16.841507,96.192022,"https://www.google.com/maps?q=16.841507,96.192022",YBS / YRTA Official
2074,3074,၁၃ လမ်း (ဂိတ်),13 Lan (Gate),တောင်ဥက္ကလာပ,South Okkalapa,မေတ္တာလမ်း,Metta Road,16.849534,96.19784,"https://www.google.com/maps?q=16.849534,96.197840",YBS / YRTA Official
2075,3075,ကေတုမာလာကွေ့ (ဂိတ်),Kaytu Marlar Kwae (Gate),တောင်ဥက္ကလာပ,South Okkalapa,ပါရမီလမ်း,Parami Road,16.856346,96.169825,"https://www.google.com/maps?q=16.856346,96.169825",YBS / YRTA Official
2076,3076,ဂန္ဓမာဟိုးဆေး (ဂိတ်),Gandamar Wholesale (Gate),တောင်ဥက္ကလာပ,South Okkalapa,ဝေဇယန္တာလမ်း,Waizayanta Road,16.87378,96.16784,"https://www.google.com/maps?q=16.873780,96.167840",YBS / YRTA Official
2077,3077,စီမံကိန်း (ဂိတ်),Se Man Kane (Gate),တောင်ဥက္ကလာပ,South Okkalapa,သံသုမာလမ်း,Thanthumar Road,16.852681,96.193882,"https://www.google.com/maps?q=16.852681,96.193882",YBS / YRTA Official
2078,3078,တောင်ဥက္ကလာစာတိုက် (ဂိတ်),Taung Okkalar Sar Taik (Gate),တောင်ဥက္ကလာပ,South Okkalapa,သစ္စာလမ်း,Thitsar Road,16.8552,96.189111,"https://www.google.com/maps?q=16.855200,96.189111",YBS / YRTA Official
2079,3079,တောင်ဥက္ကလာပဘုရား (ဂိတ်),Taung Okkalar Paya (Gate),တောင်ဥက္ကလာပ,South Okkalapa,သံသုမာလမ်း,Thanthumar Road,16.851776,96.17795,"https://www.google.com/maps?q=16.851776,96.177950",YBS / YRTA Official
2080,3080,နန္ဒဝန်ဈေး (ဂိတ်),Nandawun Zay (Gate),တောင်ဥက္ကလာပ,South Okkalapa,သုမင်္ဂလာလမ်း,Thu Mingalar Road,16.850035,96.179829,"https://www.google.com/maps?q=16.850035,96.179829",YBS / YRTA Official
2081,3081,ပဒေသာ (ဂိတ်),Padaythar (Gate),တောင်ဥက္ကလာပ,South Okkalapa,သုမင်္ဂလာလမ်း,Thu Mingalar Road,16.84665,96.179227,"https://www.google.com/maps?q=16.846650,96.179227",YBS / YRTA Official
2082,3082,ပါရမီ (ဂိတ်),Parami (Gate),တောင်ဥက္ကလာပ,South Okkalapa,ဝေဇယန္တာလမ်း,Waizayanta Road,16.855395,96.174647,"https://www.google.com/maps?q=16.855395,96.174647",YBS / YRTA Official
2083,3083,ပင်းယ (ဂိတ်),Pinya (Gate),တောင်ဥက္ကလာပ,South Okkalapa,ပါရမီလမ်း,Parami Road,16.863667,96.184859,"https://www.google.com/maps?q=16.863667,96.184859",YBS / YRTA Official
2084,3084,ဗဟိုစျေး (ဂိတ်),Baho Zay (Gate),တောင်ဥက္ကလာပ,South Okkalapa,ဝေဇယန္တာလမ်း,Waizayanta Road,16.843168,96.167695,"https://www.google.com/maps?q=16.843168,96.167695",YBS / YRTA Official
2085,3085,ဘေလီ (ဂိတ်),Bay Li (Gate),တောင်ဥက္ကလာပ,South Okkalapa,ပါရမီလမ်း,Parami Road,16.863381,96.172938,"https://www.google.com/maps?q=16.863381,96.172938",YBS / YRTA Official
2086,3086,မြင်သာဈေး (ဂိတ်),Myin Thar Zay (Gate),တောင်ဥက္ကလာပ,South Okkalapa,သံသုမာလမ်း,Thanthumar Road,16.853667,96.185245,"https://www.google.com/maps?q=16.853667,96.185245",YBS / YRTA Official
2087,3087,ဟံသာဝတီလမ်း (ဂိတ်),Hantharwaddy Road (Gate),တောင်ဥက္ကလာပ,South Okkalapa,ဝေဇယန္တာလမ်း,Waizayanta Road,16.853161,96.174759,"https://www.google.com/maps?q=16.853161,96.174759",YBS / YRTA Official
2088,3088,အင်းဝ (ဂိတ်),Inwa (Gate),တောင်ဥက္ကလာပ,South Okkalapa,သုမင်္ဂလာလမ်း,Thu Mingalar Road,16.85867,96.177584,"https://www.google.com/maps?q=16.858670,96.177584",YBS / YRTA Official
2089,3089,(၁၆) ဂိတ် (ဂိတ်),Sae-Chauk Gate (16 Gate) (Gate),ထောက်ကြန့်,Htaukkyant,ရန်ကုန်-ပြည်လမ်းမကြီး,Yangon-Pyay Main Road,17.110697,96.050276,"https://www.google.com/maps?q=17.110697,96.050276",YBS / YRTA Official
2090,3090,(၂) ဂိတ် (ဂိတ်),Hnit Gate (2 Gate) (Gate),ထောက်ကြန့်,Htaukkyant,ရန်ကုန်-ပြည်လမ်းမကြီး,Yangon-Pyay Main Road,17.057913,96.113376,"https://www.google.com/maps?q=17.057913,96.113376",YBS / YRTA Official
2091,3091,(၈၂) (ဂိတ်),Shit-Sae-Hnit (82) (Gate),ထောက်ကြန့်,Htaukkyant,ရန်ကုန်-ပြည်လမ်းမကြီး,Yangon-Pyay Main Road,17.0546,96.121256,"https://www.google.com/maps?q=17.054600,96.121256",YBS / YRTA Official
2092,3092,(၉) ဂိတ် (ဂိတ်),Nine Gate (9 Gate) (Gate),ထောက်ကြန့်,Htaukkyant,ရန်ကုန်-ပြည်လမ်းမကြီး,Yangon-Pyay Main Road,17.055268,96.117911,"https://www.google.com/maps?q=17.055268,96.117911",YBS / YRTA Official
2093,3093,(၉၁) ဂိတ် (ဂိတ်),Koe-Sae-Tit Gate (91 Gate) (Gate),ထောက်ကြန့်,Htaukkyant,ရန်ကုန်-ပြည်လမ်းမကြီး,Yangon-Pyay Main Road,17.105882,96.091273,"https://www.google.com/maps?q=17.105882,96.091273",YBS / YRTA Official
2094,3094,ရွှေဟင်္သာ ကားဂိတ်,Shwe Hinthar Transport,မရမ်းကုန်း,Mayangone,ပိတောက်လမ်း,ပိတောက်လမ်း,16.860743,96.10568,"https://www.google.com/maps?q=16.860743,96.10568",OpenStreetMap (OSM) Yangon
2095,3095,နဝေဒး,Nawaday,တောင်ဥက္ကလာပ,South Okkalapa,ဝေဇယန္တာလမ်း,Waizayanta Road,16.866894,96.152677,"https://www.google.com/maps?q=16.866894,96.152677",OpenStreetMap (OSM) Yangon
2096,3096,စနေမ,Sanayma,လှိုင်သာယာ,Hlaingtharyar,အမှတ်(၅)လမ်းမ,No. 5 Main Road,16.872414,96.041604,"https://www.google.com/maps?q=16.872414,96.041604",OpenStreetMap (OSM) Yangon
2097,3097,ချောင်းဝ,Chaungwa,ကမာရွတ်,Kamayut,ဗဟိုလမ်း,Baho Road,16.83372,96.116341,"https://www.google.com/maps?q=16.83372,96.116341",OpenStreetMap (OSM) Yangon
2098,3098,ရွာမကွေ့,Ywa Ma Kwae (ရြာမေကြ႕),ကမာရွတ်,Kamayut,ဘုရင့်နောင်လမ်း,Bayint Naung Road,16.833051,96.12094,"https://www.google.com/maps?q=16.833051,96.12094",OpenStreetMap (OSM) Yangon
2099,3099,စည်ပင်,SIPIN,မြောက်ဒဂုံ,North Dagon,Dagon University,Dagon University,16.908289,96.225422,"https://www.google.com/maps?q=16.908289,96.225422",OpenStreetMap (OSM) Yangon
2100,3100,ဇော်ဂျီမှတ်တိုင်,Zaw Gyi Bus Stop,မြောက်ဥက္ကလာပ,North Okkalapa,သုဓမ္မာလမ်း,Thudhamar Road,16.878801,96.171227,"https://www.google.com/maps?q=16.878801,96.171227",OpenStreetMap (OSM) Yangon
2101,3101,ဘုန်းကြီးကျောင်း ကွေ့,Phone Gyi Kyaung Gwayt,မြောက်ဒဂုံ,North Dagon,Dagon University,Dagon University,16.89929,96.210837,"https://www.google.com/maps?q=16.89929,96.210837",OpenStreetMap (OSM) Yangon
2102,3102,မျိုးဆက်သစ်,New Generation,မြောက်ဥက္ကလာပ,North Okkalapa,သုဓမ္မာလမ်း,Thudhamar Road,16.931441,96.156356,"https://www.google.com/maps?q=16.931441,96.156356",OpenStreetMap (OSM) Yangon
2103,3103,ဘုရင့်နောင် လမ်းဆုံ,Dhmma Yone,မရမ်းကုန်း,Mayangone,ပိတောက်လမ်း,ပိတောက်လမ်း,16.861066,96.10816,"https://www.google.com/maps?q=16.861066,96.10816",OpenStreetMap (OSM) Yangon
2104,3104,မော်ကျွန်း,Mor Kyoon,မြောက်ဥက္ကလာပ,North Okkalapa,သုဓမ္မာလမ်း,Thudhamar Road,16.923076,96.176269,"https://www.google.com/maps?q=16.923076,96.176269",OpenStreetMap (OSM) Yangon
2105,3105,ကားကြီးဂိတ်,Car Gyi Gate,မြောက်ဥက္ကလာပ,North Okkalapa,သုဓမ္မာလမ်း,Thudhamar Road,16.921788,96.171896,"https://www.google.com/maps?q=16.921788,96.171896",OpenStreetMap (OSM) Yangon
2106,3106,ခ်စ္ေကာင္း - Chit Kaung,ခ်စ္ေကာင္း - Chit Kaung,ရွှေပြည်သာ,Shwepyitha,အမှတ်(၄)လမ်းမ,No. 4 Main Road,16.950565,96.073913,"https://www.google.com/maps?q=16.950565,96.073913",OpenStreetMap (OSM) Yangon
2107,3107,ခေါင်သုံးလုံး,Khon Thone Lone (777),ရွှေပြည်သာ,Shwepyitha,အမှတ်(၄)လမ်းမ,No. 4 Main Road,16.957053,96.084152,"https://www.google.com/maps?q=16.957053,96.084152",OpenStreetMap (OSM) Yangon
2108,3108,ရွှေယုန်,Shwe Yone,ရွှေပြည်သာ,Shwepyitha,အမှတ်(၄)လမ်းမ,No. 4 Main Road,16.947261,96.073058,"https://www.google.com/maps?q=16.947261,96.073058",OpenStreetMap (OSM) Yangon
2109,3109,ေက်ာင္းလမ္း - Kyaung Lane,ေက်ာင္းလမ္း - Kyaung Lane,ရွှေပြည်သာ,Shwepyitha,အမှတ်(၄)လမ်းမ,No. 4 Main Road,16.94363,96.072827,"https://www.google.com/maps?q=16.94363,96.072827",OpenStreetMap (OSM) Yangon
2110,3110,103 Bus Stop,103 Bus Stop,မြောက်ဥက္ကလာပ,North Okkalapa,သုဓမ္မာလမ်း,Thudhamar Road,16.919446,96.184748,"https://www.google.com/maps?q=16.919446,96.184748",OpenStreetMap (OSM) Yangon
2111,3111,စက်မှု (၁),Industrial 1,ရန်ကင်း,Yankin,Yanshin Street,Yanshin Street,16.826233,96.158186,"https://www.google.com/maps?q=16.826233,96.158186",OpenStreetMap (OSM) Yangon
2112,3112,မင်းစေတီ,Min Zayti,အင်းစိန်,Insein,လှိုင်မြစ်လမ်း,Hlaing River Road,16.890698,96.095799,"https://www.google.com/maps?q=16.890698,96.095799",OpenStreetMap (OSM) Yangon
2113,3113,ရွာမ,YWAMA,အင်းစိန်,Insein,အောက်မင်္ဂလာဒုံလမ်း,Lower Mingalardon Road,16.898235,96.099042,"https://www.google.com/maps?q=16.898235,96.099042",OpenStreetMap (OSM) Yangon
2114,3114,ရွာမ,Ywama,အင်းစိန်,Insein,အောက်မင်္ဂလာဒုံလမ်း,Lower Mingalardon Road,16.898291,96.095521,"https://www.google.com/maps?q=16.898291,96.095521",OpenStreetMap (OSM) Yangon
2115,3115,ရေစင်,Yae Sin,ရွှေပြည်သာ,Shwepyitha,အမှတ်(၄)လမ်းမ,No. 4 Main Road,16.959947,96.092105,"https://www.google.com/maps?q=16.959947,96.092105",OpenStreetMap (OSM) Yangon
2116,3116,ဇေယျာမြိုင်ကြီး,Zayar Myaing Gyi,မြောက်ဥက္ကလာပ,North Okkalapa,သုဓမ္မာလမ်း,Thudhamar Road,16.932436,96.1603,"https://www.google.com/maps?q=16.932436,96.1603",OpenStreetMap (OSM) Yangon
2117,3117,မြတ်မန္တလာထွန်း,myat mandalarhtun,မြောက်ဥက္ကလာပ,North Okkalapa,မကွေးလမ်း,မကွေးလမ်း,16.931294,96.160212,"https://www.google.com/maps?q=16.931294,96.160212",OpenStreetMap (OSM) Yangon
2118,3118,ရွှေကိန္နရီ,Shwe Kainary Transport Service,မရမ်းကုန်း,Mayangone,ပိတောက်လမ်း,ပိတောက်လမ်း,16.861166,96.105635,"https://www.google.com/maps?q=16.861166,96.105635",OpenStreetMap (OSM) Yangon
2119,3119,do myawaddy,do myawaddy,မြောက်ဥက္ကလာပ,North Okkalapa,သုဓမ္မာလမ်း,Thudhamar Road,16.931097,96.156683,"https://www.google.com/maps?q=16.931097,96.156683",OpenStreetMap (OSM) Yangon
2120,3120,နွယ်ခွေ,Nwe Kway,ထောက်ကြန့်,Htaukkyant,အမှတ်(၂)လမ်းမ,No. 2 Main Road,17.022718,96.140097,"https://www.google.com/maps?q=17.022718,96.140097",OpenStreetMap (OSM) Yangon
2121,3121,မီးခွက်စျေးအောက်ဂိတ်,Meekwatzay,လှိုင်သာယာ,Hlaingtharyar,အမှတ်(၅)လမ်းမ,No. 5 Main Road,16.86471,96.05278,"https://www.google.com/maps?q=16.86471,96.05278",OpenStreetMap (OSM) Yangon
2122,3122,၃လမ္းဆံု,၃လမ္းဆံု,လှည်းကူး,Hlegu,အမှတ်(၁)လမ်းမ,No. 1 Main Road,17.0671,96.168019,"https://www.google.com/maps?q=17.0671,96.168019",OpenStreetMap (OSM) Yangon
2123,3123,စည်းစိမ်ရှင်,si seain shin,မြောက်ဥက္ကလာပ,North Okkalapa,မကွေးလမ်း,မကွေးလမ်း,16.931395,96.159761,"https://www.google.com/maps?q=16.931395,96.159761",OpenStreetMap (OSM) Yangon
2124,3124,မန္တလာမင်း,Mandalar Minn Express,မြောက်ဥက္ကလာပ,North Okkalapa,သုဓမ္မာလမ်း,Thudhamar Road,16.930717,96.155742,"https://www.google.com/maps?q=16.930717,96.155742",OpenStreetMap (OSM) Yangon
2125,3125,New Generation,New Generation,မြောက်ဥက္ကလာပ,North Okkalapa,သုဓမ္မာလမ်း,Thudhamar Road,16.932367,96.159565,"https://www.google.com/maps?q=16.932367,96.159565",OpenStreetMap (OSM) Yangon
2126,3126,ႏြယ္ေခြလမ္း,ႏြယ္ေခြလမ္း,ထောက်ကြန့်,Htaukkyant,အမှတ်(၂)လမ်းမ,No. 2 Main Road,17.018187,96.147285,"https://www.google.com/maps?q=17.018187,96.147285",OpenStreetMap (OSM) Yangon
2127,3127,Famous,Famous,မြောက်ဥက္ကလာပ,North Okkalapa,သုဓမ္မာလမ်း,Thudhamar Road,16.931848,96.158808,"https://www.google.com/maps?q=16.931848,96.158808",OpenStreetMap (OSM) Yangon
2128,3128,YBS 43 - To downtown,YBS 43 - To downtown,မြောက်ဥက္ကလာပ,North Okkalapa,သုဓမ္မာလမ်း,Thudhamar Road,16.933692,96.158675,"https://www.google.com/maps?q=16.933692,96.158675",OpenStreetMap (OSM) Yangon
2129,3129,တပ္ထိပ္မွတ္တိုင္,Tat Htake,လှိုင်သာယာ,Hlaingtharyar,အမှတ်(၅)လမ်းမ,No. 5 Main Road,16.854917,96.087841,"https://www.google.com/maps?q=16.854917,96.087841",OpenStreetMap (OSM) Yangon
2130,3130,YBS-57,YBS-57,အလုံ,Ahlone,ကြည့်မြင်တိုင်ကမ်းနားလမ်း,Kyee Myin Daing Kannar Road,16.780181,96.134834,"https://www.google.com/maps?q=16.780181,96.134834",OpenStreetMap (OSM) Yangon
2131,3131,ဈေးကွေ့,Zay Kwey,ရန်ကင်း,Yankin,Yanshin Street,Yanshin Street,16.822768,96.161128,"https://www.google.com/maps?q=16.822768,96.161128",OpenStreetMap (OSM) Yangon
2132,3132,မဝတ မှတ်တိုင်,Ma Wa Ta Bus Stop,မြောက်ဒဂုံ,North Dagon,ပင်လုံလမ်း,Pin Lon Road,16.87673,96.204509,"https://www.google.com/maps?q=16.87673,96.204509",OpenStreetMap (OSM) Yangon
2133,3133,အောင်ရိပ်သာ (၁) လမ်းမှတ်တိုင်,အောင်ရိပ်သာ (၁) လမ်းမှတ်တိုင်,မြောက်ဒဂုံ,North Dagon,ပင်လုံလမ်း,Pin Lon Road,16.865719,96.202655,"https://www.google.com/maps?q=16.865719,96.202655",OpenStreetMap (OSM) Yangon
2134,3134,ဈေးလေးမှတ်တိုင်,ဈေးလေးမှတ်တိုင်,မြောက်ဒဂုံ,North Dagon,ပင်လုံလမ်း,Pin Lon Road,16.862925,96.202895,"https://www.google.com/maps?q=16.862925,96.202895",OpenStreetMap (OSM) Yangon
2135,3135,လပြည့်ဝန်းမှတ်တိုင်,Hla Pyay Won Bus Stop,မြောက်ဒဂုံ,North Dagon,ပင်လုံလမ်း,Pin Lon Road,16.860883,96.203211,"https://www.google.com/maps?q=16.860883,96.203211",OpenStreetMap (OSM) Yangon
2136,3136,ကင်းတဲမှတ်တိုင်,King Tel Bus Stop,တောင်ဒဂုံ,South Dagon,ပြည်ထောင်စုလမ်းမကြီး,Pyi Htaung Su Main Road,16.861369,96.206871,"https://www.google.com/maps?q=16.861369,96.206871",OpenStreetMap (OSM) Yangon
2137,3137,ဗိုလ်ဖိုးစောလမ်းထိပ်မှတ်တိုင်,Bo Pho Saw Intersection Bus Stop,တောင်ဒဂုံ,South Dagon,ပြည်ထောင်စုလမ်းမကြီး,Pyi Htaung Su Main Road,16.861907,96.209083,"https://www.google.com/maps?q=16.861907,96.209083",OpenStreetMap (OSM) Yangon
2138,3138,(၆/၇) ဂိတ်ဟောင်းမှတ်တိုင်,(၆/၇) ဂိတ်ဟောင်းမှတ်တိုင်,သာကေတ,Thaketa,ရှူ့ခင်းသာမြို့ပတ်လမ်း,Shukinthar Myo Pat Road,16.795817,96.213127,"https://www.google.com/maps?q=16.795817,96.213127",OpenStreetMap (OSM) Yangon
2139,3139,ဝေဇယန္တာမှတ်တိုင်,7 old gate,သာကေတ,Thaketa,ရှူ့ခင်းသာမြို့ပတ်လမ်း,Shukinthar Myo Pat Road,16.79638,96.211544,"https://www.google.com/maps?q=16.79638,96.211544",OpenStreetMap (OSM) Yangon
2140,3140,ဈေး မှတ်တိုင်,ဈေး မှတ်တိုင်,တောင်ဒဂုံ,South Dagon,ပြည်ထောင်စုလမ်းမကြီး,Pyi Htaung Su Main Road,16.84736,96.236092,"https://www.google.com/maps?q=16.84736,96.236092",OpenStreetMap (OSM) Yangon
2141,3141,ဖူးကြီး လမ်း မှတ်တိုင်,Phoo Kyi St Bus Stop,တောင်ဒဂုံ,South Dagon,လှော်ကားလမ်း,Hlawga Road,16.844876,96.239223,"https://www.google.com/maps?q=16.844876,96.239223",OpenStreetMap (OSM) Yangon
2142,3142,ညောင်ပင် မှတ်တိုင်,Nyaung Pin Bus Stop,တောင်ဒဂုံ,South Dagon,လှော်ကားလမ်း,Hlawga Road,16.84361,96.240803,"https://www.google.com/maps?q=16.84361,96.240803",OpenStreetMap (OSM) Yangon
2143,3143,တိုင်းရင်းသား ကျေးရွာ မှတ်တိုင်,Tine Yinn Tharr Kyayy Ywar ( National Races Village ) Bus Stop,သာကေတ,Thaketa,National Races Village,National Races Village,16.803128,96.228066,"https://www.google.com/maps?q=16.803128,96.228066",OpenStreetMap (OSM) Yangon
2144,3144,ကျောင်းရှေ့,Kyaung Shae,ကြည့်မြင်တိုင်,Kyimyindaing,အထက်ကြည့်မြင်တိုင်လမ်း,Upper Kyee Myin Daing Road,16.803906,96.123853,"https://www.google.com/maps?q=16.803906,96.123853",OpenStreetMap (OSM) Yangon
2145,3145,၈ သမ,8 Tha Ma,မြောက်ဒဂုံ,North Dagon,ဗိုလ်မှူးဗထူးလမ်း,Bo Hmu Ba Htoo Road,16.89348,96.199533,"https://www.google.com/maps?q=16.89348,96.199533",OpenStreetMap (OSM) Yangon
2146,3146,ကျောင်းလမ်း,Kyaung Lann,မြောက်ဒဂုံ,North Dagon,ဗိုလ်မှူးဗထူးလမ်း,Bo Hmu Ba Htoo Road,16.895477,96.203229,"https://www.google.com/maps?q=16.895477,96.203229",OpenStreetMap (OSM) Yangon
2147,3147,ဂိတ်ေဟောင်း,Gate Haung,မြောက်ဒဂုံ,North Dagon,ဗိုလ်မှူးဗထူးလမ်း,Bo Hmu Ba Htoo Road,16.897357,96.207033,"https://www.google.com/maps?q=16.897357,96.207033",OpenStreetMap (OSM) Yangon
2148,3148,ဈေး ဘူတာ မှတ်တိုင်,Zay Butar,မရမ်းကုန်း,Mayangone,ဘုရင့်နောင်လမ်း,Bayint Naung Road,16.860037,96.11291,"https://www.google.com/maps?q=16.860037,96.11291",OpenStreetMap (OSM) Yangon
2149,3149,ပုဏ္ဏမီ,Ponenami,တောင်ဥက္ကလာပ,South Okkalapa,သစ္စာလမ်း,Thitsar Road,16.843474,96.176551,"https://www.google.com/maps?q=16.843474,96.176551",OpenStreetMap (OSM) Yangon
2150,3150,YBS,YBS,မြောက်ဥက္ကလာပ,North Okkalapa,သုဓမ္မာလမ်း,Thudhamar Road,16.936896,96.190978,"https://www.google.com/maps?q=16.936896,96.190978",OpenStreetMap (OSM) Yangon
2151,3151,နယ်မြေရုံး,Nal Myay Yone,သာကေတ,Thaketa,မြင်တော်သာလမ်း,Myintawthar Road,16.790961,96.201861,"https://www.google.com/maps?q=16.790961,96.201861",OpenStreetMap (OSM) Yangon
2152,3152,မဆလာစက်,Masalar Sat,မင်္ဂလာတောင်ညွန့်,Mingalar Taung Nyunt,ဗညားဒလလမ်း,Banyardala Road,16.790453,96.16985,"https://www.google.com/maps?q=16.790453,96.16985",OpenStreetMap (OSM) Yangon
2153,3153,(၁၆) ကွေ့,16 kway,မြောက်ဥက္ကလာပ,North Okkalapa,သုဓမ္မာလမ်း,Thudhamar Road,16.935885,96.180254,"https://www.google.com/maps?q=16.935885,96.180254",OpenStreetMap (OSM) Yangon
2154,3154,PTT Express (Mawlamyine to Yangon) closed,PTT Express (Mawlamyine to Yangon) closed,အလုံ,Ahlone,ဝါးတန်လမ်း,ဝါးတန်လမ်း,16.775883,96.139481,"https://www.google.com/maps?q=16.775883,96.139481",OpenStreetMap (OSM) Yangon
2155,3155,လင့်ခ် လမ်း,Lint lan,ဒဂုံ,Dagon,အာဇာနည်လမ်း,RZarNi Road,16.806097,96.147419,"https://www.google.com/maps?q=16.806097,96.147419",OpenStreetMap (OSM) Yangon
2156,3156,WYTU,WYTU,လှိုင်သာယာ,Hlaingtharyar,အမှတ်(၅)လမ်းမ,No. 5 Main Road,16.873858,96.023514,"https://www.google.com/maps?q=16.873858,96.023514",OpenStreetMap (OSM) Yangon
2157,3157,59 bus terminal,59 bus terminal,အလုံ,Ahlone,ကြည့်မြင်တိုင်ကမ်းနားလမ်း,Kyee Myin Daing Kannar Road,16.786564,96.133774,"https://www.google.com/maps?q=16.786564,96.133774",OpenStreetMap (OSM) Yangon
2158,3158,ဂျမခါနာ မှတ်တိုင်,Ja Man Ka Na Bus Stop,အလုံ,Ahlone,ကြည့်မြင်တိုင်ကမ်းနားလမ်း,Kyee Myin Daing Kannar Road,16.783112,96.133301,"https://www.google.com/maps?q=16.783112,96.133301",OpenStreetMap (OSM) Yangon
2159,3159,အလုံ စာတိုက် မှတ်တိုင်,Ahlone Sar Tite ( Ahlone Post Office ) Bus Stop,အလုံ,Ahlone,ကြည့်မြင်တိုင်ကမ်းနားလမ်း,Kyee Myin Daing Kannar Road,16.785449,96.131254,"https://www.google.com/maps?q=16.785449,96.131254",OpenStreetMap (OSM) Yangon
2160,3160,ချန်မာဖီမှတ်တိုင်,Chumarphee Bus Stop,အလုံ,Ahlone,ကြည့်မြင်တိုင်ကမ်းနားလမ်း,Kyee Myin Daing Kannar Road,16.787533,96.129557,"https://www.google.com/maps?q=16.787533,96.129557",OpenStreetMap (OSM) Yangon
2161,3161,ဆင်မင်း ဈေး မှတ်တိုင်,Sin Min Zayy ( Sin Min Market ) Bus Stop,အလုံ,Ahlone,ကြည့်မြင်တိုင်ကမ်းနားလမ်း,Kyee Myin Daing Kannar Road,16.790756,96.128019,"https://www.google.com/maps?q=16.790756,96.128019",OpenStreetMap (OSM) Yangon
2162,3162,ဝိုက်တော မှတ်တိုင်,Wite Taw Bus Stop,အလုံ,Ahlone,ကြည့်မြင်တိုင်ကမ်းနားလမ်း,Kyee Myin Daing Kannar Road,16.793824,96.126602,"https://www.google.com/maps?q=16.793824,96.126602",OpenStreetMap (OSM) Yangon
2163,3163,ဟုမ်း လမ်း,Home Lann,အလုံ,Ahlone,ကြည့်မြင်တိုင်ကမ်းနားလမ်း,Kyee Myin Daing Kannar Road,16.796026,96.126074,"https://www.google.com/maps?q=16.796026,96.126074",OpenStreetMap (OSM) Yangon
2164,3164,ရွာမကွေ့မှတ်တိုင်,Ywar Ma Kwae,ကမာရွတ်,Kamayut,ဗဟိုလမ်း,Baho Road,16.834417,96.12205,"https://www.google.com/maps?q=16.834417,96.12205",OpenStreetMap (OSM) Yangon
2165,3165,ဘူတာရုံလမ်းမှတ်တိုင်,BudarYone,ကမာရွတ်,Kamayut,ရန်ကုန်-အင်းစိန်လမ်း,Yangon-Insein Road,16.837224,96.121107,"https://www.google.com/maps?q=16.837224,96.121107",OpenStreetMap (OSM) Yangon
2166,3166,ကမာရွတ်,Kamaryut,လှိုင်,Hlaing,ရန်ကုန်-အင်းစိန်လမ်း,Yangon-Insein Road,16.840033,96.120578,"https://www.google.com/maps?q=16.840033,96.120578",OpenStreetMap (OSM) Yangon
2167,3167,သံလမ်းမှတ်တိုင်,ThanLan,လှိုင်,Hlaing,ဘုရင့်နောင်လမ်း,Bayint Naung Road,16.845249,96.1191,"https://www.google.com/maps?q=16.845249,96.1191",OpenStreetMap (OSM) Yangon
2168,3168,သီရိမြိုင်မှတ်တိုင်,Thiri Myaing,လှိုင်,Hlaing,ရန်ကုန်-အင်းစိန်လမ်း,Yangon-Insein Road,16.850018,96.117803,"https://www.google.com/maps?q=16.850018,96.117803",OpenStreetMap (OSM) Yangon
2169,3169,အုတ်ကျင်းမှတ်တိုင်,Oak Kyin,မရမ်းကုန်း,Mayangone,ဘုရင့်နောင်လမ်း,Bayint Naung Road,16.855299,96.116291,"https://www.google.com/maps?q=16.855299,96.116291",OpenStreetMap (OSM) Yangon
2170,3170,သမိုင်း လမ်းဆုံ,Thamine Lann Sone,မရမ်းကုန်း,Mayangone,ဘုရင့်နောင်လမ်း,Bayint Naung Road,16.860982,96.11495,"https://www.google.com/maps?q=16.860982,96.11495",OpenStreetMap (OSM) Yangon
2171,3171,မြို့သစ်,Myo Thit,အင်းစိန်,Insein,ရန်ကုန်-အင်းစိန်လမ်း,Yangon-Insein Road,16.878064,96.111695,"https://www.google.com/maps?q=16.878064,96.111695",OpenStreetMap (OSM) Yangon
2172,3172,ထောင်ဘူးဝ,Htaung Buu Wa,အင်းစိန်,Insein,လှိုင်မြစ်လမ်း,Hlaing River Road,16.886166,96.100329,"https://www.google.com/maps?q=16.886166,96.100329",OpenStreetMap (OSM) Yangon
2173,3173,အင်းစိန် ကမ်းနား မှတ်တိုင်,Insein Kannarr Bus Stop,အင်းစိန်,Insein,လှိုင်မြစ်လမ်း,Hlaing River Road,16.883524,96.094005,"https://www.google.com/maps?q=16.883524,96.094005",OpenStreetMap (OSM) Yangon
2174,3174,( ၁ ) ထိပ်,Titt Htake,လှိုင်သာယာ,Hlaingtharyar,အမှတ်(၅)လမ်းမ,No. 5 Main Road,16.878229,96.078402,"https://www.google.com/maps?q=16.878229,96.078402",OpenStreetMap (OSM) Yangon
2175,3175,( ၃ ) ထိပ်,Thone Htake,လှိုင်သာယာ,Hlaingtharyar,အမှတ်(၅)လမ်းမ,No. 5 Main Road,16.87772,96.075068,"https://www.google.com/maps?q=16.87772,96.075068",OpenStreetMap (OSM) Yangon
2176,3176,( ၅ ) ထိပ်,5 Hte Bus Stop,လှိုင်သာယာ,Hlaingtharyar,အမှတ်(၅)လမ်းမ,No. 5 Main Road,16.877101,96.071284,"https://www.google.com/maps?q=16.877101,96.071284",OpenStreetMap (OSM) Yangon
2177,3177,ရုံးရှေ့,Yone Shayt,လှိုင်သာယာ,Hlaingtharyar,အမှတ်(၅)လမ်းမ,No. 5 Main Road,16.875773,96.062611,"https://www.google.com/maps?q=16.875773,96.062611",OpenStreetMap (OSM) Yangon
2178,3178,မီးခွက်ဈေး,Mee Khwak Zay,လှိုင်သာယာ,Hlaingtharyar,အမှတ်(၅)လမ်းမ,No. 5 Main Road,16.874092,96.052007,"https://www.google.com/maps?q=16.874092,96.052007",OpenStreetMap (OSM) Yangon
2179,3179,မီးခွက်ဈေး,Mee Khwak Zay,လှိုင်သာယာ,Hlaingtharyar,အမှတ်(၅)လမ်းမ,No. 5 Main Road,16.873731,96.05065,"https://www.google.com/maps?q=16.873731,96.05065",OpenStreetMap (OSM) Yangon
2180,3180,ဘီအိုစီ,BOC,လှိုင်သာယာ,Hlaingtharyar,အမှတ်(၅)လမ်းမ,No. 5 Main Road,16.872649,96.037529,"https://www.google.com/maps?q=16.872649,96.037529",OpenStreetMap (OSM) Yangon
2181,3181,ဆဒုံဒူးဝါး,Sadoneduwar,အရှေ့ဒဂုံ,East Dagon,ကျန်စစ်သားလမ်း,Kyansitthar Road,16.89093,96.222874,"https://www.google.com/maps?q=16.89093,96.222874",OpenStreetMap (OSM) Yangon
2182,3182,ဘုန်းကြီးလမ်း,Phone Gyi Lan,အရှေ့ဒဂုံ,East Dagon,ကျန်စစ်သားလမ်း,Kyansitthar Road,16.892332,96.22071,"https://www.google.com/maps?q=16.892332,96.22071",OpenStreetMap (OSM) Yangon
2183,3183,(၃၆) ဂိတ်ဟောင်း,36 Old Gate,အရှေ့ဒဂုံ,East Dagon,ကျန်စစ်သားလမ်း,Kyansitthar Road,16.892023,96.215652,"https://www.google.com/maps?q=16.892023,96.215652",OpenStreetMap (OSM) Yangon
2184,3184,ဗိုလ်မင်းခေါင်,Bo Min Gaung,အရှေ့ဒဂုံ,East Dagon,ကျန်စစ်သားလမ်း,Kyansitthar Road,16.891047,96.213776,"https://www.google.com/maps?q=16.891047,96.213776",OpenStreetMap (OSM) Yangon
2185,3185,ကျောင်းလမ်းထိပ်,Kyaung Lan Htike,အရှေ့ဒဂုံ,East Dagon,ကျန်စစ်သားလမ်း,Kyansitthar Road,16.889872,96.211467,"https://www.google.com/maps?q=16.889872,96.211467",OpenStreetMap (OSM) Yangon
2186,3186,စွမ်းအင် မှတ်တိုင်,Swann In Bus Stop,မြောက်ဒဂုံ,North Dagon,ပင်လုံလမ်း,Pin Lon Road,16.880804,96.202351,"https://www.google.com/maps?q=16.880804,96.202351",OpenStreetMap (OSM) Yangon
2187,3187,အားကစားကွင်း မှတ်တိုင်,Arr Ka Sarr Kwin Bus Stop,မြောက်ဒဂုံ,North Dagon,ပင်လုံလမ်း,Pin Lon Road,16.87257,96.206329,"https://www.google.com/maps?q=16.87257,96.206329",OpenStreetMap (OSM) Yangon
2188,3188,ကပရ မှတ်တိုင်,Ka Pa Ya Bus Stop,မြောက်ဒဂုံ,North Dagon,ပင်လုံလမ်း,Pin Lon Road,16.869949,96.207548,"https://www.google.com/maps?q=16.869949,96.207548",OpenStreetMap (OSM) Yangon
2189,3189,တံတားထိပ် မှတ်တိုင်,Ta Darr Htake Bus Stop,မြောက်ဒဂုံ,North Dagon,ပင်လုံလမ်း,Pin Lon Road,16.866105,96.208981,"https://www.google.com/maps?q=16.866105,96.208981",OpenStreetMap (OSM) Yangon
2190,3190,မြို့ဦး စေတီ မှတ်တိုင်,Myot Oo Zay Di Bus Stop,တောင်ဒဂုံ,South Dagon,အမှတ်(၂)လမ်းမ,No. 2 Main Road,16.862107,96.212786,"https://www.google.com/maps?q=16.862107,96.212786",OpenStreetMap (OSM) Yangon
2191,3191,တောင် / မြောက် လမ်းဆုံ,Taung/ Myauk Lann Sone,တောင်ဒဂုံ,South Dagon,အမှတ်(၂)လမ်းမ,No. 2 Main Road,16.861567,96.2135,"https://www.google.com/maps?q=16.861567,96.2135",OpenStreetMap (OSM) Yangon
2192,3192,စံပြ ဈေး / ငမိုးရိပ် မှတ်တိုင်,San Pya Zayy,သင်္ဃန်းကျွန်း,Thingangyun,သံသုမာလမ်း,Thanthumar Road,16.841928,96.204346,"https://www.google.com/maps?q=16.841928,96.204346",OpenStreetMap (OSM) Yangon
2193,3193,၁၂သမ,12thama,လှိုင်သာယာ,Hlaingtharyar,အမှတ်(၅)လမ်းမ,No. 5 Main Road,16.882289,96.036246,"https://www.google.com/maps?q=16.882289,96.036246",OpenStreetMap (OSM) Yangon
2194,3194,ပဲခူးလမ်း,Bago lan,လှိုင်သာယာ,Hlaingtharyar,အမှတ်(၅)လမ်းမ,No. 5 Main Road,16.887052,96.038171,"https://www.google.com/maps?q=16.887052,96.038171",OpenStreetMap (OSM) Yangon
2195,3195,မေတ္တာ ရွှေရည် မှတ်တိုင်,Myittar Shwe Yi ( Metta Shwe Yee ) Bus Stop,တောင်ဥက္ကလာပ,South Okkalapa,မေတ္တာလမ်း,Metta Road,16.838739,96.201072,"https://www.google.com/maps?q=16.838739,96.201072",OpenStreetMap (OSM) Yangon
2196,3196,ကျောင်းလမ်း,Kyaung Lan,လှိုင်သာယာ,Hlaingtharyar,အမှတ်(၅)လမ်းမ,No. 5 Main Road,16.890001,96.040147,"https://www.google.com/maps?q=16.890001,96.040147",OpenStreetMap (OSM) Yangon
2197,3197,ဘဝမြင့် မှတ်တိုင်,Bawa Myint Bus Stop,တောင်ဥက္ကလာပ,South Okkalapa,မေတ္တာလမ်း,Metta Road,16.837507,96.19982,"https://www.google.com/maps?q=16.837507,96.19982",OpenStreetMap (OSM) Yangon
2198,3198,ကုလားစု မှတ်တိုင်,Kala Zu Bus Stop,တောင်ဥက္ကလာပ,South Okkalapa,မေတ္တာလမ်း,Metta Road,16.835046,96.197263,"https://www.google.com/maps?q=16.835046,96.197263",OpenStreetMap (OSM) Yangon
2199,3199,ကျောင်းရှေ့,Kyaung Shae,လှိုင်သာယာ,Hlaingtharyar,အမှတ်(၅)လမ်းမ,No. 5 Main Road,16.899699,96.045933,"https://www.google.com/maps?q=16.899699,96.045933",OpenStreetMap (OSM) Yangon
2200,3200,ဂိတ်ဟောင်း,Gate Haung,လှိုင်သာယာ,Hlaingtharyar,အမှတ်(၅)လမ်းမ,No. 5 Main Road,16.897134,96.044762,"https://www.google.com/maps?q=16.897134,96.044762",OpenStreetMap (OSM) Yangon
2201,3201,Yoe Lay,Yoe Lay,လှိုင်သာယာ,Hlaingtharyar,အမှတ်(၅)လမ်းမ,No. 5 Main Road,16.905532,96.048366,"https://www.google.com/maps?q=16.905532,96.048366",OpenStreetMap (OSM) Yangon
2202,3202,ရိုးကြီး,Yoe Gyi,လှိုင်သာယာ,Hlaingtharyar,အမှတ်(၅)လမ်းမ,No. 5 Main Road,16.910525,96.050431,"https://www.google.com/maps?q=16.910525,96.050431",OpenStreetMap (OSM) Yangon
2203,3203,ဘီအိုစီ မှတ်တိုင်,BOC Bus Stop,တောင်ဥက္ကလာပ,South Okkalapa,မေတ္တာလမ်း,Metta Road,16.832935,96.195119,"https://www.google.com/maps?q=16.832935,96.195119",OpenStreetMap (OSM) Yangon
2204,3204,ဘီအိုစီ မှတ်တိုင်,BOC Bus Stop,တောင်ဥက္ကလာပ,South Okkalapa,မေတ္တာလမ်း,Metta Road,16.833696,96.19604,"https://www.google.com/maps?q=16.833696,96.19604",OpenStreetMap (OSM) Yangon
2205,3205,ဘုရား လမ်း,Phayar Lann ( Pagoda Road ),တောင်ဥက္ကလာပ,South Okkalapa,မေတ္တာလမ်း,Metta Road,16.83179,96.193913,"https://www.google.com/maps?q=16.83179,96.193913",OpenStreetMap (OSM) Yangon
2206,3206,ဘုရား လမ်း,Phayar Lann ( Pagoda Road ),တောင်ဥက္ကလာပ,South Okkalapa,မေတ္တာလမ်း,Metta Road,16.830732,96.193152,"https://www.google.com/maps?q=16.830732,96.193152",OpenStreetMap (OSM) Yangon
2207,3207,ခပ်ချီးယား မှတ်တိုင်,Khapcheeyar Bus Stop,သင်္ဃန်းကျွန်း,Thingangyun,လေးထောင့်ကန်လမ်း,Lay Daung Kan Road,16.826233,96.186425,"https://www.google.com/maps?q=16.826233,96.186425",OpenStreetMap (OSM) Yangon
2208,3208,အသင်းတိုက်,A Thinn Tike,သင်္ဃန်းကျွန်း,Thingangyun,ဝေဇယန္တာလမ်း,Waizayanta Road,16.823019,96.183431,"https://www.google.com/maps?q=16.823019,96.183431",OpenStreetMap (OSM) Yangon
2209,3209,သုဝဏ္ဏ လမ်းဆုံ,Thuwunna Lann Sone,သင်္ဃန်းကျွန်း,Thingangyun,သံသုမာလမ်း,Thanthumar Road,16.815707,96.190032,"https://www.google.com/maps?q=16.815707,96.190032",OpenStreetMap (OSM) Yangon
2210,3210,မြေနီကုန်း,Myaynigone,စမ်းချောင်း,Sanchaung,ဗားဂရာလမ်း,Bargayar Road,16.803656,96.138119,"https://www.google.com/maps?q=16.803656,96.138119",OpenStreetMap (OSM) Yangon
2211,3211,ကော်စက် မှတ်တိုင်,Kaw Sett Bus Stop,သင်္ဃန်းကျွန်း,Thingangyun,သံသုမာလမ်း,Thanthumar Road,16.81389,96.188368,"https://www.google.com/maps?q=16.81389,96.188368",OpenStreetMap (OSM) Yangon
2212,3212,ဈေးလေး မှတ်တိုင်,Zayy Layy Bus Stop,တာမွေ,Tamwe,သမိန်ဗရမ်းလမ်း,Thamain Bayan Road,16.810044,96.183598,"https://www.google.com/maps?q=16.810044,96.183598",OpenStreetMap (OSM) Yangon
2213,3213,ဈေးလေး မှတ်တိုင်,Zayy Layy Bus Stop,တာမွေ,Tamwe,သမိန်ဗရမ်းလမ်း,Thamain Bayan Road,16.809083,96.183565,"https://www.google.com/maps?q=16.809083,96.183565",OpenStreetMap (OSM) Yangon
2214,3214,အေဘီစီ မှတ်တိုင်,ABC Bus Stop,တာမွေ,Tamwe,သမိန်ဗရမ်းလမ်း,Thamain Bayan Road,16.79994,96.186782,"https://www.google.com/maps?q=16.79994,96.186782",OpenStreetMap (OSM) Yangon
2215,3215,ရွှေဂုံတိုင် (အရှေ့),Shwe Gone Taing (east),ဗဟန်း,Bahan,Bahan Road,Bahan Road,16.806721,96.15633,"https://www.google.com/maps?q=16.806721,96.15633",OpenStreetMap (OSM) Yangon
2216,3216,ဗန်ဒါ ပင် မှတ်တိုင်,Bandar Pin Bus Stop,ဗဟန်း,Bahan,East Shwe Gon Daing Road,East Shwe Gon Daing Road,16.810096,96.160743,"https://www.google.com/maps?q=16.810096,96.160743",OpenStreetMap (OSM) Yangon
2217,3217,ရုံးလေး မှတ်တိုင်,Yonelay,တာမွေ,Tamwe,သမိန်ဗရမ်းလမ်း,Thamain Bayan Road,16.797218,96.18618,"https://www.google.com/maps?q=16.797218,96.18618",OpenStreetMap (OSM) Yangon
2218,3218,ငါးထပ်ကြီးဘုရား မှတ်တိုင်,Ngarr Htat Gyi Phyarr,ဗဟန်း,Bahan,East Shwe Gon Daing Road,East Shwe Gon Daing Road,16.810704,96.162999,"https://www.google.com/maps?q=16.810704,96.162999",OpenStreetMap (OSM) Yangon
2219,3219,ခြောက်ထပ်ကြီး ဘုရား မှတ်တိုင်,"Chauk Htat Gyi Phay Bus Stop #12,29,59,65,75,",ဗဟန်း,Bahan,East Shwe Gon Daing Road,East Shwe Gon Daing Road,16.811255,96.165924,"https://www.google.com/maps?q=16.811255,96.165924",OpenStreetMap (OSM) Yangon
2220,3220,(၉) လမ်း မှတ်တိုင်,9 Lan,မင်္ဂလာတောင်ညွန့်,Mingalar Taung Nyunt,ဗညားဒလလမ်း,Banyardala Road,16.792377,96.185022,"https://www.google.com/maps?q=16.792377,96.185022",OpenStreetMap (OSM) Yangon
2221,3221,အသင်းတိုက် မှတ်တိုင်,A Thin Tike,မင်္ဂလာတောင်ညွန့်,Mingalar Taung Nyunt,ဗညားဒလလမ်း,Banyardala Road,16.790346,96.183241,"https://www.google.com/maps?q=16.790346,96.183241",OpenStreetMap (OSM) Yangon
2222,3222,ပုဇွန်တောင်စာတိုက်,Pazuntaung Post Office,ပုဇွန်တောင်,Pazundaung,အထက်ပုဇွန်တောင်လမ်း,Upper Pazundaung Road,16.784408,96.174939,"https://www.google.com/maps?q=16.784408,96.174939",OpenStreetMap (OSM) Yangon
2223,3223,တာမွေ အဝိုင်းထိပ် မှတ်တိုင်,A Wine Htake,တာမွေ,Tamwe,အနောက်မြင်းပြိုင်လမ်း,West Horse Race Course Road,16.811501,96.169989,"https://www.google.com/maps?q=16.811501,96.169989",OpenStreetMap (OSM) Yangon
2224,3224,သုံးရာသီ,Thone Yar Thi,မင်္ဂလာဒုံ,Mingaladon,အမှတ်(၁)လမ်းမ,No. 1 Main Road,16.931714,96.141242,"https://www.google.com/maps?q=16.931714,96.141242",OpenStreetMap (OSM) Yangon
2225,3225,တာမွေ ပလာဇာ မှတ်တိုင်,Tamwe Plaza Bus Stop,တာမွေ,Tamwe,သမိန်ဗရမ်းလမ်း,Thamain Bayan Road,16.809542,96.177068,"https://www.google.com/maps?q=16.809542,96.177068",OpenStreetMap (OSM) Yangon
2226,3226,ရေစက်,Yay Sat,သင်္ဃန်းကျွန်း,Thingangyun,သံသုမာလမ်း,Thanthumar Road,16.81626,96.194261,"https://www.google.com/maps?q=16.81626,96.194261",OpenStreetMap (OSM) Yangon
2227,3227,စုပေါင်း,Su Paung,သင်္ဃန်းကျွန်း,Thingangyun,သံသုမာလမ်း,Thanthumar Road,16.818241,96.197901,"https://www.google.com/maps?q=16.818241,96.197901",OpenStreetMap (OSM) Yangon
2228,3228,စုပေါင်း,Su Paung,သင်္ဃန်းကျွန်း,Thingangyun,သံသုမာလမ်း,Thanthumar Road,16.81871,96.198767,"https://www.google.com/maps?q=16.81871,96.198767",OpenStreetMap (OSM) Yangon
2229,3229,ကျောင်း လမ်း,Kyaung Lann,သင်္ဃန်းကျွန်း,Thingangyun,သံသုမာလမ်း,Thanthumar Road,16.819644,96.200577,"https://www.google.com/maps?q=16.819644,96.200577",OpenStreetMap (OSM) Yangon
2230,3230,ပေါ်ဆန်းမွှေး,Paw Sann Hmwayy,သင်္ဃန်းကျွန်း,Thingangyun,သံသုမာလမ်း,Thanthumar Road,16.821264,96.202918,"https://www.google.com/maps?q=16.821264,96.202918",OpenStreetMap (OSM) Yangon
2231,3231,မင်းဒင် လမ်း,Minn Din Lann,သင်္ဃန်းကျွန်း,Thingangyun,သံသုမာလမ်း,Thanthumar Road,16.82209,96.204214,"https://www.google.com/maps?q=16.82209,96.204214",OpenStreetMap (OSM) Yangon
2232,3232,မီးဒုံး လမ်း,Mee Dome Lann,သင်္ဃန်းကျွန်း,Thingangyun,သံသုမာလမ်း,Thanthumar Road,16.823234,96.205481,"https://www.google.com/maps?q=16.823234,96.205481",OpenStreetMap (OSM) Yangon
2233,3233,သုဝဏ္ဏ ဈေး,Thuwunna Zayy,သင်္ဃန်းကျွန်း,Thingangyun,သံသုမာလမ်း,Thanthumar Road,16.824744,96.206503,"https://www.google.com/maps?q=16.824744,96.206503",OpenStreetMap (OSM) Yangon
2234,3234,ဝေဘူလ,Wai Buu La,သင်္ဃန်းကျွန်း,Thingangyun,သံသုမာလမ်း,Thanthumar Road,16.83018,96.208075,"https://www.google.com/maps?q=16.83018,96.208075",OpenStreetMap (OSM) Yangon
2235,3235,ချမ်းအေး,Chan Aye,သင်္ဃန်းကျွန်း,Thingangyun,သံသုမာလမ်း,Thanthumar Road,16.833046,96.208127,"https://www.google.com/maps?q=16.833046,96.208127",OpenStreetMap (OSM) Yangon
2236,3236,စံပြ ဈေးကွေ့ မှတ်တိုင်,San Pya Zayy Gway Bus Stop,သင်္ဃန်းကျွန်း,Thingangyun,သံသုမာလမ်း,Thanthumar Road,16.838413,96.207572,"https://www.google.com/maps?q=16.838413,96.207572",OpenStreetMap (OSM) Yangon
2237,3237,စံပြ ဈေးကွေ့,San Pya Zayy Gway,သင်္ဃန်းကျွန်း,Thingangyun,သံသုမာလမ်း,Thanthumar Road,16.839514,96.20743,"https://www.google.com/maps?q=16.839514,96.20743",OpenStreetMap (OSM) Yangon
2238,3238,အမှတ် (၃) လမ်းဆုံ,No 3 Lann Sone,မြောက်ဥက္ကလာပ,North Okkalapa,သုဓမ္မာလမ်း,Thudhamar Road,16.935725,96.152281,"https://www.google.com/maps?q=16.935725,96.152281",OpenStreetMap (OSM) Yangon
2239,3239,လမ်းဆုံ မှတ်တိုင်,Lann Sone ( Junction ) Bus Stop,တာမွေ,Tamwe,အနောက်မြင်းပြိုင်လမ်း,West Horse Race Course Road,16.819269,96.172287,"https://www.google.com/maps?q=16.819269,96.172287",OpenStreetMap (OSM) Yangon
2240,3240,အဝိုင်းလေးမှတ်တိုင်,Awine Lay,တာမွေ,Tamwe,အရှေ့မြင်းပြိုင်လမ်း,East Horse Race Course Road,16.825246,96.171418,"https://www.google.com/maps?q=16.825246,96.171418",OpenStreetMap (OSM) Yangon
2241,3241,မှတ်တမ်းရုံးမှတ်တိုင်,Mhat Tan Yone,တာမွေ,Tamwe,အရှေ့မြင်းပြိုင်လမ်း,East Horse Race Course Road,16.827557,96.170741,"https://www.google.com/maps?q=16.827557,96.170741",OpenStreetMap (OSM) Yangon
2242,3242,သံလမ်းမှတ်တိုင်,Than lan,တောင်ဥက္ကလာပ,South Okkalapa,ဝေဇယန္တာလမ်း,Waizayanta Road,16.839054,96.169867,"https://www.google.com/maps?q=16.839054,96.169867",OpenStreetMap (OSM) Yangon
2243,3243,ဗိုလ်ချုပ်ကွေ့,Bogyoke Gway,အလုံ,Ahlone,ကြည့်မြင်တိုင်ကမ်းနားလမ်း,Kyee Myin Daing Kannar Road,16.78049,96.135965,"https://www.google.com/maps?q=16.78049,96.135965",OpenStreetMap (OSM) Yangon
2244,3244,ခင်မမကြား,Khin Ma Ma Gyar,ဒေါပုံ,Dawbon,ယမုံနာလမ်း,Yamonar Road,16.783898,96.198536,"https://www.google.com/maps?q=16.783898,96.198536",OpenStreetMap (OSM) Yangon
2245,3245,သံလမ်း မှတ်တိုင်,Than Lann Bus Stop,ရန်ကင်း,Yankin,Moe Kaung Road,Moe Kaung Road,16.833594,96.172947,"https://www.google.com/maps?q=16.833594,96.172947",OpenStreetMap (OSM) Yangon
2246,3246,( ၁၆ ) ကွေ့ မှတ်တိုင်,Sat Chauk Gway Bus Stop,ရန်ကင်း,Yankin,Moe Kaung Road,Moe Kaung Road,16.833764,96.176424,"https://www.google.com/maps?q=16.833764,96.176424",OpenStreetMap (OSM) Yangon
2247,3247,ရတနာ ဈေး မှတ်တိုင်,Yadanar Zayy ( Yadanar Market ) Bus Stop,တောင်ဥက္ကလာပ,South Okkalapa,သုမင်္ဂလာလမ်း,Thu Mingalar Road,16.835918,96.183105,"https://www.google.com/maps?q=16.835918,96.183105",OpenStreetMap (OSM) Yangon
2248,3248,ကုလား ဘုရား မှတ်တိုင်,Kalarr Phayarr Bus Stop,သင်္ဃန်းကျွန်း,Thingangyun,လေးထောင့်ကန်လမ်း,Lay Daung Kan Road,16.834791,96.180452,"https://www.google.com/maps?q=16.834791,96.180452",OpenStreetMap (OSM) Yangon
2249,3249,ဆီဆိုင်,Gas stastion bus stop,ဒေါပုံ,Dawbon,ယမုံနာလမ်း,Yamonar Road,16.786371,96.199746,"https://www.google.com/maps?q=16.786371,96.199746",OpenStreetMap (OSM) Yangon
2250,3250,စာတိုက်,Post Office,သာကေတ,Thaketa,မြင်တော်သာလမ်း,Myintawthar Road,16.788868,96.200993,"https://www.google.com/maps?q=16.788868,96.200993",OpenStreetMap (OSM) Yangon
2251,3251,လမ်း ( ၅၀ ),Lann Ngarr Sal ( 50th Street ),ပုဇွန်တောင်,Pazundaung,ကမ်းနားလမ်း,Strand Road,16.771414,96.171282,"https://www.google.com/maps?q=16.771414,96.171282",OpenStreetMap (OSM) Yangon
2252,3252,ရုပ်ရှင်ရုံ,Yote Shin Yone,သာကေတ,Thaketa,မြင်တော်သာလမ်း,Myintawthar Road,16.792668,96.20285,"https://www.google.com/maps?q=16.792668,96.20285",OpenStreetMap (OSM) Yangon
2253,3253,ဂိတ်ဟောင်း မှတ်တိုင်,Gate Haung Bus Stop,သင်္ဃန်းကျွန်း,Thingangyun,ရတနာလမ်း,Yadanar Road,16.838994,96.192986,"https://www.google.com/maps?q=16.838994,96.192986",OpenStreetMap (OSM) Yangon
2254,3254,အာနန္ဒာ ဘုရား မှတ်တိုင်,Ananda Phayarr ( Ananda Pagoda ) Bus Stop,သင်္ဃန်းကျွန်း,Thingangyun,ရတနာလမ်း,Yadanar Road,16.840444,96.194959,"https://www.google.com/maps?q=16.840444,96.194959",OpenStreetMap (OSM) Yangon
2255,3255,ဘဝမြင့် မှတ်တိုင်,Bawa Myint Bus Stop,သင်္ဃန်းကျွန်း,Thingangyun,ရတနာလမ်း,Yadanar Road,16.842015,96.196581,"https://www.google.com/maps?q=16.842015,96.196581",OpenStreetMap (OSM) Yangon
2256,3256,ဒေဝဒဟ မှတ်တိုင်,Daywa Daha Bus Stop,သင်္ဃန်းကျွန်း,Thingangyun,သံသုမာလမ်း,Thanthumar Road,16.844012,96.198958,"https://www.google.com/maps?q=16.844012,96.198958",OpenStreetMap (OSM) Yangon
2257,3257,လိုင်စင်ရုံး,License Yone,သင်္ဃန်းကျွန်း,Thingangyun,သံသုမာလမ်း,Thanthumar Road,16.845704,96.201024,"https://www.google.com/maps?q=16.845704,96.201024",OpenStreetMap (OSM) Yangon
2258,3258,လမ်း ( ၃၀ ) မှတ်တိုင်,Lann Thone Sal (30th Street) Bus Stop,ကျောက်တံတား,Kyauktada,အနော်ရထာလမ်း,Anawrahta Road,16.771914,96.157047,"https://www.google.com/maps?q=16.771914,96.157047",OpenStreetMap (OSM) Yangon
2259,3259,ကျန်းမာရေးမှတ်တိုင်,Kyan Mar Yay Bus Stop,သာကေတ,Thaketa,မြင်တော်သာလမ်း,Myintawthar Road,16.796241,96.204633,"https://www.google.com/maps?q=16.796241,96.204633",OpenStreetMap (OSM) Yangon
2260,3260,(၇) ဈေးမှတ်တိုင်,7 Zay Bus Stop,သာကေတ,Thaketa,မြင်တော်သာလမ်း,Myintawthar Road,16.798685,96.205784,"https://www.google.com/maps?q=16.798685,96.205784",OpenStreetMap (OSM) Yangon
2261,3261,ကလီ,Kili,အလုံ,Ahlone,ကြည့်မြင်တိုင်ကမ်းနားလမ်း,Kyee Myin Daing Kannar Road,16.775073,96.139433,"https://www.google.com/maps?q=16.775073,96.139433",OpenStreetMap (OSM) Yangon
2262,3262,(၃၁) ဂိတ်/(၁) ဂိတ်,31 GATE,တောင်ဥက္ကလာပ,South Okkalapa,သံသုမာလမ်း,Thanthumar Road,16.849287,96.192907,"https://www.google.com/maps?q=16.849287,96.192907",OpenStreetMap (OSM) Yangon
2263,3263,မိုးစွေ,Moe Swe,တောင်ဥက္ကလာပ,South Okkalapa,သံသုမာလမ်း,Thanthumar Road,16.850041,96.189486,"https://www.google.com/maps?q=16.850041,96.189486",OpenStreetMap (OSM) Yangon
2264,3264,ဘုရားရွေ,Phayar Shay,သာကေတ,Thaketa,မြင်တော်သာလမ်း,Myintawthar Road,16.802097,96.206672,"https://www.google.com/maps?q=16.802097,96.206672",OpenStreetMap (OSM) Yangon
2265,3265,မြေနီ,Myay Ni,သာကေတ,Thaketa,မြင်တော်သာလမ်း,Myintawthar Road,16.803553,96.209871,"https://www.google.com/maps?q=16.803553,96.209871",OpenStreetMap (OSM) Yangon
2266,3266,ကျောင်းကွေ့ / ထူပါရုံ မှတ်တိုင်,Kyaung Gwayt / Htuu Par Yone Bus Stop,သာကေတ,Thaketa,မြင်တော်သာလမ်း,Myintawthar Road,16.80378,96.206558,"https://www.google.com/maps?q=16.80378,96.206558",OpenStreetMap (OSM) Yangon
2267,3267,ကြေးတမာ,Kyae Tamar,တောင်ဥက္ကလာပ,South Okkalapa,သံသုမာလမ်း,Thanthumar Road,16.851118,96.187659,"https://www.google.com/maps?q=16.851118,96.187659",OpenStreetMap (OSM) Yangon
2268,3268,သင်းဝင်မှတ်တိုင်,Thin Winn,မြောက်ဒဂုံ,North Dagon,ပင်လုံလမ်းမကြီး,ပင်လုံလမ်းမကြီး,16.866715,96.184456,"https://www.google.com/maps?q=16.866715,96.184456",OpenStreetMap (OSM) Yangon
2269,3269,ဘေလီ,Bay Li,တောင်ဥက္ကလာပ,South Okkalapa,ပါရမီလမ်း,Parami Road,16.859837,96.178988,"https://www.google.com/maps?q=16.859837,96.178988",OpenStreetMap (OSM) Yangon
2270,3270,( ၈ ) ဂိတ် မှတ်တိုင်,ShiG Gate,သာကေတ,Thaketa,Thalyin Thada Chin Kat Road,Thalyin Thada Chin Kat Road,16.804771,96.213542,"https://www.google.com/maps?q=16.804771,96.213542",OpenStreetMap (OSM) Yangon
2271,3271,နာရီစင်မှတ်တိုင်,Naryisin Bus Stop,မြောက်ဒဂုံ,North Dagon,ပင်လုံလမ်းမကြီး,ပင်လုံလမ်းမကြီး,16.866197,96.182906,"https://www.google.com/maps?q=16.866197,96.182906",OpenStreetMap (OSM) Yangon
2272,3272,သာကေတ အဝိုင်းထိပ်,Thaketa A Wine Htake,သာကေတ,Thaketa,ဧရာဝဏ်လမ်းမကြီး,Ayar Wun Main Road,16.806486,96.216837,"https://www.google.com/maps?q=16.806486,96.216837",OpenStreetMap (OSM) Yangon
2273,3273,( ၁၅ ) လမ်း,Satngarr Lann (15th Street),လမ်းမတော်,Lanmadaw,ဗိုလ်ချုပ်အောင်ဆန်းလမ်း,Bogyoke Aung San Road,16.774697,96.146387,"https://www.google.com/maps?q=16.774697,96.146387",OpenStreetMap (OSM) Yangon
2274,3274,ဆက်သွယ်ရေး မှတ်တိုင်,Sett Thwal Yayy ( Communications ) Bus Stop,မြောက်ဒဂုံ,North Dagon,ပင်လုံလမ်း,Pin Lon Road,16.869586,96.190002,"https://www.google.com/maps?q=16.869586,96.190002",OpenStreetMap (OSM) Yangon
2275,3275,ကျောင်း လမ်း မှတ်တိုင်,Kyaung Lann Bus Stop,မြောက်ဒဂုံ,North Dagon,ပင်လုံလမ်း,Pin Lon Road,16.871525,96.193746,"https://www.google.com/maps?q=16.871525,96.193746",OpenStreetMap (OSM) Yangon
2276,3276,( ၁၀၈ ) တောင် ဘုရား,108 Taung Phayarr,သာကေတ,Thaketa,Thalyin Thada Chin Kat Road,Thalyin Thada Chin Kat Road,16.806502,96.219395,"https://www.google.com/maps?q=16.806502,96.219395",OpenStreetMap (OSM) Yangon
2277,3277,ဆောက်လုပ်ရေး,Saut Lote Yayy,သာကေတ,Thaketa,Thalyin Thada Chin Kat Road,Thalyin Thada Chin Kat Road,16.803092,96.223307,"https://www.google.com/maps?q=16.803092,96.223307",OpenStreetMap (OSM) Yangon
2278,3278,စစ်တောင်းလမ်းမှတ်တိုင်,Sit Taung,မြောက်ဒဂုံ,North Dagon,ပင်လုံလမ်း,Pin Lon Road,16.872907,96.196332,"https://www.google.com/maps?q=16.872907,96.196332",OpenStreetMap (OSM) Yangon
2279,3279,(၄၆) လမ်းမှတ်တိုင်,46 Street Bus Stop,ဗိုလ်တထောင်,Botahtaung,သိမ်ဖြူလမ်း,Thein Phyu Road,16.773941,96.168459,"https://www.google.com/maps?q=16.773941,96.168459",OpenStreetMap (OSM) Yangon
2280,3280,လမ်း ( ၅၀ ),Lann Ngarr Sal ( 50th Street ),ကျောက်တံတား,Kyauktada,ကုန်သည်လမ်း,Merchant Road,16.77382,96.171247,"https://www.google.com/maps?q=16.77382,96.171247",OpenStreetMap (OSM) Yangon
2281,3281,ကုန်ပဒေသာ မှတ်တိုင်,Kone Pa Day Thar Bus Stop,မြောက်ဒဂုံ,North Dagon,ပင်လုံလမ်း,Pin Lon Road,16.884289,96.200644,"https://www.google.com/maps?q=16.884289,96.200644",OpenStreetMap (OSM) Yangon
2282,3282,ဆီဆိုင်,Si Saing,ဆိပ်ကမ်း,Seikkan,ကမ်းနားလမ်း,Strand Road,16.77011,96.172557,"https://www.google.com/maps?q=16.77011,96.172557",OpenStreetMap (OSM) Yangon
2283,3283,လက်မှတ် ဂိတ် မှတ်တိုင်,Lett Hmat Gate Bus Stop,သန်လျင်,Thanlyin,Bogyoke Nay Win Road,Bogyoke Nay Win Road,16.778682,96.2442,"https://www.google.com/maps?q=16.778682,96.2442",OpenStreetMap (OSM) Yangon
2284,3284,မီးပွိုင့် မှတ်တိုင်,Mee Point Bus Stop,သန်လျင်,Thanlyin,Bogyoke Nay Win Road,Bogyoke Nay Win Road,16.778962,96.246586,"https://www.google.com/maps?q=16.778962,96.246586",OpenStreetMap (OSM) Yangon
2285,3285,ဘိုကလေး ဈေး,Bogalay Zayy,ဆိပ်ကမ်း,Seikkan,ကမ်းနားလမ်း,Strand Road,16.769207,96.165773,"https://www.google.com/maps?q=16.769207,96.165773",OpenStreetMap (OSM) Yangon
2286,3286,ရုံးရှေ့ မှတ်တိုင်,Yone Shay Bus Stop,မြောက်ဒဂုံ,North Dagon,ပင်လုံလမ်း,Pin Lon Road,16.887499,96.198786,"https://www.google.com/maps?q=16.887499,96.198786",OpenStreetMap (OSM) Yangon
2287,3287,(၇/၈) လမ်းဆုံ,7/8 Lann Sone,မြောက်ဒဂုံ,North Dagon,ဗိုလ်မှူးဗထူးလမ်း,Bo Hmu Ba Htoo Road,16.892126,96.196272,"https://www.google.com/maps?q=16.892126,96.196272",OpenStreetMap (OSM) Yangon
2288,3288,အောင်တော်မူ မှတ်တိုင်,အောင်တော်မူ မှတ်တိုင်,မြောက်ဥက္ကလာပ,North Okkalapa,သုဓမ္မာလမ်း,Thudhamar Road,16.912312,96.19341,"https://www.google.com/maps?q=16.912312,96.19341",OpenStreetMap (OSM) Yangon
2289,3289,ရွာထိပ် မှတ်တိုင်,ရွာထိပ် မှတ်တိုင်,မြောက်ဥက္ကလာပ,North Okkalapa,သုဓမ္မာလမ်း,Thudhamar Road,16.90836,96.199846,"https://www.google.com/maps?q=16.90836,96.199846",OpenStreetMap (OSM) Yangon
2290,3290,(၆) ထပ် ရုံး,Chauk Htat Yone,ကျောက်တံတား,Kyauktada,အနော်ရထာလမ်း,Anawrahta Road,16.77079,96.1578,"https://www.google.com/maps?q=16.77079,96.1578",OpenStreetMap (OSM) Yangon
2291,3291,ညောင်ပင်လေး ဈေး မှတ်တိုင်,Nyaung Pin Layy Zayy ( Nyaung Pin Layy Market ) Bus Stop,လသာ,Latha,ကမ်းနားလမ်း,Strand Road,16.772182,96.147317,"https://www.google.com/maps?q=16.772182,96.147317",OpenStreetMap (OSM) Yangon
2292,3292,အဝိုင်း ထိပ် မှတ်တိုင်,A WIne Htake,မြောက်ဒဂုံ,North Dagon,Dagon University,Dagon University,16.910341,96.213352,"https://www.google.com/maps?q=16.910341,96.213352",OpenStreetMap (OSM) Yangon
2293,3293,ကျား ဘုရား မှတ်တိုင်,Kyar Pagoda,သန်လျင်,Thanlyin,Bogyoke Nay Win Road,Bogyoke Nay Win Road,16.757769,96.256591,"https://www.google.com/maps?q=16.757769,96.256591",OpenStreetMap (OSM) Yangon
2294,3294,သမ ကောလိပ် မှတ်တိုင်,Tha Ma College ( Cooperatives Colleage ) Bus Stop,သန်လျင်,Thanlyin,Bogyoke Nay Win Road,Bogyoke Nay Win Road,16.755097,96.25815,"https://www.google.com/maps?q=16.755097,96.25815",OpenStreetMap (OSM) Yangon
2295,3295,ဆည်မြောင်း,Sal Myaung,သန်လျင်,Thanlyin,Bogyoke Nay Win Road,Bogyoke Nay Win Road,16.75095,96.261314,"https://www.google.com/maps?q=16.75095,96.261314",OpenStreetMap (OSM) Yangon
2296,3296,အောင်ချမ်းသာ မှတ်တိုင်,Aung Chan Thar Bus Stop,သန်လျင်,Thanlyin,Bogyoke Nay Win Road,Bogyoke Nay Win Road,16.745595,96.265252,"https://www.google.com/maps?q=16.745595,96.265252",OpenStreetMap (OSM) Yangon
2297,3297,(၁၈) ကုန်း,18 Kone Bus Stop,သန်လျင်,Thanlyin,ကျိုက်ခေါက်ဘုရားလမ်း,Kyaik Khauk Pagoda Road,16.739427,96.268619,"https://www.google.com/maps?q=16.739427,96.268619",OpenStreetMap (OSM) Yangon
2298,3298,လမ်း ( ၅၀ ),Lann Ngarr Sal ( 50th Street ),ဗိုလ်တထောင်,Botahtaung,Botahtaung Pagoda Road,Botahtaung Pagoda Road,16.776575,96.170964,"https://www.google.com/maps?q=16.776575,96.170964",OpenStreetMap (OSM) Yangon
2299,3299,ဘုရားကုန်း လမ်းဆုံ မှတ်တိုင်,Phayarr Kone Lann Sone Bus Stop,သန်လျင်,Thanlyin,ကျိုက်ခေါက်ဘုရားလမ်း,Kyaik Khauk Pagoda Road,16.728805,96.274022,"https://www.google.com/maps?q=16.728805,96.274022",OpenStreetMap (OSM) Yangon
2300,3300,ညောင်ပင် မှတ်တိုင်,Nyaung Pin Bus Stop,သန်လျင်,Thanlyin,အမှတ်(၆)လမ်းမ,No. 6 Main Road,16.729933,96.279216,"https://www.google.com/maps?q=16.729933,96.279216",OpenStreetMap (OSM) Yangon
2301,3301,ကွမ်းယာ ဆိုင် မှတ်တိုင်,Kun Yar Saing Bus Stop,သန်လျင်,Thanlyin,အမှတ်(၆)လမ်းမ,No. 6 Main Road,16.731238,96.283182,"https://www.google.com/maps?q=16.731238,96.283182",OpenStreetMap (OSM) Yangon
2302,3302,ရန်ကုန် အရှေ့ပိုင်း တက္ကသိုလ် ( သန်လျင် ) မှတ်တိုင်,Yangon A Shayt Pine Takkatol ( Thanlyin ) ( University of East Yangon ) Bus Stop,သန်လျင်,Thanlyin,အမှတ်(၆)လမ်းမ,No. 6 Main Road,16.732868,96.286813,"https://www.google.com/maps?q=16.732868,96.286813",OpenStreetMap (OSM) Yangon
2303,3303,လသာ လမ်း,Latha Lann,ပန်းဘဲတန်း,Pabedan,အနော်ရထာလမ်း,Anawrahta Road,16.777125,96.1516,"https://www.google.com/maps?q=16.777125,96.1516",OpenStreetMap (OSM) Yangon
2304,3304,(၁၅) လမ်း,Sat Ngarr Lann (15 Street),လမ်းမတော်,Lanmadaw,Phone Gyi Road,Phone Gyi Road,16.777322,96.146434,"https://www.google.com/maps?q=16.777322,96.146434",OpenStreetMap (OSM) Yangon
2305,3305,ကားကြီးဂိတ်,Car Gyi Gate,သန်လျင်,Thanlyin,အမှတ်(၆)လမ်းမ,No. 6 Main Road,16.734703,96.290081,"https://www.google.com/maps?q=16.734703,96.290081",OpenStreetMap (OSM) Yangon
2306,3306,ခြောက်လမ်းသွား,Chout Lan Twar,သန်လျင်,Thanlyin,အမှတ်(၆)လမ်းမ,No. 6 Main Road,16.738249,96.297141,"https://www.google.com/maps?q=16.738249,96.297141",OpenStreetMap (OSM) Yangon
2307,3307,စံပြ ရုပ်ရှင်ရုံ,San Pya Yoke Shin Yone,လမ်းမတော်,Lanmadaw,Phone Gyi Road,Phone Gyi Road,16.777402,96.144245,"https://www.google.com/maps?q=16.777402,96.144245",OpenStreetMap (OSM) Yangon
2308,3308,မဟာမြိုင် လမ်း,Mahar Myaing Street,ကမာရွတ်,Kamayut,ပြည်လမ်း,Pyay Road,16.808158,96.13589,"https://www.google.com/maps?q=16.808158,96.13589",OpenStreetMap (OSM) Yangon
2309,3309,ငုံးခြံ,Ngone Chan,သန်လျင်,Thanlyin,အမှတ်(၆)လမ်းမ,No. 6 Main Road,16.737519,96.295554,"https://www.google.com/maps?q=16.737519,96.295554",OpenStreetMap (OSM) Yangon
2310,3310,မော်တင် ကလီ,Maw Tin Kili,လမ်းမတော်,Lanmadaw,Phone Gyi Road,Phone Gyi Road,16.777531,96.140531,"https://www.google.com/maps?q=16.777531,96.140531",OpenStreetMap (OSM) Yangon
2311,3311,ကြာနီကန်,Kyar Ni Kan,သန်လျင်,Thanlyin,အမှတ်(၆)လမ်းမ,No. 6 Main Road,16.740498,96.301875,"https://www.google.com/maps?q=16.740498,96.301875",OpenStreetMap (OSM) Yangon
2312,3312,စစ်ပင်ကွင်း,Sit Pin Kwin,သန်လျင်,Thanlyin,အမှတ်(၆)လမ်းမ,No. 6 Main Road,16.748438,96.317585,"https://www.google.com/maps?q=16.748438,96.317585",OpenStreetMap (OSM) Yangon
2313,3313,ခြံဝိုင်း,Chan Wine,သန်လျင်,Thanlyin,အမှတ်(၆)လမ်းမ,No. 6 Main Road,16.762675,96.343427,"https://www.google.com/maps?q=16.762675,96.343427",OpenStreetMap (OSM) Yangon
2314,3314,နေလ,Nay La,သန်လျင်,Thanlyin,အမှတ်(၆)လမ်းမ,No. 6 Main Road,16.741388,96.303512,"https://www.google.com/maps?q=16.741388,96.303512",OpenStreetMap (OSM) Yangon
2315,3315,ချောင်း (၁),Chaung 1,သန်လျင်,Thanlyin,အမှတ်(၆)လမ်းမ,No. 6 Main Road,16.745521,96.311779,"https://www.google.com/maps?q=16.745521,96.311779",OpenStreetMap (OSM) Yangon
2316,3316,ညောင်ပင်လေးဈေး,Nyaung Pin Lay Zay,သန်လျင်,Thanlyin,အမှတ်(၆)လမ်းမ,No. 6 Main Road,16.753416,96.327712,"https://www.google.com/maps?q=16.753416,96.327712",OpenStreetMap (OSM) Yangon
2317,3317,မရင်ကွေ့,Ma Yin Kwe,သန်လျင်,Thanlyin,အမှတ်(၆)လမ်းမ,No. 6 Main Road,16.756896,96.334447,"https://www.google.com/maps?q=16.756896,96.334447",OpenStreetMap (OSM) Yangon
2318,3318,သူဌေးကွင်း,Tha Htay Kwin,သန်လျင်,Thanlyin,အမှတ်(၆)လမ်းမ,No. 6 Main Road,16.765265,96.347471,"https://www.google.com/maps?q=16.765265,96.347471",OpenStreetMap (OSM) Yangon
2319,3319,ကရင်ဆိပ်အနောက်ဖျား,Kayin Sate Anout Pyar,သန်လျင်,Thanlyin,အမှတ်(၆)လမ်းမ,No. 6 Main Road,16.763517,96.36246,"https://www.google.com/maps?q=16.763517,96.36246",OpenStreetMap (OSM) Yangon
2320,3320,ကရင်ဆိပ်သမ,Kayin Sate Thama,သန်လျင်,Thanlyin,အမှတ်(၆)လမ်းမ,No. 6 Main Road,16.763095,96.366286,"https://www.google.com/maps?q=16.763095,96.366286",OpenStreetMap (OSM) Yangon
2321,3321,ချင်းမလေးကရင်ဆိပ် (ကရင်ဆိပ်),Chin Malay Kayin Sate,သန်လျင်,Thanlyin,အမှတ်(၆)လမ်းမ,No. 6 Main Road,16.762534,96.370586,"https://www.google.com/maps?q=16.762534,96.370586",OpenStreetMap (OSM) Yangon
2322,3322,ရွှေထန်းပင်,Shwe Htan Pin,သန်လျင်,Thanlyin,အမှတ်(၆)လမ်းမ,No. 6 Main Road,16.760981,96.379199,"https://www.google.com/maps?q=16.760981,96.379199",OpenStreetMap (OSM) Yangon
2323,3323,တံတားဖြူ,Tadarr Phyu,ကမာရွတ်,Kamayut,ပြည်လမ်း,Pyay Road,16.839144,96.134779,"https://www.google.com/maps?q=16.839144,96.134779",OpenStreetMap (OSM) Yangon
2324,3324,တံတားဖြူ,Tadarr Phyu,ကမာရွတ်,Kamayut,ပြည်လမ်း,Pyay Road,16.837025,96.134169,"https://www.google.com/maps?q=16.837025,96.134169",OpenStreetMap (OSM) Yangon
2325,3325,ဆန္ဒတူ,Sanda Tu,သန်လျင်,Thanlyin,အမှတ်(၆)လမ်းမ,No. 6 Main Road,16.75794,96.389314,"https://www.google.com/maps?q=16.75794,96.389314",OpenStreetMap (OSM) Yangon
2326,3326,ပုလဲမော်တော်ဆိပ်,Preal Motor Sate,သန်လျင်,Thanlyin,အမှတ်(၆)လမ်းမ,No. 6 Main Road,16.75572,96.396377,"https://www.google.com/maps?q=16.75572,96.396377",OpenStreetMap (OSM) Yangon
2327,3327,ပုလဲ,Preal,သန်လျင်,Thanlyin,အမှတ်(၆)လမ်းမ,No. 6 Main Road,16.755794,96.398226,"https://www.google.com/maps?q=16.755794,96.398226",OpenStreetMap (OSM) Yangon
2328,3328,သီတာ လမ်း မှတ်တိုင်,Thidar Lann ( Thidar Street ) Bus Stop,တာမွေ,Tamwe,ကျိုက္ကဆံလမ်း,Kyaikkasan Road,16.799405,96.176017,"https://www.google.com/maps?q=16.799405,96.176017",OpenStreetMap (OSM) Yangon
2329,3329,မဟာစည်,Maharsi,မရမ်းကုန်း,Mayangone,ကမ္ဘာအေးဘုရားလမ်း,Kabar Aye Pagoda Road,16.872538,96.139915,"https://www.google.com/maps?q=16.872538,96.139915",OpenStreetMap (OSM) Yangon
2330,3330,သံလမ်း မှတ်တိုင်,Than Lann Bus Stop,သင်္ဃန်းကျွန်း,Thingangyun,Pyithaya Street,Pyithaya Street,16.819812,96.17812,"https://www.google.com/maps?q=16.819812,96.17812",OpenStreetMap (OSM) Yangon
2331,3331,အေဝမ်း,A1,မရမ်းကုန်း,Mayangone,ပြည်လမ်း,Pyay Road,16.875479,96.138383,"https://www.google.com/maps?q=16.875479,96.138383",OpenStreetMap (OSM) Yangon
2332,3332,အေဝမ်း,A1,မရမ်းကုန်း,Mayangone,ပြည်လမ်း,Pyay Road,16.87768,96.137672,"https://www.google.com/maps?q=16.87768,96.137672",OpenStreetMap (OSM) Yangon
2333,3333,( ၉ ) မိုင်,Koe Mile ( 9 Miles ),မရမ်းကုန်း,Mayangone,ပြည်လမ်း,Pyay Road,16.881615,96.134935,"https://www.google.com/maps?q=16.881615,96.134935",OpenStreetMap (OSM) Yangon
2334,3334,( ၉ ) မိုင်ခွဲ,Koe Mile Khwal ( 9.5 Miles ),မရမ်းကုန်း,Mayangone,ပြည်လမ်း,Pyay Road,16.88383,96.13592,"https://www.google.com/maps?q=16.88383,96.13592",OpenStreetMap (OSM) Yangon
2335,3335,( ၉ ) မိုင်ခွဲ,Koe Mile Khwal ( 9.5 Miles ),မရမ်းကုန်း,Mayangone,ပြည်လမ်း,Pyay Road,16.885092,96.135528,"https://www.google.com/maps?q=16.885092,96.135528",OpenStreetMap (OSM) Yangon
2336,3336,(၁၀) မိုင်ကုန်း,10 Mile Kone,မရမ်းကုန်း,Mayangone,ပြည်လမ်း,Pyay Road,16.888708,96.129236,"https://www.google.com/maps?q=16.888708,96.129236",OpenStreetMap (OSM) Yangon
2337,3337,ဇဝန မှတ်တိုင်,Zawana Bus Stop,သင်္ဃန်းကျွန်း,Thingangyun,လေးထောင့်ကန်လမ်း,Lay Daung Kan Road,16.828311,96.1889,"https://www.google.com/maps?q=16.828311,96.1889",OpenStreetMap (OSM) Yangon
2338,3338,အေဝးေျပး,A Way Pyay ( Highway ),အင်းစိန်,Insein,ပြည်လမ်း,Pyay Road,16.888668,96.123027,"https://www.google.com/maps?q=16.888668,96.123027",OpenStreetMap (OSM) Yangon
2339,3339,ထန်းပင်ကုန်း,Htann Pin Gone,မင်္ဂလာဒုံ,Mingaladon,Yangon Airport Road,Yangon Airport Road,16.900313,96.124384,"https://www.google.com/maps?q=16.900313,96.124384",OpenStreetMap (OSM) Yangon
2340,3340,ကုလား ဘုရား,Kalar Phaya,မင်္ဂလာဒုံ,Mingaladon,Yangon Airport Road,Yangon Airport Road,16.905687,96.128984,"https://www.google.com/maps?q=16.905687,96.128984",OpenStreetMap (OSM) Yangon
2341,3341,ပန်းခြံကုန်း,Pann Chan Kone,မင်္ဂလာဒုံ,Mingaladon,Yangon Airport Road,Yangon Airport Road,16.91085,96.132064,"https://www.google.com/maps?q=16.91085,96.132064",OpenStreetMap (OSM) Yangon
2342,3342,သံလမ်း မှတ်တိုင်,Than Lann Bus Stop,တောင်ဒဂုံ,South Dagon,ပြည်ထောင်စုလမ်းမကြီး,Pyi Htaung Su Main Road,16.854755,96.21496,"https://www.google.com/maps?q=16.854755,96.21496",OpenStreetMap (OSM) Yangon
2343,3343,ဘီအိုစီ,BOC,မင်္ဂလာဒုံ,Mingaladon,Yangon Airport Road,Yangon Airport Road,16.915681,96.134741,"https://www.google.com/maps?q=16.915681,96.134741",OpenStreetMap (OSM) Yangon
2344,3344,ဆေးကျောင်း,Tsay Kyaung,မင်္ဂလာဒုံ,Mingaladon,Yangon Airport Road,Yangon Airport Road,16.920024,96.134197,"https://www.google.com/maps?q=16.920024,96.134197",OpenStreetMap (OSM) Yangon
2345,3345,သစ်ဆိုင် ကွေ့,Thit Saing Gwayt,တောင်ဒဂုံ,South Dagon,စည်ပင်လမ်း,Si Pin Road,16.847189,96.223475,"https://www.google.com/maps?q=16.847189,96.223475",OpenStreetMap (OSM) Yangon
2346,3346,ယောက်ကော်,Yauk Kaw,တောင်ဒဂုံ,South Dagon,ပြည်ထောင်စုလမ်းမကြီး,Pyi Htaung Su Main Road,16.848335,96.222192,"https://www.google.com/maps?q=16.848335,96.222192",OpenStreetMap (OSM) Yangon
2347,3347,စာတိုက်,Sar Tike ( Post Office ),မင်္ဂလာဒုံ,Mingaladon,အမှတ်(၁)လမ်းမ,No. 1 Main Road,16.923604,96.133431,"https://www.google.com/maps?q=16.923604,96.133431",OpenStreetMap (OSM) Yangon
2348,3348,ဂိတ်ဟောင်း မှတ်တိုင်,Gate Haung ( Old Gate ) Bus Stop,ထောက်ကြန့်,Htaukkyant,အမှတ်(၂)လမ်းမ,No. 2 Main Road,17.044247,96.126281,"https://www.google.com/maps?q=17.044247,96.126281",OpenStreetMap (OSM) Yangon
2349,3349,ကြာကန် မှတ်တိုင်,Kyar Kan ( Lily Pond ) Bus Stop,တောင်ဒဂုံ,South Dagon,စည်ပင်လမ်း,Si Pin Road,16.843824,96.231334,"https://www.google.com/maps?q=16.843824,96.231334",OpenStreetMap (OSM) Yangon
2350,3350,သစ္စာ မှတ်တိုင်,Thitsar Bus Stop,တောင်ဒဂုံ,South Dagon,လှော်ကားလမ်း,Hlawga Road,16.845723,96.232803,"https://www.google.com/maps?q=16.845723,96.232803",OpenStreetMap (OSM) Yangon
2351,3351,ရန်အောင်,Yan Aung,ဒေါပုံ,Dawbon,ယမုံနာလမ်း,Yamonar Road,16.785647,96.189928,"https://www.google.com/maps?q=16.785647,96.189928",OpenStreetMap (OSM) Yangon
2352,3352,ဝက်စု မှတ်တိုင်,Wak Su Bus Stop,သာကေတ,Thaketa,မြင်တော်သာလမ်း,Myintawthar Road,16.789533,96.191965,"https://www.google.com/maps?q=16.789533,96.191965",OpenStreetMap (OSM) Yangon
2353,3353,သဒ္ဓါရုံ မှတ်တိုင်,Thaddar Yone Bus Stop,သာကေတ,Thaketa,ဧရာဝဏ်လမ်းမကြီး,Ayar Wun Main Road,16.793673,96.193912,"https://www.google.com/maps?q=16.793673,96.193912",OpenStreetMap (OSM) Yangon
2354,3354,လမ်းသစ် မှတ်တိုင်,Lann Thit ( New Street ) Bus Stop,ထောက်ကြန့်,Htaukkyant,အမှတ်(၂)လမ်းမ,No. 2 Main Road,17.037434,96.131438,"https://www.google.com/maps?q=17.037434,96.131438",OpenStreetMap (OSM) Yangon
2355,3355,ဘုန်းကြီးကျောင်း ကွေ့ မှတ်တိုင်,Phone Gyi Kyaung Gwayt Bus Stop,တောင်ဒဂုံ,South Dagon,လှော်ကားလမ်း,Hlawga Road,16.854245,96.240274,"https://www.google.com/maps?q=16.854245,96.240274",OpenStreetMap (OSM) Yangon
2356,3356,(၅၄) သမမှတ်တိုင်,54 Tha Ma,တောင်ဒဂုံ,South Dagon,စည်ပင်လမ်း,Si Pin Road,16.859741,96.245186,"https://www.google.com/maps?q=16.859741,96.245186",OpenStreetMap (OSM) Yangon
2357,3357,ကျောင်းရှေ့ မှတ်တိုင်,Kyaung Shayt ( School Front ) Bus Stop,ထောက်ကြန့်,Htaukkyant,အမှတ်(၂)လမ်းမ,No. 2 Main Road,17.031077,96.131886,"https://www.google.com/maps?q=17.031077,96.131886",OpenStreetMap (OSM) Yangon
2358,3358,(၅၆) မှတ်တိုင်,56,တောင်ဒဂုံ,South Dagon,စည်ပင်လမ်း,Si Pin Road,16.861103,96.246369,"https://www.google.com/maps?q=16.861103,96.246369",OpenStreetMap (OSM) Yangon
2359,3359,ကွမ်းယာဆိုင်မှတ်တိုင်,Betel Shop,တောင်ဒဂုံ,South Dagon,စည်ပင်လမ်း,Si Pin Road,16.86338,96.248412,"https://www.google.com/maps?q=16.86338,96.248412",OpenStreetMap (OSM) Yangon
2360,3360,၁ရပ်ကွက်,1 Ward,ထောက်ကြန့်,Htaukkyant,အမှတ်(၂)လမ်းမ,No. 2 Main Road,17.026421,96.136305,"https://www.google.com/maps?q=17.026421,96.136305",OpenStreetMap (OSM) Yangon
2361,3361,( ၁ ) ဈေး ကွေ့,1st Zay Kway,သာကေတ,Thaketa,ဧရာဝဏ်လမ်းမကြီး,Ayar Wun Main Road,16.796186,96.19521,"https://www.google.com/maps?q=16.796186,96.19521",OpenStreetMap (OSM) Yangon
2362,3362,ကားကြီးဂိတ်မှတ်တိုင်,Kargyi Gate,တောင်ဒဂုံ,South Dagon,စည်ပင်လမ်း,Si Pin Road,16.867156,96.251754,"https://www.google.com/maps?q=16.867156,96.251754",OpenStreetMap (OSM) Yangon
2363,3363,၄ ရပ်ကွက်,Ward 4,ထောက်ကြန့်,Htaukkyant,အမှတ်(၂)လမ်းမ,No. 2 Main Road,17.024299,96.138606,"https://www.google.com/maps?q=17.024299,96.138606",OpenStreetMap (OSM) Yangon
2364,3364,နိုင်ငံရေး မှတ်တိုင်,Naing Gan Yayy Bus Stop,မင်္ဂလာဒုံ,Mingaladon,အမှတ်(၁)လမ်းမ,No. 1 Main Road,16.938676,96.1295,"https://www.google.com/maps?q=16.938676,96.1295",OpenStreetMap (OSM) Yangon
2365,3365,(၇၀/၇၁) ဈေး,(70/71) Zay,တောင်ဒဂုံ,South Dagon,စည်ပင်လမ်း,Si Pin Road,16.870655,96.254732,"https://www.google.com/maps?q=16.870655,96.254732",OpenStreetMap (OSM) Yangon
2366,3366,ဝါးဆိုင်,Bamboo shop,ထောက်ကြန့်,Htaukkyant,အမှတ်(၂)လမ်းမ,No. 2 Main Road,17.019919,96.142895,"https://www.google.com/maps?q=17.019919,96.142895",OpenStreetMap (OSM) Yangon
2367,3367,ဝိုင်ယာလက် မှတ်တိုင်,Wire Lett ( Violet ) Bus Stop,မင်္ဂလာဒုံ,Mingaladon,အမှတ်(၁)လမ်းမ,No. 1 Main Road,16.960726,96.127098,"https://www.google.com/maps?q=16.960726,96.127098",OpenStreetMap (OSM) Yangon
2368,3368,ဝိုင်ယာလက် မှတ်တိုင်,Wire Lett ( Violet ) Bus Stop,မင်္ဂလာဒုံ,Mingaladon,အမှတ်(၁)လမ်းမ,No. 1 Main Road,16.961801,96.126763,"https://www.google.com/maps?q=16.961801,96.126763",OpenStreetMap (OSM) Yangon
2369,3369,ဝါးဆိုင် ကွေ့ မှတ်တိုင်,Warr Saing Gwayt Bus Stop,တောင်ဒဂုံ,South Dagon,ရတနာပုံလမ်း,Yadanarpon Road,16.874508,96.250081,"https://www.google.com/maps?q=16.874508,96.250081",OpenStreetMap (OSM) Yangon
2370,3370,ကျိုက္ကလဲ့ / ဆပ်ပလိုင်း မှတ်တိုင်,Kyike Ka Lei / Supply Bus Stop,မင်္ဂလာဒုံ,Mingaladon,အမှတ်(၁)လမ်းမ,No. 1 Main Road,16.944827,96.128114,"https://www.google.com/maps?q=16.944827,96.128114",OpenStreetMap (OSM) Yangon
2371,3371,ဆိုက်သစ်,Site Thit,ထောက်ကြန့်,Htaukkyant,အမှတ်(၂)လမ်းမ,No. 2 Main Road,17.015096,96.145346,"https://www.google.com/maps?q=17.015096,96.145346",OpenStreetMap (OSM) Yangon
2372,3372,အကြော်တဲ မှတ်တိုင်,A Kyaw Tal Bus Stop,တောင်ဒဂုံ,South Dagon,ရတနာပုံလမ်း,Yadanarpon Road,16.877368,96.247227,"https://www.google.com/maps?q=16.877368,96.247227",OpenStreetMap (OSM) Yangon
2373,3373,ရေစက်,Yay Sat,ထောက်ကြန့်,Htaukkyant,အမှတ်(၂)လမ်းမ,No. 2 Main Road,17.006345,96.144761,"https://www.google.com/maps?q=17.006345,96.144761",OpenStreetMap (OSM) Yangon
2374,3374,ကျိုက္ကလို့ မှတ်တိုင်,Kyike Ka Lolt Bus Stop,မင်္ဂလာဒုံ,Mingaladon,အမှတ်(၁)လမ်းမ,No. 1 Main Road,16.952032,96.127045,"https://www.google.com/maps?q=16.952032,96.127045",OpenStreetMap (OSM) Yangon
2375,3375,တပ်ရင်း (၉),Tat Yin 9,ထောက်ကြန့်,Htaukkyant,အမှတ်(၂)လမ်းမ,No. 2 Main Road,17.003518,96.144447,"https://www.google.com/maps?q=17.003518,96.144447",OpenStreetMap (OSM) Yangon
2376,3376,တပ်ရင်း (၉),Tat Yin 9,ထောက်ကြန့်,Htaukkyant,အမှတ်(၂)လမ်းမ,No. 2 Main Road,17.002533,96.144304,"https://www.google.com/maps?q=17.002533,96.144304",OpenStreetMap (OSM) Yangon
2377,3377,ရေကြည်ဆိုင် မှတ်တိုင်,Yay Kyi Saing Bus Stop,မင်္ဂလာဒုံ,Mingaladon,အမှတ်(၁)လမ်းမ,No. 1 Main Road,16.965838,96.127314,"https://www.google.com/maps?q=16.965838,96.127314",OpenStreetMap (OSM) Yangon
2378,3378,ကုန်းတလပေါင်,Kone Tala Paung,ထောက်ကြန့်,Htaukkyant,အမှတ်(၂)လမ်းမ,No. 2 Main Road,17.000724,96.144604,"https://www.google.com/maps?q=17.000724,96.144604",OpenStreetMap (OSM) Yangon
2379,3379,လန်ဒန်စက်ရုံ,Londan Factory,ထောက်ကြန့်,Htaukkyant,အမှတ်(၂)လမ်းမ,No. 2 Main Road,16.996975,96.144548,"https://www.google.com/maps?q=16.996975,96.144548",OpenStreetMap (OSM) Yangon
2380,3380,အနော်မာ,Anaw Mar,သာကေတ,Thaketa,ဧရာဝဏ်လမ်းမကြီး,Ayar Wun Main Road,16.795249,96.198166,"https://www.google.com/maps?q=16.795249,96.198166",OpenStreetMap (OSM) Yangon
2381,3381,တပ်ဖွဲ့ မှတ်တိုင်,Tat Phwat Bus Stop,သာကေတ,Thaketa,ဧရာဝဏ်လမ်းမကြီး,Ayar Wun Main Road,16.799606,96.196767,"https://www.google.com/maps?q=16.799606,96.196767",OpenStreetMap (OSM) Yangon
2382,3382,မြေနီ လမ်း မှတ်တိုင်,Myay Ni Lann ( Myay Ni Street ) Bus Stop,သာကေတ,Thaketa,ဧရာဝဏ်လမ်းမကြီး,Ayar Wun Main Road,16.802483,96.196566,"https://www.google.com/maps?q=16.802483,96.196566",OpenStreetMap (OSM) Yangon
2383,3383,ကျောက်တိုင်,Kyauk Taing,သာကေတ,Thaketa,ဧရာဝဏ်လမ်းမကြီး,Ayar Wun Main Road,16.804595,96.195053,"https://www.google.com/maps?q=16.804595,96.195053",OpenStreetMap (OSM) Yangon
2384,3384,ဆိုင်းဘုတ်,Sign Board,ထောက်ကြန့်,Htaukkyant,အမှတ်(၂)လမ်းမ,No. 2 Main Road,16.994633,96.143934,"https://www.google.com/maps?q=16.994633,96.143934",OpenStreetMap (OSM) Yangon
2385,3385,( ၁ ) နံပါတ် မှတ်တိုင်,Titt Nam Bat ( No. 1 ) Bus Stop,မင်္ဂလာဒုံ,Mingaladon,အမှတ်(၁)လမ်းမ,No. 1 Main Road,16.974902,96.124055,"https://www.google.com/maps?q=16.974902,96.124055",OpenStreetMap (OSM) Yangon
2386,3386,ဆင်မင်း မှတ်တိုင်,Sin Minn Bus Stop,မင်္ဂလာဒုံ,Mingaladon,အမှတ်(၁)လမ်းမ,No. 1 Main Road,16.970059,96.12659,"https://www.google.com/maps?q=16.970059,96.12659",OpenStreetMap (OSM) Yangon
2387,3387,နီလာ,Nilar,ထောက်ကြန့်,Htaukkyant,အမှတ်(၂)လမ်းမ,No. 2 Main Road,16.992778,96.143976,"https://www.google.com/maps?q=16.992778,96.143976",OpenStreetMap (OSM) Yangon
2388,3388,ဘိုခြံ မှတ်တိုင်,Bo Chan Bus Stop,မင်္ဂလာဒုံ,Mingaladon,အမှတ်(၁)လမ်းမ,No. 1 Main Road,16.980228,96.126471,"https://www.google.com/maps?q=16.980228,96.126471",OpenStreetMap (OSM) Yangon
2389,3389,ဘိုခြံ မှတ်တိုင်,Shan su Bus Stop,မင်္ဂလာဒုံ,Mingaladon,အမှတ်(၁)လမ်းမ,No. 1 Main Road,16.987965,96.12719,"https://www.google.com/maps?q=16.987965,96.12719",OpenStreetMap (OSM) Yangon
2390,3390,မှိုရုံ,Mho Yone,ထောက်ကြန့်,Htaukkyant,အမှတ်(၂)လမ်းမ,No. 2 Main Road,16.989013,96.144592,"https://www.google.com/maps?q=16.989013,96.144592",OpenStreetMap (OSM) Yangon
2391,3391,သုံးသုံးလုံး,Thone Thone Lone,မင်္ဂလာဒုံ,Mingaladon,အမှတ်(၃)လမ်းမ,No. 3 Main Road,16.98389,96.146415,"https://www.google.com/maps?q=16.98389,96.146415",OpenStreetMap (OSM) Yangon
2392,3392,ဘုရားလေး မှတ်တိုင်,Phayarr Layy ( Small Pagoda ) Bus Stop,မင်္ဂလာဒုံ,Mingaladon,အမှတ်(၁)လမ်းမ,No. 1 Main Road,16.997035,96.13046,"https://www.google.com/maps?q=16.997035,96.13046",OpenStreetMap (OSM) Yangon
2393,3393,ခြံပေါက် မှတ်တိုင်,Chan Pauk Bus Stop,မင်္ဂလာဒုံ,Mingaladon,အမှတ်(၁)လမ်းမ,No. 1 Main Road,17.007902,96.127486,"https://www.google.com/maps?q=17.007902,96.127486",OpenStreetMap (OSM) Yangon
2394,3394,ရေစင် မှတ်တိုင်,Yay Sin Bus Stop,မင်္ဂလာဒုံ,Mingaladon,အမှတ်(၁)လမ်းမ,No. 1 Main Road,17.010233,96.127569,"https://www.google.com/maps?q=17.010233,96.127569",OpenStreetMap (OSM) Yangon
2395,3395,(၁၂) လမ်း,12th St,မင်္ဂလာဒုံ,Mingaladon,အမှတ်(၃)လမ်းမ,No. 3 Main Road,16.964981,96.147934,"https://www.google.com/maps?q=16.964981,96.147934",OpenStreetMap (OSM) Yangon
2396,3396,မွေးမြူရေး မှတ်တိုင်,Mway Myuu Yayy Bus Stop,မင်္ဂလာဒုံ,Mingaladon,အမှတ်(၁)လမ်းမ,No. 1 Main Road,17.013829,96.127361,"https://www.google.com/maps?q=17.013829,96.127361",OpenStreetMap (OSM) Yangon
2397,3397,ဆေးဂဲလ် မှတ်တိုင်,Sayy Gal ( Sales Girl ) Bus Stop,မင်္ဂလာဒုံ,Mingaladon,အမှတ်(၁)လမ်းမ,No. 1 Main Road,17.016458,96.128574,"https://www.google.com/maps?q=17.016458,96.128574",OpenStreetMap (OSM) Yangon
2398,3398,သင်္ဃန်းကျွန်း,Thingangyun,မင်္ဂလာဒုံ,Mingaladon,အမှတ်(၃)လမ်းမ,No. 3 Main Road,16.962536,96.148034,"https://www.google.com/maps?q=16.962536,96.148034",OpenStreetMap (OSM) Yangon
2399,3399,ဒေဝူး မှတ်တိုင်,Daewoo Bus Stop,မင်္ဂလာဒုံ,Mingaladon,အမှတ်(၁)လမ်းမ,No. 1 Main Road,17.01862,96.131872,"https://www.google.com/maps?q=17.01862,96.131872",OpenStreetMap (OSM) Yangon
2400,3400,ညောင်ပင်,Nyaung pin,မင်္ဂလာဒုံ,Mingaladon,အမှတ်(၃)လမ်းမ,No. 3 Main Road,16.95707,96.148896,"https://www.google.com/maps?q=16.95707,96.148896",OpenStreetMap (OSM) Yangon
2401,3401,အိုးအိမ်,Oe Eain,မင်္ဂလာဒုံ,Mingaladon,အမှတ်(၃)လမ်းမ,No. 3 Main Road,16.9534,96.149765,"https://www.google.com/maps?q=16.9534,96.149765",OpenStreetMap (OSM) Yangon
2402,3402,စီပီလိုက် မှတ်တိုင်,CP Live ( C.P Livestock ) Bus Stop,မင်္ဂလာဒုံ,Mingaladon,အမှတ်(၁)လမ်းမ,No. 1 Main Road,17.02061,96.133616,"https://www.google.com/maps?q=17.02061,96.133616",OpenStreetMap (OSM) Yangon
2403,3403,နွယ်ခွေ မှတ်တိုင်,Nwal Khway Bus Stop,မင်္ဂလာဒုံ,Mingaladon,အမှတ်(၁)လမ်းမ,No. 1 Main Road,17.022258,96.134618,"https://www.google.com/maps?q=17.022258,96.134618",OpenStreetMap (OSM) Yangon
2404,3404,တရားရုံး,Tayar Yone,မင်္ဂလာဒုံ,Mingaladon,အမှတ်(၃)လမ်းမ,No. 3 Main Road,16.948088,96.150559,"https://www.google.com/maps?q=16.948088,96.150559",OpenStreetMap (OSM) Yangon
2405,3405,အလယ်ပေါက်,Alwal Pauk,မြောက်ဥက္ကလာပ,North Okkalapa,သုဓမ္မာလမ်း,Thudhamar Road,16.940883,96.151889,"https://www.google.com/maps?q=16.940883,96.151889",OpenStreetMap (OSM) Yangon
2406,3406,သိန်းသန်းကုဋေ,Thein Than Ka Hthay Car Gate,မြောက်ဥက္ကလာပ,North Okkalapa,မြင်းခြံလမ်း,မြင်းခြံလမ်း,16.932007,96.159992,"https://www.google.com/maps?q=16.932007,96.159992",OpenStreetMap (OSM) Yangon
2407,3407,တောင်ပြာတန်း,Taung Pyar Tan Car Gate,မြောက်ဥက္ကလာပ,North Okkalapa,မြင်းခြံလမ်း,မြင်းခြံလမ်း,16.932032,96.16058,"https://www.google.com/maps?q=16.932032,96.16058",OpenStreetMap (OSM) Yangon
2408,3408,ထူပါရုံ,Htuu Par Yone,သာကေတ,Thaketa,မြင်တော်သာလမ်း,Myintawthar Road,16.793762,96.201366,"https://www.google.com/maps?q=16.793762,96.201366",OpenStreetMap (OSM) Yangon
2409,3409,( ၅ ) ကွေ့,Ngarr Gwayt,သာကေတ,Thaketa,မြင်တော်သာလမ်း,Myintawthar Road,16.79168,96.206527,"https://www.google.com/maps?q=16.79168,96.206527",OpenStreetMap (OSM) Yangon
2410,3410,( ၅ ) ကွေ့,Ngarr Gwayt,သာကေတ,Thaketa,မြင်တော်သာလမ်း,Myintawthar Road,16.791738,96.205572,"https://www.google.com/maps?q=16.791738,96.205572",OpenStreetMap (OSM) Yangon
2411,3411,ဝေဇယန္တာ,Wai Za Yan Tar,သာကေတ,Thaketa,မြင်တော်သာလမ်း,Myintawthar Road,16.791677,96.207634,"https://www.google.com/maps?q=16.791677,96.207634",OpenStreetMap (OSM) Yangon
2412,3412,သိမ်ဖြူစာတိုက်,Thein Phyu Sar Tike,ကျောက်တံတား,Kyauktada,ဗိုလ်ချုပ်အောင်ဆန်းလမ်း,Bogyoke Aung San Road,16.787446,96.167602,"https://www.google.com/maps?q=16.787446,96.167602",OpenStreetMap (OSM) Yangon
2413,3413,အမှတ် (၃) လမ်းဆုံ,No 3 Lann Sone,မြောက်ဥက္ကလာပ,North Okkalapa,သုဓမ္မာလမ်း,Thudhamar Road,16.936735,96.152954,"https://www.google.com/maps?q=16.936735,96.152954",OpenStreetMap (OSM) Yangon
2414,3414,ထော်လီကွေ့,Htawligwae,အလုံ,Ahlone,ကြည့်မြင်တိုင်ကမ်းနားလမ်း,Kyee Myin Daing Kannar Road,16.781361,96.130249,"https://www.google.com/maps?q=16.781361,96.130249",OpenStreetMap (OSM) Yangon
2415,3415,သစ်တော လမ်း မှတ်တိုင်,Thit Taw Lann ( Thit Taw Street ) Bus Stop,အလုံ,Ahlone,ကြည့်မြင်တိုင်ကမ်းနားလမ်း,Kyee Myin Daing Kannar Road,16.782286,96.127898,"https://www.google.com/maps?q=16.782286,96.127898",OpenStreetMap (OSM) Yangon
2416,3416,ဓမ္မာရုံ မှတ်တိုင်,Dhamma Yone Bus Stop,မြောက်ဥက္ကလာပ,North Okkalapa,သုဓမ္မာလမ်း,Thudhamar Road,16.924199,96.157864,"https://www.google.com/maps?q=16.924199,96.157864",OpenStreetMap (OSM) Yangon
2417,3417,ကွင်းကျောင်း မှတ်တိုင်,Kwinkyaung,ကြည့်မြင်တိုင်,Kyimyindaing,ကြည့်မြင်တိုင်ကမ်းနားလမ်း,Kyee Myin Daing Kannar Road,16.791496,96.123184,"https://www.google.com/maps?q=16.791496,96.123184",OpenStreetMap (OSM) Yangon
2418,3418,ဧရာ,Ayar,မြောက်ဥက္ကလာပ,North Okkalapa,သုဓမ္မာလမ်း,Thudhamar Road,16.917305,96.163687,"https://www.google.com/maps?q=16.917305,96.163687",OpenStreetMap (OSM) Yangon
2419,3419,ဟုမ်း လမ်း (ကမ်းနားလမ်း),Home street (Kannar street),စမ်းချောင်း,Sanchaung,ဗားဂရာလမ်း,Bargayar Road,16.797952,96.122291,"https://www.google.com/maps?q=16.797952,96.122291",OpenStreetMap (OSM) Yangon
2420,3420,ကန်သာယာ မှတ်တိုင်,Kan Thar Yar Bus Stop,မြောက်ဥက္ကလာပ,North Okkalapa,သုဓမ္မာလမ်း,Thudhamar Road,16.913278,96.165385,"https://www.google.com/maps?q=16.913278,96.165385",OpenStreetMap (OSM) Yangon
2421,3421,ဥဇ္ဇနာ မှတ်တိုင်,Oak Za Nar Bus Stop,မြောက်ဥက္ကလာပ,North Okkalapa,သုဓမ္မာလမ်း,Thudhamar Road,16.910972,96.165861,"https://www.google.com/maps?q=16.910972,96.165861",OpenStreetMap (OSM) Yangon
2422,3422,သဲကွင်း,Thaekwin,ကြည့်မြင်တိုင်,Kyimyindaing,အထက်ကြည့်မြင်တိုင်လမ်း,Upper Kyee Myin Daing Road,16.801503,96.122172,"https://www.google.com/maps?q=16.801503,96.122172",OpenStreetMap (OSM) Yangon
2423,3423,ဣန္ဒာ မှတ်တိုင်,Eaindar Bus Stop,မြောက်ဥက္ကလာပ,North Okkalapa,သုဓမ္မာလမ်း,Thudhamar Road,16.90722,96.166107,"https://www.google.com/maps?q=16.90722,96.166107",OpenStreetMap (OSM) Yangon
2424,3424,သုနန္ဒာ လမ်းဆုံ မှတ်တိုင်,Thu Nandar Lann Sone,မြောက်ဥက္ကလာပ,North Okkalapa,သုဓမ္မာလမ်း,Thudhamar Road,16.904344,96.165739,"https://www.google.com/maps?q=16.904344,96.165739",OpenStreetMap (OSM) Yangon
2425,3425,ညဈေး,Nya Zay,စမ်းချောင်း,Sanchaung,ဗားဂရာလမ်း,Bargayar Road,16.809362,96.121972,"https://www.google.com/maps?q=16.809362,96.121972",OpenStreetMap (OSM) Yangon
2426,3426,ဝဇီရာ မှတ်တိုင်,Wa Zi Yar Bus Stop,မြောက်ဥက္ကလာပ,North Okkalapa,သုဓမ္မာလမ်း,Thudhamar Road,16.901334,96.164098,"https://www.google.com/maps?q=16.901334,96.164098",OpenStreetMap (OSM) Yangon
2427,3427,နတ်စင်လမ်း,Natsin Street,ကြည့်မြင်တိုင်,Kyimyindaing,ကြည့်မြင်တိုင်ကမ်းနားလမ်း,Kyee Myin Daing Kannar Road,16.814588,96.121962,"https://www.google.com/maps?q=16.814588,96.121962",OpenStreetMap (OSM) Yangon
2428,3428,သန္တာ မှတ်တိုင်,Thandar Bus Stop,မြောက်ဥက္ကလာပ,North Okkalapa,သုဓမ္မာလမ်း,Thudhamar Road,16.899058,96.162171,"https://www.google.com/maps?q=16.899058,96.162171",OpenStreetMap (OSM) Yangon
2429,3429,မြောက်ဥက္ကလာ အဝိုင်း မှတ်တိုင်,North Okkalapa Awine,မြောက်ဥက္ကလာပ,North Okkalapa,သုဓမ္မာလမ်း,Thudhamar Road,16.891988,96.15393,"https://www.google.com/maps?q=16.891988,96.15393",OpenStreetMap (OSM) Yangon
2430,3430,ရွာမကွေ့,Ywama,ကမာရွတ်,Kamayut,ဘုရင့်နောင်လမ်း,Bayint Naung Road,16.833397,96.119505,"https://www.google.com/maps?q=16.833397,96.119505",OpenStreetMap (OSM) Yangon
2431,3431,ထန်းခြောက်ပင်,Htan Chauk Pin,ရွှေပြည်သာ,Shwepyitha,အမှတ်(၄)လမ်းမ,No. 4 Main Road,16.956755,96.076535,"https://www.google.com/maps?q=16.956755,96.076535",OpenStreetMap (OSM) Yangon
2432,3432,ကားလေးဂိတ်,Kar Lay Gate,ရွှေပြည်သာ,Shwepyitha,အမှတ်(၄)လမ်းမ,No. 4 Main Road,16.956357,96.080863,"https://www.google.com/maps?q=16.956357,96.080863",OpenStreetMap (OSM) Yangon
2433,3433,ကျောက်ရေတွင်း,Kyauk Yay Twinn,မြောက်ဥက္ကလာပ,North Okkalapa,သုဓမ္မာလမ်း,Thudhamar Road,16.889529,96.153723,"https://www.google.com/maps?q=16.889529,96.153723",OpenStreetMap (OSM) Yangon
2434,3434,ေက်ာက္ေရတြင္း Kyauk Yay Twinn,ေက်ာက္ေရတြင္း Kyauk Yay Twinn,မြောက်ဥက္ကလာပ,North Okkalapa,သုဓမ္မာလမ်း,Thudhamar Road,16.887931,96.154312,"https://www.google.com/maps?q=16.887931,96.154312",OpenStreetMap (OSM) Yangon
2435,3435,ဘူတာရုံလမ်း,BudarYone Road,လှိုင်,Hlaing,ဘုရင့်နောင်လမ်း,Bayint Naung Road,16.83766,96.113231,"https://www.google.com/maps?q=16.83766,96.113231",OpenStreetMap (OSM) Yangon
2436,3436,ဘုန်းကြီး လမ်း မှတ်တိုင်,Phone Gyi Lann ( Phone Gyi Street ) Bus Stop,မြောက်ဥက္ကလာပ,North Okkalapa,သုဓမ္မာလမ်း,Thudhamar Road,16.882213,96.155171,"https://www.google.com/maps?q=16.882213,96.155171",OpenStreetMap (OSM) Yangon
2437,3437,အိုဝမ်း,O-ONE,လှိုင်,Hlaing,ဘုရင့်နောင်လမ်း,Bayint Naung Road,16.840775,96.112873,"https://www.google.com/maps?q=16.840775,96.112873",OpenStreetMap (OSM) Yangon
2438,3438,အ​ဆောင် ( ၂ ),A Saung Hnitt Bus Stop,အင်းစိန်,Insein,အောက်မင်္ဂလာဒုံလမ်း,Lower Mingalardon Road,16.911956,96.097222,"https://www.google.com/maps?q=16.911956,96.097222",OpenStreetMap (OSM) Yangon
2439,3439,( ၁ )ဂိတ်မှတ်တိုင်,Titt Gate ( No. 1 Gate ) Bus Stop,အင်းစိန်,Insein,အောက်မင်္ဂလာဒုံလမ်း,Lower Mingalardon Road,16.915515,96.097199,"https://www.google.com/maps?q=16.915515,96.097199",OpenStreetMap (OSM) Yangon
2440,3440,( ၂ ) စျေးမှတ်တိုင်,No. 2 Zay Bus Stop,မြောက်ဥက္ကလာပ,North Okkalapa,သုဓမ္မာလမ်း,Thudhamar Road,16.879014,96.155847,"https://www.google.com/maps?q=16.879014,96.155847",OpenStreetMap (OSM) Yangon
2441,3441,ကျောင်းဂိတ် မှတ်တိုင်,Kyaung Gate ( School Gate ) Bus Stop,အင်းစိန်,Insein,အောက်မင်္ဂလာဒုံလမ်း,Lower Mingalardon Road,16.917991,96.097291,"https://www.google.com/maps?q=16.917991,96.097291",OpenStreetMap (OSM) Yangon
2442,3442,( ၅ ) လမ်း,Ngarr Lann ( 5th Street,မြောက်ဥက္ကလာပ,North Okkalapa,သုဓမ္မာလမ်း,Thudhamar Road,16.874316,96.15672,"https://www.google.com/maps?q=16.874316,96.15672",OpenStreetMap (OSM) Yangon
2443,3443,စစ်ကြောရေး/ လျှော်ရွေး,Sit Kyawe Yay,မရမ်းကုန်း,Mayangone,ဘုရင့်နောင်လမ်း,Bayint Naung Road,16.84814,96.111237,"https://www.google.com/maps?q=16.84814,96.111237",OpenStreetMap (OSM) Yangon
2444,3444,ရွာသစ် မှတ်တိုင်,Ywar Thit Bus Stop,အင်းစိန်,Insein,အောက်မင်္ဂလာဒုံလမ်း,Lower Mingalardon Road,16.925533,96.098454,"https://www.google.com/maps?q=16.925533,96.098454",OpenStreetMap (OSM) Yangon
2445,3445,ဘုရင့်နောင် လမ်းဆုံ,Bayint Naung Lann Sone,မရမ်းကုန်း,Mayangone,ပိတောက်လမ်း,ပိတောက်လမ်း,16.859344,96.107984,"https://www.google.com/maps?q=16.859344,96.107984",OpenStreetMap (OSM) Yangon
2446,3446,လမ်းဝ/နဝဒေး,Lann wa/Nawaddy,တောင်ဥက္ကလာပ,South Okkalapa,ဝေဇယန္တာလမ်း,Waizayanta Road,16.867207,96.154611,"https://www.google.com/maps?q=16.867207,96.154611",OpenStreetMap (OSM) Yangon
2447,3447,ဘိုခြံ မှတ်တိုင်,Bo Chan Bus Stop,အင်းစိန်,Insein,အောက်မင်္ဂလာဒုံလမ်း,Lower Mingalardon Road,16.93009,96.100945,"https://www.google.com/maps?q=16.93009,96.100945",OpenStreetMap (OSM) Yangon
2448,3448,တညင်းကုန်း ဘူတာ ဈေး မှတ်တိုင်,Da Nyin Kone Butar Zayy,အင်းစိန်,Insein,အောက်မင်္ဂလာဒုံလမ်း,Lower Mingalardon Road,16.933789,96.093168,"https://www.google.com/maps?q=16.933789,96.093168",OpenStreetMap (OSM) Yangon
2449,3449,တညင်းကုန်း ဘူတာ ဈေး မှတ်တိုင်,ဒညင္းကုန္းမွတ္တိုင္ Da Nyin Kone Butar Zayy,အင်းစိန်,Insein,အောက်မင်္ဂလာဒုံလမ်း,Lower Mingalardon Road,16.933672,96.094368,"https://www.google.com/maps?q=16.933672,96.094368",OpenStreetMap (OSM) Yangon
2450,3450,ကမ္ဘာအေး ဘုရား,Kabar Aye Phayar,မရမ်းကုန်း,Mayangone,ကမ္ဘာအေးဘုရားလမ်း,Kabar Aye Pagoda Road,16.858247,96.156116,"https://www.google.com/maps?q=16.858247,96.156116",OpenStreetMap (OSM) Yangon
2451,3451,ကမ္ဘာအေး စာတိုက်,Sar Tike,မရမ်းကုန်း,Mayangone,ကမ္ဘာအေးဘုရားလမ်း,Kabar Aye Pagoda Road,16.861619,96.155296,"https://www.google.com/maps?q=16.861619,96.155296",OpenStreetMap (OSM) Yangon
2452,3452,ကမ္ဘာအေး စာတိုက်,Sar Tike,မရမ်းကုန်း,Mayangone,ကမ္ဘာအေးဘုရားလမ်း,Kabar Aye Pagoda Road,16.862682,96.155329,"https://www.google.com/maps?q=16.862682,96.155329",OpenStreetMap (OSM) Yangon
2453,3453,တပ်ထိပ်,Tat Htake,လှိုင်သာယာ,Hlaingtharyar,အမှတ်(၅)လမ်းမ,No. 5 Main Road,16.854972,96.086796,"https://www.google.com/maps?q=16.854972,96.086796",OpenStreetMap (OSM) Yangon
2454,3454,( ၁၄ ) လမ်းဆုံ မှတ်တိုင်,Satt Layy Lann Sone ( 14th Street Junction ) Bus Stop,အင်းစိန်,Insein,အောက်မင်္ဂလာဒုံလမ်း,Lower Mingalardon Road,16.933399,96.088481,"https://www.google.com/maps?q=16.933399,96.088481",OpenStreetMap (OSM) Yangon
2455,3455,ချော်တွင်းကုန်း,Chaw Twinn Gone,မရမ်းကုန်း,Mayangone,ကမ္ဘာအေးဘုရားလမ်း,Kabar Aye Pagoda Road,16.850735,96.157759,"https://www.google.com/maps?q=16.850735,96.157759",OpenStreetMap (OSM) Yangon
2456,3456,စက်မှုဇုံ,Industrial Zone,လှိုင်သာယာ,Hlaingtharyar,အမှတ်(၅)လမ်းမ,No. 5 Main Road,16.85665,96.082207,"https://www.google.com/maps?q=16.85665,96.082207",OpenStreetMap (OSM) Yangon
2457,3457,အင်းစိန်ဆေးရုံကြီး,Insein Hospital,အင်းစိန်,Insein,မင်းကြီးလမ်း,Min Gyi Road,16.892379,96.103642,"https://www.google.com/maps?q=16.892379,96.103642",OpenStreetMap (OSM) Yangon
2458,3458,( ၁၀၆ ) မှတ်တိုင်,Ta Yart Chauk ( 106 ) Bus Stop,ရန်ကင်း,Yankin,Kanbe Road,Kanbe Road,16.843129,96.156671,"https://www.google.com/maps?q=16.843129,96.156671",OpenStreetMap (OSM) Yangon
2459,3459,မညက,Ma Nya Ka,အင်းစိန်,Insein,မင်းကြီးလမ်း,Min Gyi Road,16.896795,96.104966,"https://www.google.com/maps?q=16.896795,96.104966",OpenStreetMap (OSM) Yangon
2460,3460,ရိပ်သာ မှတ်တိုင်,Yeik Thar Bus Stop,ရန်ကင်း,Yankin,Yankin Road,Yankin Road,16.838054,96.155775,"https://www.google.com/maps?q=16.838054,96.155775",OpenStreetMap (OSM) Yangon
2461,3461,အဆင့်မြင့်,A Sint Myint,လှိုင်သာယာ,Hlaingtharyar,အမှတ်(၅)လမ်းမ,No. 5 Main Road,16.859971,96.07324,"https://www.google.com/maps?q=16.859971,96.07324",OpenStreetMap (OSM) Yangon
2462,3462,အဆင့်မြင့်,A Sint Myint,လှိုင်သာယာ,Hlaingtharyar,အမှတ်(၅)လမ်းမ,No. 5 Main Road,16.859924,96.072645,"https://www.google.com/maps?q=16.859924,96.072645",OpenStreetMap (OSM) Yangon
2463,3463,ဟိုက်ပက်,Hyde Park,အင်းစိန်,Insein,မင်းကြီးလမ်း,Min Gyi Road,16.899031,96.105654,"https://www.google.com/maps?q=16.899031,96.105654",OpenStreetMap (OSM) Yangon
2464,3464,ဘိုကုန်း,Bo Gome,အင်းစိန်,Insein,မင်းကြီးလမ်း,Min Gyi Road,16.900893,96.106443,"https://www.google.com/maps?q=16.900893,96.106443",OpenStreetMap (OSM) Yangon
2465,3465,ဘုရားလမ်း,Pha Yay Lan,လှိုင်သာယာ,Hlaingtharyar,အမှတ်(၅)လမ်းမ,No. 5 Main Road,16.862307,96.064667,"https://www.google.com/maps?q=16.862307,96.064667",OpenStreetMap (OSM) Yangon
2466,3466,ဟာမစ်တစ် မှတ်တိုင်,Hermitage Bus Stop,ဗဟန်း,Bahan,ကမ္ဘာအေးဘုရားလမ်း,Kabar Aye Pagoda Road,16.813085,96.155985,"https://www.google.com/maps?q=16.813085,96.155985",OpenStreetMap (OSM) Yangon
2467,3467,ဟာမစ်တစ် မှတ်တိုင်,Hermitage Bus Stop,ဗဟန်း,Bahan,ကမ္ဘာအေးဘုရားလမ်း,Kabar Aye Pagoda Road,16.814845,96.155836,"https://www.google.com/maps?q=16.814845,96.155836",OpenStreetMap (OSM) Yangon
2468,3468,ဆောက်လုပ် ရေး,Sout Lote Yay,လှိုင်သာယာ,Hlaingtharyar,အမှတ်(၅)လမ်းမ,No. 5 Main Road,16.864191,96.055276,"https://www.google.com/maps?q=16.864191,96.055276",OpenStreetMap (OSM) Yangon
2469,3469,ရေခဲဆိုင် မှတ်တိုင်,Yay Khal Saing Bus Stop,ဒဂုံ,Dagon,အာဇာနည်လမ်း,RZarNi Road,16.801599,96.157915,"https://www.google.com/maps?q=16.801599,96.157915",OpenStreetMap (OSM) Yangon
2470,3470,သရက်တော,Tha Yet Taw,အင်းစိန်,Insein,မင်းကြီးလမ်း,Min Gyi Road,16.902298,96.102872,"https://www.google.com/maps?q=16.902298,96.102872",OpenStreetMap (OSM) Yangon
2471,3471,ဗဟန်း ( ၃ ) လမ်း မှတ်တိုင်,"Bahan Thone Lann stand for #8,12,28,29,36,46,61,87,",ဗဟန်း,Bahan,Bahan Road,Bahan Road,16.79808,96.1571,"https://www.google.com/maps?q=16.79808,96.1571",OpenStreetMap (OSM) Yangon
2472,3472,တိုးချဲ့,Toe Chae,လှိုင်သာယာ,Hlaingtharyar,အမှတ်(၅)လမ်းမ,No. 5 Main Road,16.868232,96.04423,"https://www.google.com/maps?q=16.868232,96.04423",OpenStreetMap (OSM) Yangon
2473,3473,ဂျပန် လမ်း,Japan Lann,အင်းစိန်,Insein,အောက်မင်္ဂလာဒုံလမ်း,Lower Mingalardon Road,16.905068,96.097699,"https://www.google.com/maps?q=16.905068,96.097699",OpenStreetMap (OSM) Yangon
2474,3474,ယောက် လမ်း / ဖဆပလ မှတ်တိုင်,York Lann ( York Street ) / Pha Sa Pa La Bus Stop,ပန်းဘဲတန်း,Pabedan,ဗိုလ်ချုပ်အောင်ဆန်းလမ်း,Bogyoke Aung San Road,16.785508,96.159488,"https://www.google.com/maps?q=16.785508,96.159488",OpenStreetMap (OSM) Yangon
2475,3475,ဖော့ကန် ဈေး မှတ်တိုင်,Phalt Kan Zayy ( Phalt Kan Market ) Bus Stop,အင်းစိန်,Insein,အောက်မင်္ဂလာဒုံလမ်း,Lower Mingalardon Road,16.907711,96.097549,"https://www.google.com/maps?q=16.907711,96.097549",OpenStreetMap (OSM) Yangon
2476,3476,ယောက် လမ်း,York Lann,ဒဂုံ,Dagon,Shwedagon Pagoda Road,Shwedagon Pagoda Road,16.782703,96.158952,"https://www.google.com/maps?q=16.782703,96.158952",OpenStreetMap (OSM) Yangon
2477,3477,အင်းစိန် ပန်းခြံ,Insein Pann Chan,အင်းစိန်,Insein,မင်းကြီးလမ်း,Min Gyi Road,16.88868,96.10794,"https://www.google.com/maps?q=16.88868,96.10794",OpenStreetMap (OSM) Yangon
2478,3478,ဘီအိုစီ,BOC,အင်းစိန်,Insein,ရန်ကုန်-အင်းစိန်လမ်း,Yangon-Insein Road,16.884522,96.110103,"https://www.google.com/maps?q=16.884522,96.110103",OpenStreetMap (OSM) Yangon
2479,3479,ခဝဲခြံ,Kha Wal Chan,မရမ်းကုန်း,Mayangone,ရန်ကုန်-အင်းစိန်လမ်း,Yangon-Insein Road,16.869297,96.119573,"https://www.google.com/maps?q=16.869297,96.119573",OpenStreetMap (OSM) Yangon
2480,3480,ဂိတ်ဟောင်း မှတ်တိုင်,Gate Haung Bus Stop,မြောက်ဥက္ကလာပ,North Okkalapa,သုဓမ္မာလမ်း,Thudhamar Road,16.902391,96.199935,"https://www.google.com/maps?q=16.902391,96.199935",OpenStreetMap (OSM) Yangon
2481,3481,ဈေးလေး မှတ်တိုင်,Zayy Layy Bus Stop,မြောက်ဥက္ကလာပ,North Okkalapa,သုဓမ္မာလမ်း,Thudhamar Road,16.901426,96.198024,"https://www.google.com/maps?q=16.901426,96.198024",OpenStreetMap (OSM) Yangon
2482,3482,စိန်ပန်း မှတ်တိုင်,Sein Pann Bus Stop,မြောက်ဥက္ကလာပ,North Okkalapa,သုဓမ္မာလမ်း,Thudhamar Road,16.900648,96.196493,"https://www.google.com/maps?q=16.900648,96.196493",OpenStreetMap (OSM) Yangon
2483,3483,ကုလားကျောင်း,Kalarr Kyaung,မရမ်းကုန်း,Mayangone,ရန်ကုန်-အင်းစိန်လမ်း,Yangon-Insein Road,16.864769,96.12113,"https://www.google.com/maps?q=16.864769,96.12113",OpenStreetMap (OSM) Yangon
2484,3484,( ၄၆ ) လမ်းဆုံ,(46) Lann Sone,မြောက်ဥက္ကလာပ,North Okkalapa,သုဓမ္မာလမ်း,Thudhamar Road,16.898674,96.192862,"https://www.google.com/maps?q=16.898674,96.192862",OpenStreetMap (OSM) Yangon
2485,3485,ကြား မှတ်တိုင်,Gyarr Bus Stop,မြောက်ဒဂုံ,North Dagon,ဗိုလ်မှူးဗထူးလမ်း,Bo Hmu Ba Htoo Road,16.896867,96.189326,"https://www.google.com/maps?q=16.896867,96.189326",OpenStreetMap (OSM) Yangon
2486,3486,ဗညားဒလ မှတ်တိုင်,Ba Nyarr Dala Bus Stop,မြောက်ဒဂုံ,North Dagon,ဗိုလ်မှူးဗထူးလမ်း,Bo Hmu Ba Htoo Road,16.894803,96.185094,"https://www.google.com/maps?q=16.894803,96.185094",OpenStreetMap (OSM) Yangon
2487,3487,ကျောင်းလေး ရှေ့ မှတ်တိုင်,Kyaung Layy Shayt Bus Stop,မြောက်ဒဂုံ,North Dagon,ဗိုလ်မှူးဗထူးလမ်း,Bo Hmu Ba Htoo Road,16.893622,96.183061,"https://www.google.com/maps?q=16.893622,96.183061",OpenStreetMap (OSM) Yangon
2488,3488,ကျန်းမာရေး မှတ်တိုင်,Kyann Mar Yayy Bus Stop,မြောက်ဒဂုံ,North Dagon,ဗိုလ်မှူးဗထူးလမ်း,Bo Hmu Ba Htoo Road,16.891487,96.17865,"https://www.google.com/maps?q=16.891487,96.17865",OpenStreetMap (OSM) Yangon
2489,3489,ကျောင်းကွေ့ မှတ်တိုင်,Kyaung Gwayt Bus Stop,မြောက်ဒဂုံ,North Dagon,ဗိုလ်မှူးဗထူးလမ်း,Bo Hmu Ba Htoo Road,16.889351,96.17469,"https://www.google.com/maps?q=16.889351,96.17469",OpenStreetMap (OSM) Yangon
2490,3490,ခေမာ မှတ်တိုင်,Khay Mar Bus Stop,မြောက်ဥက္ကလာပ,North Okkalapa,သုဓမ္မာလမ်း,Thudhamar Road,16.885992,96.167861,"https://www.google.com/maps?q=16.885992,96.167861",OpenStreetMap (OSM) Yangon
2491,3491,ဖြိုးစံပယ် မှတ်တိုင်,Phyo Sabal Bus Stop,မြောက်ဥက္ကလာပ,North Okkalapa,သုဓမ္မာလမ်း,Thudhamar Road,16.887627,96.171076,"https://www.google.com/maps?q=16.887627,96.171076",OpenStreetMap (OSM) Yangon
2492,3492,ဂန္ဓာရုံ မှတ်တိုင်,Gandar Yone Bus Stop,မြောက်ဥက္ကလာပ,North Okkalapa,သုဓမ္မာလမ်း,Thudhamar Road,16.88656,96.164037,"https://www.google.com/maps?q=16.88656,96.164037",OpenStreetMap (OSM) Yangon
2493,3493,ဂိတ်ဟောင်း မှတ်တိုင်,Gate Haung Bus Stop,မြောက်ဥက္ကလာပ,North Okkalapa,သုဓမ္မာလမ်း,Thudhamar Road,16.893797,96.157711,"https://www.google.com/maps?q=16.893797,96.157711",OpenStreetMap (OSM) Yangon
2494,3494,ဘုရားလမ်း,Phayarr Lann Bus Stop,မရမ်းကုန်း,Mayangone,ရန်ကုန်-အင်းစိန်လမ်း,Yangon-Insein Road,16.858466,96.123314,"https://www.google.com/maps?q=16.858466,96.123314",OpenStreetMap (OSM) Yangon
2495,3495,သံလမ်း,Than Lann Bus Stop,လှိုင်,Hlaing,ပြည်လမ်း,Pyay Road,16.846072,96.125474,"https://www.google.com/maps?q=16.846072,96.125474",OpenStreetMap (OSM) Yangon
2496,3496,သံလမ်း,Than Lann Bus Stop,လှိုင်,Hlaing,ပြည်လမ်း,Pyay Road,16.84517,96.125921,"https://www.google.com/maps?q=16.84517,96.125921",OpenStreetMap (OSM) Yangon
2497,3497,ဘူတာရုံလမ်း,Butar Yone Lann,လှိုင်,Hlaing,ရန်ကုန်-အင်းစိန်လမ်း,Yangon-Insein Road,16.838075,96.127338,"https://www.google.com/maps?q=16.838075,96.127338",OpenStreetMap (OSM) Yangon
2498,3498,အားမာန္,Arr Man,လှိုင်သာယာ,Hlaingtharyar,အမှတ်(၅)လမ်းမ,No. 5 Main Road,16.879567,96.035066,"https://www.google.com/maps?q=16.879567,96.035066",OpenStreetMap (OSM) Yangon
2499,3499,အင်းစိန် ပန်းခြံ,Insein Pann Chan,အင်းစိန်,Insein,မင်းကြီးလမ်း,Min Gyi Road,16.88879,96.108883,"https://www.google.com/maps?q=16.88879,96.108883",OpenStreetMap (OSM) Yangon
2500,3500,ဈေးလေး,Zay Lay,လှိုင်သာယာ,Hlaingtharyar,အမှတ်(၅)လမ်းမ,No. 5 Main Road,16.884555,96.037199,"https://www.google.com/maps?q=16.884555,96.037199",OpenStreetMap (OSM) Yangon
2501,3501,အနော်မာ မှတ်တိုင်,Anawmar Bus Stop,သာကေတ,Thaketa,ဧရာဝဏ်လမ်းမကြီး,Ayar Wun Main Road,16.803982,96.201964,"https://www.google.com/maps?q=16.803982,96.201964",OpenStreetMap (OSM) Yangon
2502,3502,ဇဝန မှတ်တိုင်,Zawana Bus Stop,သင်္ဃန်းကျွန်း,Thingangyun,လေးထောင့်ကန်လမ်း,Lay Daung Kan Road,16.829098,96.188242,"https://www.google.com/maps?q=16.829098,96.188242",OpenStreetMap (OSM) Yangon
2503,3503,စံရိပ်ငြိမ်,San Yeik Nyein,ကမာရွတ်,Kamayut,ရန်ကုန်-အင်းစိန်လမ်း,Yangon-Insein Road,16.831803,96.129554,"https://www.google.com/maps?q=16.831803,96.129554",OpenStreetMap (OSM) Yangon
2504,3504,မိုင် ( ၂၀ ) မှတ်တိုင်,Mile Hna Sal ( 20 Miles ) Bus Stop,အင်းစိန်,Insein,အောက်မင်္ဂလာဒုံလမ်း,Lower Mingalardon Road,16.922549,96.069768,"https://www.google.com/maps?q=16.922549,96.069768",OpenStreetMap (OSM) Yangon
2505,3505,ဧရာမြေ မှတ်တိုင်,Ayar Myay Bus Stop,အင်းစိန်,Insein,အောက်မင်္ဂလာဒုံလမ်း,Lower Mingalardon Road,16.930373,96.082805,"https://www.google.com/maps?q=16.930373,96.082805",OpenStreetMap (OSM) Yangon
2506,3506,၁၉၉,199,အင်းစိန်,Insein,အောက်မင်္ဂလာဒုံလမ်း,Lower Mingalardon Road,16.931709,96.085033,"https://www.google.com/maps?q=16.931709,96.085033",OpenStreetMap (OSM) Yangon
2507,3507,တညင်းကုန်း လမ်းဆုံ မှတ်တိုင်,Da Nyin Kone Lann Sone,အင်းစိန်,Insein,အောက်မင်္ဂလာဒုံလမ်း,Lower Mingalardon Road,16.933888,96.10327,"https://www.google.com/maps?q=16.933888,96.10327",OpenStreetMap (OSM) Yangon
2508,3508,ရေစက် မှတ်တိုင်,Yayy Sett Bus Stop,အင်းစိန်,Insein,အောက်မင်္ဂလာဒုံလမ်း,Lower Mingalardon Road,16.932625,96.10705,"https://www.google.com/maps?q=16.932625,96.10705",OpenStreetMap (OSM) Yangon
2509,3509,အစာ စက် မှတ်တိုင်,Ah Sar Sett Bus Stop,အင်းစိန်,Insein,အောက်မင်္ဂလာဒုံလမ်း,Lower Mingalardon Road,16.932314,96.112005,"https://www.google.com/maps?q=16.932314,96.112005",OpenStreetMap (OSM) Yangon
2510,3510,ဓမ္မာရုံလမ်းမှတ်တိုင်,Damar Yone,သာကေတ,Thaketa,Thalyin Thada Chin Kat Road,Thalyin Thada Chin Kat Road,16.802401,96.216616,"https://www.google.com/maps?q=16.802401,96.216616",OpenStreetMap (OSM) Yangon
2511,3511,အရက်ဆိုင်ကွေ့မှတ်တိုင်,A ywat saing kwe,သာကေတ,Thaketa,ရှူ့ခင်းသာမြို့ပတ်လမ်း,Shukinthar Myo Pat Road,16.795692,96.213892,"https://www.google.com/maps?q=16.795692,96.213892",OpenStreetMap (OSM) Yangon
2512,3512,တံတားထိပ်,Ta Darr Htake Bus Stop,သာကေတ,Thaketa,Thalyin Thada Chin Kat Road,Thalyin Thada Chin Kat Road,16.800362,96.225134,"https://www.google.com/maps?q=16.800362,96.225134",OpenStreetMap (OSM) Yangon
2513,3513,( ၆၄၆ ) မှတ်တိုင်,646,အင်းစိန်,Insein,အောက်မင်္ဂလာဒုံလမ်း,Lower Mingalardon Road,16.931003,96.11459,"https://www.google.com/maps?q=16.931003,96.11459",OpenStreetMap (OSM) Yangon
2514,3514,ဆောက်လုပ်ရေး (ရှုခင်းသာ မြို့ပတ်လမ်း),Sauk Lote Yayy (Shukhintha Bypass Road),သာကေတ,Thaketa,Thalyin Thada Chin Kat Road,Thalyin Thada Chin Kat Road,16.799322,96.224293,"https://www.google.com/maps?q=16.799322,96.224293",OpenStreetMap (OSM) Yangon
2515,3515,( ၁၃ ) ဂိတ် မှတ်တိုင်,13 Gate,သာကေတ,Thaketa,ရှူ့ခင်းသာမြို့ပတ်လမ်း,Shukinthar Myo Pat Road,16.79367,96.219683,"https://www.google.com/maps?q=16.79367,96.219683",OpenStreetMap (OSM) Yangon
2516,3516,ဂိတ်ဝ,Gate Wa,သာကေတ,Thaketa,ရှူ့ခင်းသာမြို့ပတ်လမ်း,Shukinthar Myo Pat Road,16.791152,96.217498,"https://www.google.com/maps?q=16.791152,96.217498",OpenStreetMap (OSM) Yangon
2517,3517,ပန်းခြံ မှတ်တိုင်,Pann Chan ( Park ) Bus Stop,အင်းစိန်,Insein,အောက်မင်္ဂလာဒုံလမ်း,Lower Mingalardon Road,16.929889,96.116613,"https://www.google.com/maps?q=16.929889,96.116613",OpenStreetMap (OSM) Yangon
2518,3518,ခန်းမ,Khann Ma,သာကေတ,Thaketa,ရှူ့ခင်းသာမြို့ပတ်လမ်း,Shukinthar Myo Pat Road,16.79071,96.214588,"https://www.google.com/maps?q=16.79071,96.214588",OpenStreetMap (OSM) Yangon
2519,3519,( ၄၉ ) အစိမ်းဂိတ် မှတ်တိုင်,Layy Sat Koe A Sein Gate Bus Stop,သာကေတ,Thaketa,ရှူ့ခင်းသာမြို့ပတ်လမ်း,Shukinthar Myo Pat Road,16.791166,96.211451,"https://www.google.com/maps?q=16.791166,96.211451",OpenStreetMap (OSM) Yangon
2520,3520,( ၁၀၆ ) မှတ်တိုင်,Tayart Chauk ( 106 ) Bus Stop,အင်းစိန်,Insein,အောက်မင်္ဂလာဒုံလမ်း,Lower Mingalardon Road,16.928368,96.120797,"https://www.google.com/maps?q=16.928368,96.120797",OpenStreetMap (OSM) Yangon
2521,3521,ကြယ်ငါးပွင့် မှတ်တိုင်,Five Star,သာကေတ,Thaketa,ရှူ့ခင်းသာမြို့ပတ်လမ်း,Shukinthar Myo Pat Road,16.791294,96.209984,"https://www.google.com/maps?q=16.791294,96.209984",OpenStreetMap (OSM) Yangon
2522,3522,နယ်မြေရုံး,Nal Myay Yone,သာကေတ,Thaketa,မြင်တော်သာလမ်း,Myintawthar Road,16.789014,96.205805,"https://www.google.com/maps?q=16.789014,96.205805",OpenStreetMap (OSM) Yangon
2523,3523,ခရေပင် လမ်းခွဲ (အနောက်),Kha Yay Pin Lann Khwal (west),မင်္ဂလာဒုံ,Mingaladon,အမှတ်(၁)လမ်းမ,No. 1 Main Road,16.929298,96.129843,"https://www.google.com/maps?q=16.929298,96.129843",OpenStreetMap (OSM) Yangon
2524,3524,မီးသွေး ဆိုင် မှတ်တိုင်,Mee Thway Saing Bus Stop,ဒေါပုံ,Dawbon,ယမုံနာလမ်း,Yamonar Road,16.781874,96.203741,"https://www.google.com/maps?q=16.781874,96.203741",OpenStreetMap (OSM) Yangon
2525,3525,ကျောင်းရှေ့,Kyaung Shayt,ဒေါပုံ,Dawbon,မြင်တော်သာလမ်း,Myintawthar Road,16.779212,96.202566,"https://www.google.com/maps?q=16.779212,96.202566",OpenStreetMap (OSM) Yangon
2526,3526,ရှုခင်းသာကွေ့ မှတ်တိုင်,Shyu Khinn Thar Gwayt Bus Stop,ဒေါပုံ,Dawbon,ယမုံနာလမ်း,Yamonar Road,16.774993,96.2004,"https://www.google.com/maps?q=16.774993,96.2004",OpenStreetMap (OSM) Yangon
2527,3527,ဓမ္မာရုံ မှတ်တိုင်,Dhamma Yone Bus Stop,ဒေါပုံ,Dawbon,ယမုံနာလမ်း,Yamonar Road,16.777345,96.196092,"https://www.google.com/maps?q=16.777345,96.196092",OpenStreetMap (OSM) Yangon
2528,3528,ခရေပင် လမ်းခွဲ,Kha Yay Pin Lann Khwal,မင်္ဂလာဒုံ,Mingaladon,အမှတ်(၁)လမ်းမ,No. 1 Main Road,16.928428,96.132037,"https://www.google.com/maps?q=16.928428,96.132037",OpenStreetMap (OSM) Yangon
2529,3529,ရာသက်ပန်,Ya Thet Pan,မင်္ဂလာဒုံ,Mingaladon,အမှတ်(၁)လမ်းမ,No. 1 Main Road,16.930114,96.136988,"https://www.google.com/maps?q=16.930114,96.136988",OpenStreetMap (OSM) Yangon
2530,3530,ရာသက်ပန်,Ya Thet Pan,မင်္ဂလာဒုံ,Mingaladon,အမှတ်(၁)လမ်းမ,No. 1 Main Road,16.930696,96.138405,"https://www.google.com/maps?q=16.930696,96.138405",OpenStreetMap (OSM) Yangon
2531,3531,(၁၀) မိုင်,10 Mile,မြောက်ဒဂုံ,North Dagon,Dagon University,Dagon University,16.912466,96.211981,"https://www.google.com/maps?q=16.912466,96.211981",OpenStreetMap (OSM) Yangon
2532,3532,ရုံးရှေ့မှတ်တိုင်,Yone Shae  Bus Stop,မြောက်ဒဂုံ,North Dagon,Dagon University,Dagon University,16.914932,96.210613,"https://www.google.com/maps?q=16.914932,96.210613",OpenStreetMap (OSM) Yangon
2533,3533,36,36,မြောက်ဒဂုံ,North Dagon,Dagon University,Dagon University,16.914808,96.213944,"https://www.google.com/maps?q=16.914808,96.213944",OpenStreetMap (OSM) Yangon
2534,3534,37,37,မြောက်ဒဂုံ,North Dagon,Dagon University,Dagon University,16.916038,96.21324,"https://www.google.com/maps?q=16.916038,96.21324",OpenStreetMap (OSM) Yangon
2535,3535,ရုံးရှေ့,Yone Shae,မြောက်ဒဂုံ,North Dagon,Dagon University,Dagon University,16.915848,96.210669,"https://www.google.com/maps?q=16.915848,96.210669",OpenStreetMap (OSM) Yangon
2536,3536,(၁၀) မိုင်,10 Mile,မြောက်ဒဂုံ,North Dagon,Dagon University,Dagon University,16.911993,96.212442,"https://www.google.com/maps?q=16.911993,96.212442",OpenStreetMap (OSM) Yangon
2537,3537,"YBS-20,56","YBS-20,56",အလုံ,Ahlone,ကြည့်မြင်တိုင်ကမ်းနားလမ်း,Kyee Myin Daing Kannar Road,16.780654,96.13546,"https://www.google.com/maps?q=16.780654,96.13546",OpenStreetMap (OSM) Yangon
2538,3538,MYANMAR WINT NAWARAT,MYANMAR WINT NAWARAT,တောင်ဒဂုံ,South Dagon,ပြည်ထောင်စုလမ်းမကြီး,Pyi Htaung Su Main Road,16.843788,96.226283,"https://www.google.com/maps?q=16.843788,96.226283",OpenStreetMap (OSM) Yangon
2539,3539,သရက်တော,Tha Yet Taw,သင်္ဃန်းကျွန်း,Thingangyun,ရတနာလမ်း,Yadanar Road,16.832548,96.187802,"https://www.google.com/maps?q=16.832548,96.187802",OpenStreetMap (OSM) Yangon
2540,3540,အောင်ရတနာ မှတ်တိုင်,Aung Yadanar Bus Stop,တောင်ဥက္ကလာပ,South Okkalapa,သုမင်္ဂလာလမ်း,Thu Mingalar Road,16.83519,96.186513,"https://www.google.com/maps?q=16.83519,96.186513",OpenStreetMap (OSM) Yangon
2541,3541,တံတားထိပ်,Ta Darr Htake,သာကေတ,Thaketa,Thalyin Thada Chin Kat Road,Thalyin Thada Chin Kat Road,16.801267,96.2253,"https://www.google.com/maps?q=16.801267,96.2253",OpenStreetMap (OSM) Yangon
2542,3542,ကျောင်းလမ်း,Kyaung Lan,မြောက်ဥက္ကလာပ,North Okkalapa,ခေမာသီလမ်း,Khaymarthi Road,16.920758,96.167503,"https://www.google.com/maps?q=16.920758,96.167503",OpenStreetMap (OSM) Yangon
2543,3543,ဓမ္မာရုံ,Damaryone,မြောက်ဥက္ကလာပ,North Okkalapa,သုဓမ္မာလမ်း,Thudhamar Road,16.921374,96.16948,"https://www.google.com/maps?q=16.921374,96.16948",OpenStreetMap (OSM) Yangon
2544,3544,( ၁၀ ) ဈေး မှတ်တိုင်,Sal Zayy ( No. 10 Market ) Bus Stop,သာကေတ,Thaketa,ဧရာဝဏ်လမ်းမကြီး,Ayar Wun Main Road,16.808237,96.220301,"https://www.google.com/maps?q=16.808237,96.220301",OpenStreetMap (OSM) Yangon
2545,3545,ဆည်မြောင်း,Sal Myaung,မြောက်ဥက္ကလာပ,North Okkalapa,သုဓမ္မာလမ်း,Thudhamar Road,16.92445,96.179448,"https://www.google.com/maps?q=16.92445,96.179448",OpenStreetMap (OSM) Yangon
2546,3546,ဆေးရုံကွေ့,Say yone kwae,မြောက်ဥက္ကလာပ,North Okkalapa,သုဓမ္မာလမ်း,Thudhamar Road,16.930096,96.186175,"https://www.google.com/maps?q=16.930096,96.186175",OpenStreetMap (OSM) Yangon
2547,3547,မင်းထူးကျော်,Min Htoo Kyaw,မြောက်ဥက္ကလာပ,North Okkalapa,သုဓမ္မာလမ်း,Thudhamar Road,16.926194,96.181555,"https://www.google.com/maps?q=16.926194,96.181555",OpenStreetMap (OSM) Yangon
2548,3548,မင်းထူးကျော်,Min Htoo Kyaw,မြောက်ဥက္ကလာပ,North Okkalapa,သုဓမ္မာလမ်း,Thudhamar Road,16.924309,96.186282,"https://www.google.com/maps?q=16.924309,96.186282",OpenStreetMap (OSM) Yangon
2549,3549,မီးသတ်,Mee that,မြောက်ဥက္ကလာပ,North Okkalapa,သုဓမ္မာလမ်း,Thudhamar Road,16.928063,96.183705,"https://www.google.com/maps?q=16.928063,96.183705",OpenStreetMap (OSM) Yangon
2550,3550,ကျောက်လမ်း,Kyauk lan,မြောက်ဥက္ကလာပ,North Okkalapa,သုဓမ္မာလမ်း,Thudhamar Road,16.931688,96.187899,"https://www.google.com/maps?q=16.931688,96.187899",OpenStreetMap (OSM) Yangon
2551,3551,တံတားဖြူ,Tadar phyu,မြောက်ဥက္ကလာပ,North Okkalapa,သုဓမ္မာလမ်း,Thudhamar Road,16.932661,96.189226,"https://www.google.com/maps?q=16.932661,96.189226",OpenStreetMap (OSM) Yangon
2552,3552,(၅၀) ကွေ့မှတ်တိုင်,50 Kwe,မြောက်ဒဂုံ,North Dagon,ဗိုလ်မှူးဗထူးလမ်း,Bo Hmu Ba Htoo Road,16.908481,96.187037,"https://www.google.com/maps?q=16.908481,96.187037",OpenStreetMap (OSM) Yangon
2553,3553,ဆင်ဖုံကွေ့,Sin Phone Kwae,မြောက်ဥက္ကလာပ,North Okkalapa,သုဓမ္မာလမ်း,Thudhamar Road,16.93413,96.19094,"https://www.google.com/maps?q=16.93413,96.19094",OpenStreetMap (OSM) Yangon
2554,3554,ကျန်းမာရေး,Kyan Mar Yay,မြောက်ဒဂုံ,North Dagon,ဗိုလ်မှူးဗထူးလမ်း,Bo Hmu Ba Htoo Road,16.907712,96.185033,"https://www.google.com/maps?q=16.907712,96.185033",OpenStreetMap (OSM) Yangon
2555,3555,ဒူးယားလမ်း,Duu Yar,မြောက်ဒဂုံ,North Dagon,ဗိုလ်မှူးဗထူးလမ်း,Bo Hmu Ba Htoo Road,16.90757,96.182263,"https://www.google.com/maps?q=16.90757,96.182263",OpenStreetMap (OSM) Yangon
2556,3556,ထားဝယ်ချောင်,Da Wal Chaung,မြောက်ဒဂုံ,North Dagon,ဗိုလ်မှူးဗထူးလမ်း,Bo Hmu Ba Htoo Road,16.907926,96.176659,"https://www.google.com/maps?q=16.907926,96.176659",OpenStreetMap (OSM) Yangon
2557,3557,ကြိုးတံတား,Kyo Tadar,မြောက်ဒဂုံ,North Dagon,ဗိုလ်မှူးဗထူးလမ်း,Bo Hmu Ba Htoo Road,16.908258,96.172335,"https://www.google.com/maps?q=16.908258,96.172335",OpenStreetMap (OSM) Yangon
2558,3558,မေတ္တာ,Myittar,မြောက်ဒဂုံ,North Dagon,ဗိုလ်မှူးဗထူးလမ်း,Bo Hmu Ba Htoo Road,16.911972,96.172913,"https://www.google.com/maps?q=16.911972,96.172913",OpenStreetMap (OSM) Yangon
2559,3559,ဂိတ်ဟောင်းကွေ,Gate Haung Kwe,မြောက်ဒဂုံ,North Dagon,ဗိုလ်မှူးဗထူးလမ်း,Bo Hmu Ba Htoo Road,16.914148,96.173129,"https://www.google.com/maps?q=16.914148,96.173129",OpenStreetMap (OSM) Yangon
2560,3560,စံပယ်,Sabal,မြောက်ဒဂုံ,North Dagon,ဗိုလ်မှူးဗထူးလမ်း,Bo Hmu Ba Htoo Road,16.914232,96.17086,"https://www.google.com/maps?q=16.914232,96.17086",OpenStreetMap (OSM) Yangon
2561,3561,ရုပ်ရှင်ရုံ မှတ်တိုင်,Yoke Shin Yone ( Cinema ) Bus Stop,မြောက်ဥက္ကလာပ,North Okkalapa,ခေမာသီလမ်း,Khaymarthi Road,16.911255,96.160119,"https://www.google.com/maps?q=16.911255,96.160119",OpenStreetMap (OSM) Yangon
2562,3562,နွယ်သာဂီ မှတ်တိုင်,Nwe Thar Gi Bus Stop,မြောက်ဥက္ကလာပ,North Okkalapa,ခေမာသီလမ်း,Khaymarthi Road,16.909936,96.156784,"https://www.google.com/maps?q=16.909936,96.156784",OpenStreetMap (OSM) Yangon
2563,3563,မြရတနာ မှတ်တိုင်,Mya Yadanar Bus Stop,မြောက်ဥက္ကလာပ,North Okkalapa,ခေမာသီလမ်း,Khaymarthi Road,16.90816,96.155374,"https://www.google.com/maps?q=16.90816,96.155374",OpenStreetMap (OSM) Yangon
2564,3564,ရုံး မှတ်တိုင်,Yone Bus Stop,မြောက်ဥက္ကလာပ,North Okkalapa,ခေမာသီလမ်း,Khaymarthi Road,16.906211,96.154638,"https://www.google.com/maps?q=16.906211,96.154638",OpenStreetMap (OSM) Yangon
2565,3565,ဥက္ကာ မှတ်တိုင်,Okkar Bus Stop,မြောက်ဥက္ကလာပ,North Okkalapa,ခေမာသီလမ်း,Khaymarthi Road,16.903058,96.154489,"https://www.google.com/maps?q=16.903058,96.154489",OpenStreetMap (OSM) Yangon
2566,3566,မေဓာဝီ မှတ်တိုင်,May Dar Wii Bus Stop,မြောက်ဥက္ကလာပ,North Okkalapa,သုဓမ္မာလမ်း,Thudhamar Road,16.899902,96.154706,"https://www.google.com/maps?q=16.899902,96.154706",OpenStreetMap (OSM) Yangon
2567,3567,မေဓာဝီ မှတ်တိုင်,May Dar Wii Bus Stop,မြောက်ဥက္ကလာပ,North Okkalapa,သုဓမ္မာလမ်း,Thudhamar Road,16.899128,96.15499,"https://www.google.com/maps?q=16.899128,96.15499",OpenStreetMap (OSM) Yangon
2568,3568,ဆောက်လုပ်ရေးမှတ်တိုင်,Sout Lote Yay,လသာ,Latha,ဗိုလ်ချုပ်အောင်ဆန်းလမ်း,Bogyoke Aung San Road,16.783259,96.153486,"https://www.google.com/maps?q=16.783259,96.153486",OpenStreetMap (OSM) Yangon
2569,3569,ရုံးသစ် မှတ်တိုင်,Yone Thit Bus Stop,မြောက်ဥက္ကလာပ,North Okkalapa,သုဓမ္မာလမ်း,Thudhamar Road,16.895947,96.15571,"https://www.google.com/maps?q=16.895947,96.15571",OpenStreetMap (OSM) Yangon
2570,3570,ယူအပ်ဖ်အယ်မှတ်တိုင်,UFL Bus Stop,ဗဟန်း,Bahan,တက္ကသိုလ်ရိပ်သာလမ်း,University Avenue Road,16.825156,96.14235,"https://www.google.com/maps?q=16.825156,96.14235",OpenStreetMap (OSM) Yangon
2571,3571,ရေခဲဆိုင်,Yaykaesine,ဒဂုံ,Dagon,အာဇာနည်လမ်း,RZarNi Road,16.800935,96.159554,"https://www.google.com/maps?q=16.800935,96.159554",OpenStreetMap (OSM) Yangon
2572,3572,ဂျမား,Gyrma,ဒဂုံ,Dagon,အာဇာနည်လမ်း,RZarNi Road,16.801313,96.160901,"https://www.google.com/maps?q=16.801313,96.160901",OpenStreetMap (OSM) Yangon
2573,3573,အင်ယာမြိုင်,Innya Myaing,ဗဟန်း,Bahan,တက္ကသိုလ်ရိပ်သာလမ်း,University Avenue Road,16.82482,96.147228,"https://www.google.com/maps?q=16.82482,96.147228",OpenStreetMap (OSM) Yangon
2574,3574,( ၈ ) မိုင် လမ်းဆုံ မှတ်တိုင်,Eight Miles,မရမ်းကုန်း,Mayangone,ပြည်လမ်း,Pyay Road,16.865685,96.141586,"https://www.google.com/maps?q=16.865685,96.141586",OpenStreetMap (OSM) Yangon
2575,3575,( ၈ ) မိုင် လမ်းဆုံ မှတ်တိုင်,Eight Miles,မရမ်းကုန်း,Mayangone,ပြည်လမ်း,Pyay Road,16.864686,96.141216,"https://www.google.com/maps?q=16.864686,96.141216",OpenStreetMap (OSM) Yangon
2576,3576,ရဲဘော်ဟောင်း မှတ်တိုင်,Ye Baw Haung,မရမ်းကုန်း,Mayangone,ကမ္ဘာအေးဘုရားလမ်း,Kabar Aye Pagoda Road,16.867635,96.137302,"https://www.google.com/maps?q=16.867635,96.137302",OpenStreetMap (OSM) Yangon
2577,3577,ရဲရန်အောင် မှတ်တိုင်,Ye' Yan Aung Bus Stop,မရမ်းကုန်း,Mayangone,ကျိုက်ဝိုင်းဘုရားလမ်း,Kyaik Wine Pagoda Road,16.866278,96.125959,"https://www.google.com/maps?q=16.866278,96.125959",OpenStreetMap (OSM) Yangon
2578,3578,သမိုင်းလမ်းဆုံ,Thamine Lann Sone,မရမ်းကုန်း,Mayangone,ရန်ကုန်-အင်းစိန်လမ်း,Yangon-Insein Road,16.863203,96.12236,"https://www.google.com/maps?q=16.863203,96.12236",OpenStreetMap (OSM) Yangon
2579,3579,ကြွေ ( ၁ ),Kwyay Titt,မရမ်းကုန်း,Mayangone,ရန်ကုန်-အင်းစိန်လမ်း,Yangon-Insein Road,16.861303,96.120512,"https://www.google.com/maps?q=16.861303,96.120512",OpenStreetMap (OSM) Yangon
2580,3580,ပေါက်ကုန်း အဝိုင်း ထိပ်,Pauk Kone A Wine Htake,လှိုင်သာယာ,Hlaingtharyar,အမှတ်(၅)လမ်းမ,No. 5 Main Road,16.921778,96.056188,"https://www.google.com/maps?q=16.921778,96.056188",OpenStreetMap (OSM) Yangon
2581,3581,ဦး ဘဟန် မှတ်တိုင်,U Ba Han Bus Stop,မရမ်းကုန်း,Mayangone,ရန်ကုန်-အင်းစိန်လမ်း,Yangon-Insein Road,16.861197,96.118419,"https://www.google.com/maps?q=16.861197,96.118419",OpenStreetMap (OSM) Yangon
2582,3582,တပ်ထိပ်,Tathtake,မြောက်ဥက္ကလာပ,North Okkalapa,သုဓမ္မာလမ်း,Thudhamar Road,16.930005,96.154863,"https://www.google.com/maps?q=16.930005,96.154863",OpenStreetMap (OSM) Yangon
2583,3583,ဘုရင့်နောင် ဈေး,Bayint Naung Zayy,မရမ်းကုန်း,Mayangone,ပိတောက်လမ်း,ပိတောက်လမ်း,16.864577,96.10682,"https://www.google.com/maps?q=16.864577,96.10682",OpenStreetMap (OSM) Yangon
2584,3584,ကြို့ကုန်း လမ်းဆုံ မှတ်တိုင်,Gyo Gone Lann Sone ( Gyo Gone Junction ) Bus Stop,အင်းစိန်,Insein,ရန်ကုန်-အင်းစိန်လမ်း,Yangon-Insein Road,16.871662,96.104393,"https://www.google.com/maps?q=16.871662,96.104393",OpenStreetMap (OSM) Yangon
2585,3585,ပိတောက် လမ်း မှတ်တိုင်,Padauk Lann ( Padauk Street ) Bus Stop,အင်းစိန်,Insein,ရန်ကုန်-အင်းစိန်လမ်း,Yangon-Insein Road,16.875589,96.101739,"https://www.google.com/maps?q=16.875589,96.101739",OpenStreetMap (OSM) Yangon
2586,3586,စက်မှု (၁),Sat Mue(1),ရန်ကင်း,Yankin,Yanshin Street,Yanshin Street,16.827595,96.157245,"https://www.google.com/maps?q=16.827595,96.157245",OpenStreetMap (OSM) Yangon
2587,3587,မြို့သစ် ဈေး မှတ်တိုင်,Myo Thit Zayy ( Myo Thit Market ) Bus Stop,အင်းစိန်,Insein,ရန်ကုန်-အင်းစိန်လမ်း,Yangon-Insein Road,16.879105,96.10006,"https://www.google.com/maps?q=16.879105,96.10006",OpenStreetMap (OSM) Yangon
2588,3588,ညောင်ပင် မှတ်တိုင်,Nyaung Pin Bus Stop,အင်းစိန်,Insein,ရန်ကုန်-အင်းစိန်လမ်း,Yangon-Insein Road,16.881502,96.099233,"https://www.google.com/maps?q=16.881502,96.099233",OpenStreetMap (OSM) Yangon
2589,3589,​ပေါက်​​တောဝ လမ်းဆုံ မှတ်တိုင်,Pauk Taw Wa Lann Sone ( Pauk Taw Wa Junction ) Bus Stop,အင်းစိန်,Insein,လှိုင်မြစ်လမ်း,Hlaing River Road,16.884875,96.09791,"https://www.google.com/maps?q=16.884875,96.09791",OpenStreetMap (OSM) Yangon
2590,3590,(၁၂) လုံးတန်း,(12) Lone Tan,ရန်ကင်း,Yankin,Yanshin Street,Yanshin Street,16.830911,96.163401,"https://www.google.com/maps?q=16.830911,96.163401",OpenStreetMap (OSM) Yangon
2591,3591,မင်္ဂလာမွန် ဈေး မှတ်တိုင်,Mingalar Mon Zayy ( Mingalar Mon Market ) Bus Stop,မင်္ဂလာတောင်ညွန့်,Mingalar Taung Nyunt,Mill Road,Mill Road,16.794227,96.172872,"https://www.google.com/maps?q=16.794227,96.172872",OpenStreetMap (OSM) Yangon
2592,3592,ကြားမှတ်တိုင်,Gyar,ရန်ကင်း,Yankin,Yanshin Street,Yanshin Street,16.828979,96.163769,"https://www.google.com/maps?q=16.828979,96.163769",OpenStreetMap (OSM) Yangon
2593,3593,ဈေးကွေ့,ZAY KWE,ရန်ကင်း,Yankin,Yanshin Street,Yanshin Street,16.822338,96.162686,"https://www.google.com/maps?q=16.822338,96.162686",OpenStreetMap (OSM) Yangon
2594,3594,ဝါဆို,Wah So,ဒေါပုံ,Dawbon,ယမုံနာလမ်း,Yamonar Road,16.782621,96.18375,"https://www.google.com/maps?q=16.782621,96.18375",OpenStreetMap (OSM) Yangon
2595,3595,ထောက်ကြန့် လမ်းဆုံ မှတ်တိုင်,Htauk Kyant Junction,ထောက်ကြန့်,Htaukkyant,အမှတ်(၂)လမ်းမ,No. 2 Main Road,17.042575,96.133336,"https://www.google.com/maps?q=17.042575,96.133336",OpenStreetMap (OSM) Yangon
2596,3596,ထောက်ကြန့် လမ်းဆုံ မှတ်တိုင်,Htauk Kyant Junction,ထောက်ကြန့်,Htaukkyant,အမှတ်(၂)လမ်းမ,No. 2 Main Road,17.041793,96.132404,"https://www.google.com/maps?q=17.041793,96.132404",OpenStreetMap (OSM) Yangon
2597,3597,မင်းလမ်း,Minn Lann ( Min Street ) Bus Stop,တာမွေ,Tamwe,အရှေ့မြင်းပြိုင်လမ်း,East Horse Race Course Road,16.819452,96.165287,"https://www.google.com/maps?q=16.819452,96.165287",OpenStreetMap (OSM) Yangon
2598,3598,လမ်းဆုံ,Lann Sone ( Junction ) Bus Stop,တာမွေ,Tamwe,အရှေ့မြင်းပြိုင်လမ်း,East Horse Race Course Road,16.818075,96.166405,"https://www.google.com/maps?q=16.818075,96.166405",OpenStreetMap (OSM) Yangon
2599,3599,မြလမ်း,MYA LANN,ဗဟန်း,Bahan,East Shwe Gon Daing Road,East Shwe Gon Daing Road,16.815862,96.16791,"https://www.google.com/maps?q=16.815862,96.16791",OpenStreetMap (OSM) Yangon
2600,3600,( ၃၄ ) ကားကြီးဂိတ် မှတ်တိုင်,Thone Sat Layy Car Gyi Gate ( No. 34 Bus Gate ) Bus Stop,သာကေတ,Thaketa,ဧရာဝဏ်လမ်းမကြီး,Ayar Wun Main Road,16.809572,96.223098,"https://www.google.com/maps?q=16.809572,96.223098",OpenStreetMap (OSM) Yangon
2601,3601,( ၃၄ ) ကားကြီးဂိတ် မှတ်တိုင်,Thone Sat Layy Car Gyi Gate ( No. 34 Bus Gate ) Bus Stop,သာကေတ,Thaketa,ဧရာဝဏ်လမ်းမကြီး,Ayar Wun Main Road,16.810421,96.224539,"https://www.google.com/maps?q=16.810421,96.224539",OpenStreetMap (OSM) Yangon
2602,3602,ဘုရားလေး မှတ်တိုင်,Phayarr Layy ( Small Pagoda ) Bus Stop,သာကေတ,Thaketa,ဧရာဝဏ်လမ်းမကြီး,Ayar Wun Main Road,16.812649,96.228974,"https://www.google.com/maps?q=16.812649,96.228974",OpenStreetMap (OSM) Yangon
2603,3603,သစ်ဆိပ်,Thit Sake Bus Stop,သာကေတ,Thaketa,ဧရာဝဏ်လမ်းမကြီး,Ayar Wun Main Road,16.815488,96.236706,"https://www.google.com/maps?q=16.815488,96.236706",OpenStreetMap (OSM) Yangon
2604,3604,အလိုတော်ပြည့် မှတ်တိုင်,Alo Taw Pyae Bus Stop,သာကေတ,Thaketa,ဧရာဝဏ်လမ်းမကြီး,Ayar Wun Main Road,16.820024,96.237998,"https://www.google.com/maps?q=16.820024,96.237998",OpenStreetMap (OSM) Yangon
2605,3605,( ၆၅ ) ရပ်ကွက် မှတ်တိုင်,Chauk Satt Ngarr Yat Kwak ( Ward - 65 ) Bus Stop,တောင်ဒဂုံ,South Dagon,ပြည်ထောင်စုလမ်းမကြီး,Pyi Htaung Su Main Road,16.83497,96.242878,"https://www.google.com/maps?q=16.83497,96.242878",OpenStreetMap (OSM) Yangon
2606,3606,သိမ်ကျောင်း မှတ်တိုင်,Thein Kyaung Bus Stop,ဒဂုံဆိပ်ကမ်း,Dagon Seikkan,Bago River Road,Bago River Road,16.837935,96.243797,"https://www.google.com/maps?q=16.837935,96.243797",OpenStreetMap (OSM) Yangon
2607,3607,ဗဟိုဈေး,Baho Zay,တောင်ဥက္ကလာပ,South Okkalapa,ဝေဇယန္တာလမ်း,Waizayanta Road,16.840559,96.172725,"https://www.google.com/maps?q=16.840559,96.172725",OpenStreetMap (OSM) Yangon
2608,3608,ဥက္ကလာ စာတိုက် မှတ်တိုင်,Okkalar Sar Tike ( Okkalar Post Office ) Bus Stop,တောင်ဥက္ကလာပ,South Okkalapa,သစ္စာလမ်း,Thitsar Road,16.845055,96.178728,"https://www.google.com/maps?q=16.845055,96.178728",OpenStreetMap (OSM) Yangon
2609,3609,ဘုရားလမ်းမှတ်တိုင်,Phayar Lan,တောင်ဥက္ကလာပ,South Okkalapa,သံသုမာလမ်း,Thanthumar Road,16.847724,96.181652,"https://www.google.com/maps?q=16.847724,96.181652",OpenStreetMap (OSM) Yangon
2610,3610,သမကုန်း အဝိုင်း,Tha Ma Kone A Wine,လှိုင်သာယာ,Hlaingtharyar,အမှတ်(၅)လမ်းမ,No. 5 Main Road,16.875016,96.033034,"https://www.google.com/maps?q=16.875016,96.033034",OpenStreetMap (OSM) Yangon
2611,3611,တောင် / မြောက် လမ်းဆုံ,Taung/ Myauk Lann Sone,တောင်ဒဂုံ,South Dagon,အမှတ်(၂)လမ်းမ,No. 2 Main Road,16.863063,96.216406,"https://www.google.com/maps?q=16.863063,96.216406",OpenStreetMap (OSM) Yangon
2612,3612,နတ်စင်,Nat Sin,တောင်ဒဂုံ,South Dagon,အမှတ်(၂)လမ်းမ,No. 2 Main Road,16.86913,96.222394,"https://www.google.com/maps?q=16.86913,96.222394",OpenStreetMap (OSM) Yangon
2613,3613,စိတ်ကျန်းမာရေးဆေးရုံ,Yangon Mental Health Hospital,တောင်ဒဂုံ,South Dagon,အမှတ်(၂)လမ်းမ,No. 2 Main Road,16.961894,96.256878,"https://www.google.com/maps?q=16.961894,96.256878",OpenStreetMap (OSM) Yangon
2614,3614,သင်တန်းကျောင်း,Thin Tann Kyaung,တောင်ဒဂုံ,South Dagon,အမှတ်(၂)လမ်းမ,No. 2 Main Road,16.871299,96.224884,"https://www.google.com/maps?q=16.871299,96.224884",OpenStreetMap (OSM) Yangon
2615,3615,ပိတောက်လမ်း မှတ်တိုင်,ပိတောက်လမ်း မှတ်တိုင်,မြောက်ဒဂုံ,North Dagon,Dagon University,Dagon University,16.908244,96.211278,"https://www.google.com/maps?q=16.908244,96.211278",OpenStreetMap (OSM) Yangon
2616,3616,ဓမ္မာရုံ,ဓမ္မာရုံ,မြောက်ဥက္ကလာပ,North Okkalapa,သုဓမ္မာလမ်း,Thudhamar Road,16.91063,96.190296,"https://www.google.com/maps?q=16.91063,96.190296",OpenStreetMap (OSM) Yangon
2617,3617,လေကျောင်း မှတ်တိုင်,Lay Kyaung Bus Stop,တောင်ဒဂုံ,South Dagon,အမှတ်(၂)လမ်းမ,No. 2 Main Road,16.874611,96.227564,"https://www.google.com/maps?q=16.874611,96.227564",OpenStreetMap (OSM) Yangon
2618,3618,ဝေဘာဂီ,Waibargi,မြောက်ဥက္ကလာပ,North Okkalapa,ခေမာသီလမ်း,Khaymarthi Road,16.912252,96.151063,"https://www.google.com/maps?q=16.912252,96.151063",OpenStreetMap (OSM) Yangon
2619,3619,တပ်ရင်း ( ၃ ) မှတ်တိုင်,Tatt Yinn Thone ( No. 3 Battalion ) Bus Stop,တောင်ဒဂုံ,South Dagon,အမှတ်(၂)လမ်းမ,No. 2 Main Road,16.878555,96.230479,"https://www.google.com/maps?q=16.878555,96.230479",OpenStreetMap (OSM) Yangon
2620,3620,ဦးထွန်းမြတ် မှတ်တိုင်,U Tun Myat Bus Stop,တောင်ဒဂုံ,South Dagon,အမှတ်(၂)လမ်းမ,No. 2 Main Road,16.893804,96.241575,"https://www.google.com/maps?q=16.893804,96.241575",OpenStreetMap (OSM) Yangon
2621,3621,ကညန လိုင်စင်ရုံး မှတ်တိုင်,Ka Nya Na License Yone Bus Stop,တောင်ဒဂုံ,South Dagon,အမှတ်(၂)လမ်းမ,No. 2 Main Road,16.895225,96.242643,"https://www.google.com/maps?q=16.895225,96.242643",OpenStreetMap (OSM) Yangon
2622,3622,အကောက်ခွန် မှတ်တိုင်,A Kauk Khun Bus Stop,တောင်ဒဂုံ,South Dagon,အမှတ်(၂)လမ်းမ,No. 2 Main Road,16.903338,96.247857,"https://www.google.com/maps?q=16.903338,96.247857",OpenStreetMap (OSM) Yangon
2623,3623,အကြော်တဲ မှတ်တိုင်,A Kyaw Tel Bus Stop,တောင်ဒဂုံ,South Dagon,အမှတ်(၂)လမ်းမ,No. 2 Main Road,16.907083,96.250047,"https://www.google.com/maps?q=16.907083,96.250047",OpenStreetMap (OSM) Yangon
2624,3624,ကျောင်းရှေ့ မှတ်တိုင်,KYAUNG CHAY,တောင်ဒဂုံ,South Dagon,အမှတ်(၂)လမ်းမ,No. 2 Main Road,16.91127,96.252459,"https://www.google.com/maps?q=16.91127,96.252459",OpenStreetMap (OSM) Yangon
2625,3625,ဆည်မြောင်း မှတ်တိုင်,Sal Myaung Bus Stop,တောင်ဒဂုံ,South Dagon,အမှတ်(၂)လမ်းမ,No. 2 Main Road,16.922889,96.262442,"https://www.google.com/maps?q=16.922889,96.262442",OpenStreetMap (OSM) Yangon
2626,3626,မဉ္ဇူလမ်း မှတ်တိုင်,Myint Zuu Lann,မရမ်းကုန်း,Mayangone,ကမ္ဘာအေးဘုရားလမ်း,Kabar Aye Pagoda Road,16.85096,96.162296,"https://www.google.com/maps?q=16.85096,96.162296",OpenStreetMap (OSM) Yangon
2627,3627,ကြိုဆိုရေး မှတ်တိုင်,Kyo So Yayy ( Welcoming ) Bus Stop,တောင်ဒဂုံ,South Dagon,အမှတ်(၂)လမ်းမ,No. 2 Main Road,16.924361,96.263782,"https://www.google.com/maps?q=16.924361,96.263782",OpenStreetMap (OSM) Yangon
2628,3628,ပါရမီ ညောင်ပင် မှတ်တိုင်,Parami Nyaung Bin Bus Stop,တောင်ဥက္ကလာပ,South Okkalapa,ပါရမီလမ်း,Parami Road,16.854269,96.168421,"https://www.google.com/maps?q=16.854269,96.168421",OpenStreetMap (OSM) Yangon
2629,3629,ယူနစ် ( ၃ ) မှတ်တိုင်,Unit Thone ( 3rd Unit ) Bus Stop,တောင်ဒဂုံ,South Dagon,အမှတ်(၂)လမ်းမ,No. 2 Main Road,16.935117,96.273103,"https://www.google.com/maps?q=16.935117,96.273103",OpenStreetMap (OSM) Yangon
2630,3630,အအေးခန်း မှတ်တိုင်,Ah Aye Khann Bus Stop,တောင်ဒဂုံ,South Dagon,အမှတ်(၂)လမ်းမ,No. 2 Main Road,16.939317,96.277006,"https://www.google.com/maps?q=16.939317,96.277006",OpenStreetMap (OSM) Yangon
2631,3631,ဒီဇင်ဘာ အလယ်ပေါက် မှတ်တိုင်,December Ah Lel Pauk Bus Stop,တောင်ဒဂုံ,South Dagon,အမှတ်(၂)လမ်းမ,No. 2 Main Road,16.943181,96.280162,"https://www.google.com/maps?q=16.943181,96.280162",OpenStreetMap (OSM) Yangon
2632,3632,သပြေခြံ မှတ်တိုင်,Thapyay Chan Bus Stop,တောင်ဒဂုံ,South Dagon,အမှတ်(၂)လမ်းမ,No. 2 Main Road,16.947132,96.283518,"https://www.google.com/maps?q=16.947132,96.283518",OpenStreetMap (OSM) Yangon
2633,3633,ဦးခွေးပု မှတ်တိုင်,U Khway Pu Bus Stop,တောင်ဒဂုံ,South Dagon,အမှတ်(၂)လမ်းမ,No. 2 Main Road,16.954553,96.290055,"https://www.google.com/maps?q=16.954553,96.290055",OpenStreetMap (OSM) Yangon
2634,3634,မုန့်ဖို မှတ်တိုင်,Mote Pho Bus Stop,တောင်ဒဂုံ,South Dagon,အမှတ်(၂)လမ်းမ,No. 2 Main Road,16.951131,96.287059,"https://www.google.com/maps?q=16.951131,96.287059",OpenStreetMap (OSM) Yangon
2635,3635,သမ မှတ်တိုင်,Tha Ma Bus Stop,တောင်ဒဂုံ,South Dagon,အမှတ်(၂)လမ်းမ,No. 2 Main Road,16.956457,96.291714,"https://www.google.com/maps?q=16.956457,96.291714",OpenStreetMap (OSM) Yangon
2636,3636,ရိပ်သာ,Yeik Thar,တောင်ဒဂုံ,South Dagon,အမှတ်(၂)လမ်းမ,No. 2 Main Road,16.958355,96.293384,"https://www.google.com/maps?q=16.958355,96.293384",OpenStreetMap (OSM) Yangon
2637,3637,လေးထောင့်ကန် ( စိုက်မွေး - ၁ ),Layy Htaunk Kann ( Sike Mwayy Titt ),တောင်ဒဂုံ,South Dagon,အမှတ်(၂)လမ်းမ,No. 2 Main Road,16.960315,96.294891,"https://www.google.com/maps?q=16.960315,96.294891",OpenStreetMap (OSM) Yangon
2638,3638,သဉ္ဇာဦး မှတ်တိုင်,Thinzar Oo Bus Stop,လှည်းကူး,Hlegu,Hlegu-Phaung Gyi Road,Hlegu-Phaung Gyi Road,17.098496,96.223397,"https://www.google.com/maps?q=17.098496,96.223397",OpenStreetMap (OSM) Yangon
2639,3639,သမကုန်း အဝိုင်း,Tha Ma Kone A Wine,လှိုင်သာယာ,Hlaingtharyar,အမှတ်(၅)လမ်းမ,No. 5 Main Road,16.87418,96.033707,"https://www.google.com/maps?q=16.87418,96.033707",OpenStreetMap (OSM) Yangon
2640,3640,ဇရပ်ကွင်း ( တာဆုံ ) မှတ်တိုင်,ZAYATKWIN (TARSONE) BUS STOP,လှည်းကူး,Hlegu,Hlegu-Phaung Gyi Road,Hlegu-Phaung Gyi Road,17.132088,96.326546,"https://www.google.com/maps?q=17.132088,96.326546",OpenStreetMap (OSM) Yangon
2641,3641,စီအိုတီ မှတ်တိုင်,COT BUS STOP,လှည်းကူး,Hlegu,Hlegu-Phaung Gyi Road,Hlegu-Phaung Gyi Road,17.148665,96.319021,"https://www.google.com/maps?q=17.148665,96.319021",OpenStreetMap (OSM) Yangon
2642,3642,ရဲမွန် ဘုန်းကြီးကျောင်း မှတ်တိုင်,Ye' Mon Phone Gyi Kyaung ( Yal Mon Monastry ) Bus Stop,လှည်းကူး,Hlegu,Hlegu-Phaung Gyi Road,Hlegu-Phaung Gyi Road,17.137439,96.295072,"https://www.google.com/maps?q=17.137439,96.295072",OpenStreetMap (OSM) Yangon
2643,3643,ပေါက်ကုန်း မှတ်တိုင်,Pauk Kone Bus Stop,လှည်းကူး,Hlegu,Hlegu-Phaung Gyi Road,Hlegu-Phaung Gyi Road,17.1286,96.272224,"https://www.google.com/maps?q=17.1286,96.272224",OpenStreetMap (OSM) Yangon
2644,3644,ဒရယ်ဖို မှတ်တိုင်,Da Yal Pho Bus Stop,လှည်းကူး,Hlegu,Hlegu-Phaung Gyi Road,Hlegu-Phaung Gyi Road,17.106796,96.244732,"https://www.google.com/maps?q=17.106796,96.244732",OpenStreetMap (OSM) Yangon
2645,3645,Thakhinmya,Thakhinmya,အလုံ,Ahlone,ကြည့်မြင်တိုင်ကမ်းနားလမ်း,Kyee Myin Daing Kannar Road,16.777845,96.136046,"https://www.google.com/maps?q=16.777845,96.136046",OpenStreetMap (OSM) Yangon
2646,3646,ရုံးရှေ့ မှတ်တိုင်,Yone Shayt ( Office Front ) Bus Stop,တောင်ဥက္ကလာပ,South Okkalapa,သစ္စာလမ်း,Thitsar Road,16.84445,96.181094,"https://www.google.com/maps?q=16.84445,96.181094",OpenStreetMap (OSM) Yangon
2647,3647,ဥက္ကလာ စာတိုက် မှတ်တိုင်,Okkalar Post Office Bus Stop,တောင်ဥက္ကလာပ,South Okkalapa,သုမင်္ဂလာလမ်း,Thu Mingalar Road,16.846694,96.179574,"https://www.google.com/maps?q=16.846694,96.179574",OpenStreetMap (OSM) Yangon
2648,3648,အင်းတိုင် မှတ်တိုင်,Inn Taing Bus Stop,လှည်းကူး,Hlegu,Hlegu-Phaung Gyi Road,Hlegu-Phaung Gyi Road,17.111032,96.323107,"https://www.google.com/maps?q=17.111032,96.323107",OpenStreetMap (OSM) Yangon
2649,3649,တကောင်း မှတ်တိုင်,Tagaung Bus Stop,တောင်ဥက္ကလာပ,South Okkalapa,ပါရမီလမ်း,Parami Road,16.85476,96.173442,"https://www.google.com/maps?q=16.85476,96.173442",OpenStreetMap (OSM) Yangon
2650,3650,( ၄၃၆ ) မှတ်တိုင်,Layy Thone Chauk ( 436 ) Bus Stop,တောင်ဥက္ကလာပ,South Okkalapa,ဝေဇယန္တာလမ်း,Waizayanta Road,16.866733,96.168178,"https://www.google.com/maps?q=16.866733,96.168178",OpenStreetMap (OSM) Yangon
2651,3651,ကျောင်း လမ်း မှတ်တိုင်,Kyaung Lann ( School Street ) Bus Stop,မြောက်ဥက္ကလာပ,North Okkalapa,သုဓမ္မာလမ်း,Thudhamar Road,16.876739,96.158596,"https://www.google.com/maps?q=16.876739,96.158596",OpenStreetMap (OSM) Yangon
2652,3652,အုတ်ပုံဆိပ် မှတ်တိုင်,Oak Pone Seik Bus Stop,မြောက်ဥက္ကလာပ,North Okkalapa,သုဓမ္မာလမ်း,Thudhamar Road,16.873605,96.159567,"https://www.google.com/maps?q=16.873605,96.159567",OpenStreetMap (OSM) Yangon
2653,3653,( ၂ ) ဈေး မှတ်တိုင်,Hnit Zayy ( No. 2 Market ) Bus Stop,မြောက်ဥက္ကလာပ,North Okkalapa,သုဓမ္မာလမ်း,Thudhamar Road,16.879065,96.158228,"https://www.google.com/maps?q=16.879065,96.158228",OpenStreetMap (OSM) Yangon
2654,3654,ကျောင်းကွေ့ မှတ်တိုင်,Kyaung Gwayt Bus Stop,မြောက်ဥက္ကလာပ,North Okkalapa,သုဓမ္မာလမ်း,Thudhamar Road,16.881388,96.15805,"https://www.google.com/maps?q=16.881388,96.15805",OpenStreetMap (OSM) Yangon
2655,3655,The ma koneA001,The ma koneA001,လှိုင်သာယာ,Hlaingtharyar,The ma kone,The ma kone,16.874474,96.032821,"https://www.google.com/maps?q=16.874474,96.032821",OpenStreetMap (OSM) Yangon
2656,3656,( ၄၃၅ ) မှတ်တိုင်,Layy Thone Ngarr ( 435 ) Bus Stop,တောင်ဥက္ကလာပ,South Okkalapa,ဝေဇယန္တာလမ်း,Waizayanta Road,16.870489,96.161755,"https://www.google.com/maps?q=16.870489,96.161755",OpenStreetMap (OSM) Yangon
2657,3657,တာမွေဈေးဟောင်း/အခွန်လွတ်ဈေးမှတ်တိုင်,Tamwe Akhon lott Zay,တာမွေ,Tamwe,ကျိုက္ကဆံလမ်း,Kyaikkasan Road,16.813286,96.174781,"https://www.google.com/maps?q=16.813286,96.174781",OpenStreetMap (OSM) Yangon
2658,3658,တံတားထိပ် မှတ်တိုင်,Ta Darr Htake Bus Stop,တောင်ဒဂုံ,South Dagon,စည်ပင်လမ်း,Si Pin Road,16.855986,96.237394,"https://www.google.com/maps?q=16.855986,96.237394",OpenStreetMap (OSM) Yangon
2659,3659,ကွမ်းယာဆိုင် မှတ်တိုင်,Kwunn Yar Saing Bus Stop,တောင်ဒဂုံ,South Dagon,စည်ပင်လမ်း,Si Pin Road,16.860175,96.232272,"https://www.google.com/maps?q=16.860175,96.232272",OpenStreetMap (OSM) Yangon
2660,3660,မြို့ဦးကျောင်း မှတ်တိုင်,Myot Oo Kyaung Bus Stop,တောင်ဒဂုံ,South Dagon,စည်ပင်လမ်း,Si Pin Road,16.861743,96.230194,"https://www.google.com/maps?q=16.861743,96.230194",OpenStreetMap (OSM) Yangon
2661,3661,အနောက်ပိုင်း တက္ကသိုလ်,A Nauk Pine Takkatol ( University of West Yangon ),လှိုင်သာယာ,Hlaingtharyar,အမှတ်(၅)လမ်းမ,No. 5 Main Road,16.94719,96.01587,"https://www.google.com/maps?q=16.94719,96.01587",OpenStreetMap (OSM) Yangon
2662,3662,ရွှေလမင်း,Shwe La Min,မြောက်ဥက္ကလာပ,North Okkalapa,သုဓမ္မာလမ်း,Thudhamar Road,16.934408,96.180436,"https://www.google.com/maps?q=16.934408,96.180436",OpenStreetMap (OSM) Yangon
2663,3663,( ၄၅ ) မှတ်တိုင်,Layy Satt Ngarr ( 45 ) Bus Stop,မြောက်ဒဂုံ,North Dagon,ဗိုလ်မှူးဗထူးလမ်း,Bo Hmu Ba Htoo Road,16.895253,96.194329,"https://www.google.com/maps?q=16.895253,96.194329",OpenStreetMap (OSM) Yangon
2664,3664,( ၄၅ ) မှတ်တိုင်,Layy Satt Ngarr ( 45 ) Bus Stop,မြောက်ဒဂုံ,North Dagon,ဗိုလ်မှူးဗထူးလမ်း,Bo Hmu Ba Htoo Road,16.894431,96.195029,"https://www.google.com/maps?q=16.894431,96.195029",OpenStreetMap (OSM) Yangon
2665,3665,ပါရမီ,Parami,မြောက်ဥက္ကလာပ,North Okkalapa,သုဓမ္မာလမ်း,Thudhamar Road,16.931338,96.180858,"https://www.google.com/maps?q=16.931338,96.180858",OpenStreetMap (OSM) Yangon
2666,3666,ကျောင်းရှေ့,Kyaung She,တောင်ဒဂုံ,South Dagon,ရတနာပုံလမ်း,Yadanarpon Road,16.875591,96.248774,"https://www.google.com/maps?q=16.875591,96.248774",OpenStreetMap (OSM) Yangon
2667,3667,ငါး ခြောက် (၅-၆) မှတ်တိုင်,Ngar Chauk (5-6),မရမ်းကုန်း,Mayangone,ဘုရင့်နောင်လမ်း,Bayint Naung Road,16.857424,96.115833,"https://www.google.com/maps?q=16.857424,96.115833",OpenStreetMap (OSM) Yangon
2668,3668,မဝတ ရုံးရှေ့ / အိုးအိမ် မှတ်တိုင်,Ma Wa Ta Yone Shayt / Oh Eain Bus Stop,ဒဂုံဆိပ်ကမ်း,Dagon Seikkan,ကျွန်းရွှေဝါလမ်း,Kyun Shwe Wah Road,16.832419,96.264859,"https://www.google.com/maps?q=16.832419,96.264859",OpenStreetMap (OSM) Yangon
2669,3669,ဧရာဝဏ် မှတ်တိုင်,Ayar Wun Bus Stop,တောင်ဒဂုံ,South Dagon,လှော်ကားလမ်း,Hlawga Road,16.849191,96.245942,"https://www.google.com/maps?q=16.849191,96.245942",OpenStreetMap (OSM) Yangon
2670,3670,အဝေရာ မှတ်တိုင်,A Wai Yar Bus Stop,တောင်ဒဂုံ,South Dagon,လှော်ကားလမ်း,Hlawga Road,16.850495,96.244273,"https://www.google.com/maps?q=16.850495,96.244273",OpenStreetMap (OSM) Yangon
2671,3671,ရိုးလေး,124,လှိုင်သာယာ,Hlaingtharyar,အမှတ်(၅)လမ်းမ,No. 5 Main Road,16.902613,96.047127,"https://www.google.com/maps?q=16.902613,96.047127",OpenStreetMap (OSM) Yangon
2672,3672,ကျန်းမာရေး မှတ်တိုင်,Kyann Mar Yayy Bus Stop,တောင်ဒဂုံ,South Dagon,စည်ပင်လမ်း,Si Pin Road,16.856379,96.233081,"https://www.google.com/maps?q=16.856379,96.233081",OpenStreetMap (OSM) Yangon
2673,3673,ကျောင်းရှေ့ မှတ်တိုင်,Kyaung Shayt Bus Stop,တောင်ဒဂုံ,South Dagon,စည်ပင်လမ်း,Si Pin Road,16.854393,96.231352,"https://www.google.com/maps?q=16.854393,96.231352",OpenStreetMap (OSM) Yangon
2674,3674,ဂိတ်ဟောင်း မှတ်တိုင်,Gate Haung Bus Stop,တောင်ဒဂုံ,South Dagon,စည်ပင်လမ်း,Si Pin Road,16.852372,96.22961,"https://www.google.com/maps?q=16.852372,96.22961",OpenStreetMap (OSM) Yangon
2675,3675,ရွှေဂုံတိုင် (တောင်),Shwe Gone Tine (south),ဒဂုံ,Dagon,အာဇာနည်လမ်း,RZarNi Road,16.805285,96.155979,"https://www.google.com/maps?q=16.805285,96.155979",OpenStreetMap (OSM) Yangon
2676,3676,သံလမ်း မှတ်တိုင်,Than Lann Bus Stop,တောင်ဒဂုံ,South Dagon,ပြည်ထောင်စုလမ်းမကြီး,Pyi Htaung Su Main Road,16.855126,96.215818,"https://www.google.com/maps?q=16.855126,96.215818",OpenStreetMap (OSM) Yangon
2677,3677,ပေါက်ကုန်း အဝိုင်း ထိပ်,Pauk Kone A Wine Htake,လှိုင်သာယာ,Hlaingtharyar,အမှတ်(၅)လမ်းမ,No. 5 Main Road,16.922521,96.054683,"https://www.google.com/maps?q=16.922521,96.054683",OpenStreetMap (OSM) Yangon
2678,3678,ကျောင်းရှေ့ မှတ်တိုင်,Kyaung Shayt Bus Stop,တာမွေ,Tamwe,အနောက်မြင်းပြိုင်လမ်း,West Horse Race Course Road,16.81544,96.17247,"https://www.google.com/maps?q=16.81544,96.17247",OpenStreetMap (OSM) Yangon
2679,3679,အမှိုက်ပုံ မှတ်တိုင်,အမှိုက်ပုံ မှတ်တိုင်,မြောက်ဥက္ကလာပ,North Okkalapa,သုဓမ္မာလမ်း,Thudhamar Road,16.9115,96.191907,"https://www.google.com/maps?q=16.9115,96.191907",OpenStreetMap (OSM) Yangon
2680,3680,Nat Mauk Street,Nat Mauk Street,တောင်ဒဂုံ,South Dagon,စည်ပင်လမ်း,Si Pin Road,16.857468,96.226741,"https://www.google.com/maps?q=16.857468,96.226741",OpenStreetMap (OSM) Yangon
2681,3681,ကျောင်းလမ်း,Kyaung Lann,မြောက်ဒဂုံ,North Dagon,ဗိုလ်မှူးဗထူးလမ်း,Bo Hmu Ba Htoo Road,16.894569,96.203614,"https://www.google.com/maps?q=16.894569,96.203614",OpenStreetMap (OSM) Yangon
2682,3682,ဂိတ်ေဟောင်း,Gate Haung,မြောက်ဒဂုံ,North Dagon,ဗိုလ်မှူးဗထူးလမ်း,Bo Hmu Ba Htoo Road,16.896524,96.207513,"https://www.google.com/maps?q=16.896524,96.207513",OpenStreetMap (OSM) Yangon
2683,3683,(၇/၈) လမ်းဆုံ,(7/8) Intersection Bus Stop,မြောက်ဒဂုံ,North Dagon,ဗိုလ်မှူးဗထူးလမ်း,Bo Hmu Ba Htoo Road,16.891148,96.196932,"https://www.google.com/maps?q=16.891148,96.196932",OpenStreetMap (OSM) Yangon
2684,3684,35,35,မြောက်ဒဂုံ,North Dagon,Dagon University,Dagon University,16.912688,96.215125,"https://www.google.com/maps?q=16.912688,96.215125",OpenStreetMap (OSM) Yangon
2685,3685,၈ သမ,8 Tha Ma,မြောက်ဒဂုံ,North Dagon,ဗိုလ်မှူးဗထူးလမ်း,Bo Hmu Ba Htoo Road,16.893051,96.2007,"https://www.google.com/maps?q=16.893051,96.2007",OpenStreetMap (OSM) Yangon
2686,3686,(၆) လမ်း,6 Lann,မြောက်ဒဂုံ,North Dagon,ပင်လုံလမ်း,Pin Lon Road,16.8692,96.177703,"https://www.google.com/maps?q=16.8692,96.177703",OpenStreetMap (OSM) Yangon
2687,3687,ဟောင်ကောင်,Houng Koung,မြောက်ဒဂုံ,North Dagon,ပင်လုံလမ်း,Pin Lon Road,16.871807,96.176236,"https://www.google.com/maps?q=16.871807,96.176236",OpenStreetMap (OSM) Yangon
2688,3688,ဂန္ဒီ မှတ်တိုင်,Gandhi Bus Stop,ပုဇွန်တောင်,Pazundaung,မဟာဗန္ဓုလလမ်း,Mahabandoola Road,16.771245,96.17472,"https://www.google.com/maps?q=16.771245,96.17472",OpenStreetMap (OSM) Yangon
2689,3689,အကြော်တဲ,Akyawatal,မြောက်ဒဂုံ,North Dagon,ပင်လုံလမ်း,Pin Lon Road,16.874494,96.174295,"https://www.google.com/maps?q=16.874494,96.174295",OpenStreetMap (OSM) Yangon
2690,3690,နံ့သာကုန်း မှတ်တိုင်,Nant Thar Kone Bus Stop,သန်လျင်,Thanlyin,Bogyoke Nay Win Road,Bogyoke Nay Win Road,16.770401,96.250968,"https://www.google.com/maps?q=16.770401,96.250968",OpenStreetMap (OSM) Yangon
2691,3691,ဆိုက်ရှေ့,Site Shae,မြောက်ဒဂုံ,North Dagon,ပင်လုံလမ်း,Pin Lon Road,16.876117,96.172691,"https://www.google.com/maps?q=16.876117,96.172691",OpenStreetMap (OSM) Yangon
2692,3692,နာရီစင် မှတ်တိုင်,Nar Yi Sin ( Clock Tower ) Bus Stop,သန်လျင်,Thanlyin,Bogyoke Nay Win Road,Bogyoke Nay Win Road,16.765515,96.251524,"https://www.google.com/maps?q=16.765515,96.251524",OpenStreetMap (OSM) Yangon
2693,3693,ကားလေးဂိတ်,Carlay Gate,မြောက်ဥက္ကလာပ,North Okkalapa,သုဓမ္မာလမ်း,Thudhamar Road,16.877904,96.171756,"https://www.google.com/maps?q=16.877904,96.171756",OpenStreetMap (OSM) Yangon
2694,3694,မဆလာ စက် / ဂန္ဒီ မှတ်တိုင်,"Masalar Sett Gandhi Bus Stop #4,31",ပုဇွန်တောင်,Pazundaung,အောက်ပုဇွန်တောင်လမ်း,Lower Pazundaung Road,16.776383,96.174755,"https://www.google.com/maps?q=16.776383,96.174755",OpenStreetMap (OSM) Yangon
2695,3695,ဒေါပုံ သင်္ဘောကျင်း,Dawbon Thinn Baw Kyinn,ဒေါပုံ,Dawbon,ယမုံနာလမ်း,Yamonar Road,16.781294,96.188722,"https://www.google.com/maps?q=16.781294,96.188722",OpenStreetMap (OSM) Yangon
2696,3696,နတ်စင်တစ်ရာ,Natsintayar,သန်လျင်,Thanlyin,အမှတ်(၆)လမ်းမ,No. 6 Main Road,16.726236,96.28002,"https://www.google.com/maps?q=16.726236,96.28002",OpenStreetMap (OSM) Yangon
2697,3697,စစ်စည်းတော,Sitseetaw,သန်လျင်,Thanlyin,အမှတ်(၆)လမ်းမ,No. 6 Main Road,16.723889,96.283256,"https://www.google.com/maps?q=16.723889,96.283256",OpenStreetMap (OSM) Yangon
2698,3698,ဆန်စက်,Sansat,သန်လျင်,Thanlyin,အမှတ်(၆)လမ်းမ,No. 6 Main Road,16.72274,96.285066,"https://www.google.com/maps?q=16.72274,96.285066",OpenStreetMap (OSM) Yangon
2699,3699,ကျိုက်အင်း,ုုKyeikimm,သန်လျင်,Thanlyin,အမှတ်(၆)လမ်းမ,No. 6 Main Road,16.718723,96.289214,"https://www.google.com/maps?q=16.718723,96.289214",OpenStreetMap (OSM) Yangon
2700,3700,ဂိတ်ဝ,Gatewa,သန်လျင်,Thanlyin,အမှတ်(၆)လမ်းမ,No. 6 Main Road,16.716115,96.290627,"https://www.google.com/maps?q=16.716115,96.290627",OpenStreetMap (OSM) Yangon
2701,3701,နတ်စင်ကုန်း,Natsingome,သန်လျင်,Thanlyin,အမှတ်(၆)လမ်းမ,No. 6 Main Road,16.713477,96.292338,"https://www.google.com/maps?q=16.713477,96.292338",OpenStreetMap (OSM) Yangon
2702,3702,စော်ဘွား,SawBwar,သန်လျင်,Thanlyin,အမှတ်(၆)လမ်းမ,No. 6 Main Road,16.711174,96.29404,"https://www.google.com/maps?q=16.711174,96.29404",OpenStreetMap (OSM) Yangon
2703,3703,ငါးစု,Ngarsu,သန်လျင်,Thanlyin,အမှတ်(၆)လမ်းမ,No. 6 Main Road,16.707804,96.295477,"https://www.google.com/maps?q=16.707804,96.295477",OpenStreetMap (OSM) Yangon
2704,3704,ထားမလုံ,Htarmalome,သန်လျင်,Thanlyin,အမှတ်(၆)လမ်းမ,No. 6 Main Road,16.7055,96.297312,"https://www.google.com/maps?q=16.7055,96.297312",OpenStreetMap (OSM) Yangon
2705,3705,ဘုရားလေး,Bayarlay,သန်လျင်,Thanlyin,သန်လျှင်-ကျောက်တန်းလမ်း,Thanlyin-Kyauktan Road,16.698771,96.304822,"https://www.google.com/maps?q=16.698771,96.304822",OpenStreetMap (OSM) Yangon
2706,3706,ကိုတင်မောင်ခြံဝ,KotinmaungChanwa,သန်လျင်,Thanlyin,သန်လျှင်-ကျောက်တန်းလမ်း,Thanlyin-Kyauktan Road,16.695988,96.305886,"https://www.google.com/maps?q=16.695988,96.305886",OpenStreetMap (OSM) Yangon
2707,3707,အောင်သပြေ,Aungthapyay,သန်လျင်,Thanlyin,သန်လျှင်-ကျောက်တန်းလမ်း,Thanlyin-Kyauktan Road,16.685767,96.309448,"https://www.google.com/maps?q=16.685767,96.309448",OpenStreetMap (OSM) Yangon
2708,3708,ဂိတ် (၁),Gate 1,သန်လျင်,Thanlyin,သန်လျှင်-ကျောက်တန်းလမ်း,Thanlyin-Kyauktan Road,16.683135,96.311932,"https://www.google.com/maps?q=16.683135,96.311932",OpenStreetMap (OSM) Yangon
2709,3709,ဂိတ်ဟောင်း,Gatehaung,သန်လျင်,Thanlyin,သန်လျှင်-ကျောက်တန်းလမ်း,Thanlyin-Kyauktan Road,16.681833,96.313934,"https://www.google.com/maps?q=16.681833,96.313934",OpenStreetMap (OSM) Yangon
2710,3710,အလယ်ရွာ,Alaeywar,သန်လျင်,Thanlyin,သန်လျှင်-ကျောက်တန်းလမ်း,Thanlyin-Kyauktan Road,16.680712,96.315744,"https://www.google.com/maps?q=16.680712,96.315744",OpenStreetMap (OSM) Yangon
2711,3711,ဘုရင့်နောင် လမ်းဆုံ,Bayint Naung Lan Sone,မရမ်းကုန်း,Mayangone,ပိတောက်လမ်း,ပိတောက်လမ်း,16.862482,96.107553,"https://www.google.com/maps?q=16.862482,96.107553",OpenStreetMap (OSM) Yangon
2712,3712,ထမနီးဘုန်းကြီးကျောင်းရှေ့,Htamaniphonegyikyaungshae,သန်လျင်,Thanlyin,သန်လျှင်-ကျောက်တန်းလမ်း,Thanlyin-Kyauktan Road,16.679337,96.317412,"https://www.google.com/maps?q=16.679337,96.317412",OpenStreetMap (OSM) Yangon
2713,3713,ရဲဘော်ဟောင်း,Yal Baw Haung,မင်္ဂလာဒုံ,Mingaladon,အမှတ်(၁)လမ်းမ,No. 1 Main Road,16.991486,96.130926,"https://www.google.com/maps?q=16.991486,96.130926",OpenStreetMap (OSM) Yangon
2714,3714,ဆရာတော်ကြီးကျောင်း,SAYARTAWGYI,အင်းစိန်,Insein,အောက်မင်္ဂလာဒုံလမ်း,Lower Mingalardon Road,16.894552,96.094785,"https://www.google.com/maps?q=16.894552,96.094785",OpenStreetMap (OSM) Yangon
2715,3715,ထမနီးကုန်းထိပ်,Htamanikomehtate,သန်လျင်,Thanlyin,သန်လျှင်-ကျောက်တန်းလမ်း,Thanlyin-Kyauktan Road,16.676407,96.319514,"https://www.google.com/maps?q=16.676407,96.319514",OpenStreetMap (OSM) Yangon
2716,3716,စိုက်ပျိုးရေး,Sitepyoyay,သန်လျင်,Thanlyin,သန်လျှင်-ကျောက်တန်းလမ်း,Thanlyin-Kyauktan Road,16.673373,96.320839,"https://www.google.com/maps?q=16.673373,96.320839",OpenStreetMap (OSM) Yangon
2717,3717,ညောင်ဝိုင်း,Nyaungwine,သန်လျင်,Thanlyin,သန်လျှင်-ကျောက်တန်းလမ်း,Thanlyin-Kyauktan Road,16.667555,96.321577,"https://www.google.com/maps?q=16.667555,96.321577",OpenStreetMap (OSM) Yangon
2718,3718,ပါဒကြီး,Padagyi,ကျောက်တန်း,Kyauktan,သန်လျှင်-ကျောက်တန်းလမ်း,Thanlyin-Kyauktan Road,16.656454,96.318495,"https://www.google.com/maps?q=16.656454,96.318495",OpenStreetMap (OSM) Yangon
2719,3719,အောက်ဂိတ် မှတ်တိုင်,Auk Gate Bus Stop,ရွှေပြည်သာ,Shwepyitha,အမှတ်(၄)လမ်းမ,No. 4 Main Road,17.001216,96.06659,"https://www.google.com/maps?q=17.001216,96.06659",OpenStreetMap (OSM) Yangon
2720,3720,အောင်မေတ္တာ,AungMyittar,ရွှေပြည်သာ,Shwepyitha,အမှတ်(၄)လမ်းမ,No. 4 Main Road,16.990612,96.070728,"https://www.google.com/maps?q=16.990612,96.070728",OpenStreetMap (OSM) Yangon
2721,3721,အောင်ချမ်းသာ,Aungchanthar,ရွှေပြည်သာ,Shwepyitha,အမှတ်(၄)လမ်းမ,No. 4 Main Road,16.989081,96.071313,"https://www.google.com/maps?q=16.989081,96.071313",OpenStreetMap (OSM) Yangon
2722,3722,လိန်ကုန်း မှတ်တိုင်,Lain Kone Bus Stop,ရွှေပြည်သာ,Shwepyitha,အမှတ်(၄)လမ်းမ,No. 4 Main Road,17.00067,96.053092,"https://www.google.com/maps?q=17.00067,96.053092",OpenStreetMap (OSM) Yangon
2723,3723,ငြိမ်းချမ်းရေး,Nyein Chan Yay,ရွှေပြည်သာ,Shwepyitha,အမှတ်(၄)လမ်းမ,No. 4 Main Road,16.986575,96.071942,"https://www.google.com/maps?q=16.986575,96.071942",OpenStreetMap (OSM) Yangon
2724,3724,(ဏ) ကွေ့,(Na) Kway,ရွှေပြည်သာ,Shwepyitha,အမှတ်(၄)လမ်းမ,No. 4 Main Road,16.983014,96.071258,"https://www.google.com/maps?q=16.983014,96.071258",OpenStreetMap (OSM) Yangon
2725,3725,ရုပ်ရှင်ရုံ,Yote Shin Yone,မှော်ဘီ,Hmawbi,ရန်ကုန်-ပြည်လမ်းမကြီး,Yangon-Pyay Main Road,17.100999,96.046023,"https://www.google.com/maps?q=17.100999,96.046023",OpenStreetMap (OSM) Yangon
2726,3726,ဆေးခန်း,Say Khan,ရွှေပြည်သာ,Shwepyitha,အမှတ်(၄)လမ်းမ,No. 4 Main Road,16.958631,96.076743,"https://www.google.com/maps?q=16.958631,96.076743",OpenStreetMap (OSM) Yangon
2727,3727,ကျောင်းရှေ့ မှတ်တိုင်,Kyaung Shayt ( School Front ) Bus Stop,ရွှေပြည်သာ,Shwepyitha,အမှတ်(၄)လမ်းမ,No. 4 Main Road,17.005124,96.082801,"https://www.google.com/maps?q=17.005124,96.082801",OpenStreetMap (OSM) Yangon
2728,3728,ကားကြီးဂိတ်,Kar Gyi Gate,ရွှေပြည်သာ,Shwepyitha,အမှတ်(၄)လမ်းမ,No. 4 Main Road,16.961642,96.077806,"https://www.google.com/maps?q=16.961642,96.077806",OpenStreetMap (OSM) Yangon
2729,3729,အမှတ် ( ၃ ) လမ်းဆုံ မှတ်တိုင်,Ah Hmat Thone ( No. (3) Junction ) Bus Stop,လှည်းကူး,Hlegu,အမှတ်(၁)လမ်းမ,No. 1 Main Road,17.065784,96.166693,"https://www.google.com/maps?q=17.065784,96.166693",OpenStreetMap (OSM) Yangon
2730,3730,မြို့လျှောက် လမ်း မှတ်တိုင်,Myot Shauk Lann Bus Stop,ထောက်ကြန့်,Htaukkyant,အမှတ်(၂)လမ်းမ,No. 2 Main Road,17.048284,96.141788,"https://www.google.com/maps?q=17.048284,96.141788",OpenStreetMap (OSM) Yangon
2731,3731,ဆောက်လုပ်ရေး မှတ်တိုင်,Sauk Lote Yayy Bus Stop,ထောက်ကြန့်,Htaukkyant,အမှတ်(၂)လမ်းမ,No. 2 Main Road,17.055679,96.152159,"https://www.google.com/maps?q=17.055679,96.152159",OpenStreetMap (OSM) Yangon
2732,3732,ရုံးရှေ့,Yoneshae,ရွှေပြည်သာ,Shwepyitha,အမှတ်(၄)လမ်းမ,No. 4 Main Road,16.982668,96.072437,"https://www.google.com/maps?q=16.982668,96.072437",OpenStreetMap (OSM) Yangon
2733,3733,ကလိုင်ထော် မှတ်တိုင်,Ka Laing Htaw Bus Stop,ထောက်ကြန့်,Htaukkyant,အမှတ်(၂)လမ်းမ,No. 2 Main Road,17.057832,96.155272,"https://www.google.com/maps?q=17.057832,96.155272",OpenStreetMap (OSM) Yangon
2734,3734,စိမ်းလဲ့ဦး,Sein Lei Oo,ထောက်ကြန့်,Htaukkyant,အမှတ်(၂)လမ်းမ,No. 2 Main Road,17.060639,96.159294,"https://www.google.com/maps?q=17.060639,96.159294",OpenStreetMap (OSM) Yangon
2735,3735,ထန်းပင်ကန် မှတ်တိုင်,Htan Pin Kan Bus Stop,လှည်းကူး,Hlegu,အမှတ်(၁)လမ်းမ,No. 1 Main Road,17.072675,96.176567,"https://www.google.com/maps?q=17.072675,96.176567",OpenStreetMap (OSM) Yangon
2736,3736,ကိုးသုံးလုံး,Koethonelone,ရွှေပြည်သာ,Shwepyitha,အမှတ်(၄)လမ်းမ,No. 4 Main Road,16.982129,96.074444,"https://www.google.com/maps?q=16.982129,96.074444",OpenStreetMap (OSM) Yangon
2737,3737,ရွှေဝါမြေ မှတ်တိုင်,Shwe Wah Myay Bus Stop,လှည်းကူး,Hlegu,အမှတ်(၁)လမ်းမ,No. 1 Main Road,17.076302,96.181715,"https://www.google.com/maps?q=17.076302,96.181715",OpenStreetMap (OSM) Yangon
2738,3738,ဆန်စက် မှတ်တိုင်,San Sett Bus Stop,လှည်းကူး,Hlegu,အမှတ်(၁)လမ်းမ,No. 1 Main Road,17.08221,96.19025,"https://www.google.com/maps?q=17.08221,96.19025",OpenStreetMap (OSM) Yangon
2739,3739,ကျွန်းကလေး မှတ်တိုင်,Kyunn Ka Layy Bus Stop,လှည်းကူး,Hlegu,အမှတ်(၁)လမ်းမ,No. 1 Main Road,17.083904,96.1926,"https://www.google.com/maps?q=17.083904,96.1926",OpenStreetMap (OSM) Yangon
2740,3740,ရိတ်သိမ်း မှတ်တိုင်,Yake Thein Bus Stop,လှည်းကူး,Hlegu,အမှတ်(၁)လမ်းမ,No. 1 Main Road,17.084853,96.193971,"https://www.google.com/maps?q=17.084853,96.193971",OpenStreetMap (OSM) Yangon
2741,3741,အနောက် ဇရပ် မှတ်တိုင်,Ah Nauk Za Yat Bus Stop,လှည်းကူး,Hlegu,အမှတ်(၁)လမ်းမ,No. 1 Main Road,17.085619,96.195094,"https://www.google.com/maps?q=17.085619,96.195094",OpenStreetMap (OSM) Yangon
2742,3742,အရှေ့ ဇရပ် မှတ်တိုင်,Ah Shayt Za Yat Bus Stop,လှည်းကူး,Hlegu,အမှတ်(၁)လမ်းမ,No. 1 Main Road,17.087614,96.197963,"https://www.google.com/maps?q=17.087614,96.197963",OpenStreetMap (OSM) Yangon
2743,3743,(၃) ထိပ်,THONE HTAKE,ရွှေပြည်သာ,Shwepyitha,အမှတ်(၄)လမ်းမ,No. 4 Main Road,16.98152,96.077382,"https://www.google.com/maps?q=16.98152,96.077382",OpenStreetMap (OSM) Yangon
2744,3744,အာဇီဝ မှတ်တိုင်,Ar Zi Wa Bus Stop,လှည်းကူး,Hlegu,အမှတ်(၁)လမ်းမ,No. 1 Main Road,17.088899,96.200929,"https://www.google.com/maps?q=17.088899,96.200929",OpenStreetMap (OSM) Yangon
2745,3745,စိန်နဂါး မှတ်တိုင်,Sein Nagarr Bus Stop,လှည်းကူး,Hlegu,အမှတ်(၁)လမ်းမ,No. 1 Main Road,17.091473,96.207,"https://www.google.com/maps?q=17.091473,96.207",OpenStreetMap (OSM) Yangon
2746,3746,ရန်ကင်း ( ၅ ) လမ်း မှတ်တိုင်,Yankin Ngarr Lann ( Yankin 5th Street ) Bus Stop,လှည်းကူး,Hlegu,အမှတ်(၁)လမ်းမ,No. 1 Main Road,17.092536,96.209393,"https://www.google.com/maps?q=17.092536,96.209393",OpenStreetMap (OSM) Yangon
2747,3747,ရေချမ်းစင်,Yay Chan Sin,ရွှေပြည်သာ,Shwepyitha,ဘုရင့်နောင်လမ်း,Bayint Naung Road,16.976692,96.076109,"https://www.google.com/maps?q=16.976692,96.076109",OpenStreetMap (OSM) Yangon
2748,3748,ရုံးရှေ့ မှတ်တိုင်,Yone Shayt Bus Stop,လှည်းကူး,Hlegu,အမှတ်(၁)လမ်းမ,No. 1 Main Road,17.093594,96.211857,"https://www.google.com/maps?q=17.093594,96.211857",OpenStreetMap (OSM) Yangon
2749,3749,ရုပ်ရှင်ရုံ မှတ်တိုင်,Yote Shin Yone ( Cinema ) Bus Stop,လှည်းကူး,Hlegu,အမှတ်(၁)လမ်းမ,No. 1 Main Road,17.095239,96.215276,"https://www.google.com/maps?q=17.095239,96.215276",OpenStreetMap (OSM) Yangon
2750,3750,ရိပ်သာ မှတ်တိုင်,Yeik Thar Bus Stop,လှည်းကူး,Hlegu,အမှတ်(၁)လမ်းမ,No. 1 Main Road,17.09577,96.216925,"https://www.google.com/maps?q=17.09577,96.216925",OpenStreetMap (OSM) Yangon
2751,3751,တော်ဝင်,Taw Win,ရွှေပြည်သာ,Shwepyitha,ဘုရင့်နောင်လမ်း,Bayint Naung Road,16.968888,96.077047,"https://www.google.com/maps?q=16.968888,96.077047",OpenStreetMap (OSM) Yangon
2752,3752,ဆောက်လုပ်ရေး မှတ်တိုင်,Sauk Lote Yayy Bus Stop,အင်းစိန်,Insein,အောက်မင်္ဂလာဒုံလမ်း,Lower Mingalardon Road,16.941402,96.102623,"https://www.google.com/maps?q=16.941402,96.102623",OpenStreetMap (OSM) Yangon
2753,3753,ဘုန်းကြီးကျောင်း မှတ်တိုင်,Phone Gyi Kyaung Bus Stop,အင်းစိန်,Insein,အောက်မင်္ဂလာဒုံလမ်း,Lower Mingalardon Road,16.942796,96.10279,"https://www.google.com/maps?q=16.942796,96.10279",OpenStreetMap (OSM) Yangon
2754,3754,မြင်းလှည်း ဂိတ် မှတ်တိုင်,Myin Hle' Gate Bus Stop,အင်းစိန်,Insein,အောက်မင်္ဂလာဒုံလမ်း,Lower Mingalardon Road,16.944134,96.102795,"https://www.google.com/maps?q=16.944134,96.102795",OpenStreetMap (OSM) Yangon
2755,3755,ကန်သာယာ မှတ်တိုင်,Kan Thar Yar Bus Stop,အင်းစိန်,Insein,အောက်မင်္ဂလာဒုံလမ်း,Lower Mingalardon Road,16.95014,96.100763,"https://www.google.com/maps?q=16.95014,96.100763",OpenStreetMap (OSM) Yangon
2756,3756,ကျောင်းလမ်း မှတ်တိုင်,Kyaung Lann Bus Stop,အင်းစိန်,Insein,အောက်မင်္ဂလာဒုံလမ်း,Lower Mingalardon Road,16.952591,96.099821,"https://www.google.com/maps?q=16.952591,96.099821",OpenStreetMap (OSM) Yangon
2757,3757,စစ်တပ် မှတ်တိုင်,Sit Tat Bus Stop,ရွှေပြည်သာ,Shwepyitha,အမှတ်(၄)လမ်းမ,No. 4 Main Road,16.958196,96.09758,"https://www.google.com/maps?q=16.958196,96.09758",OpenStreetMap (OSM) Yangon
2758,3758,ဂိတ်ဟောင်း မှတ်တိုင်,Gate Haung Bus Stop,ရွှေပြည်သာ,Shwepyitha,အမှတ်(၄)လမ်းမ,No. 4 Main Road,16.964693,96.096096,"https://www.google.com/maps?q=16.964693,96.096096",OpenStreetMap (OSM) Yangon
2759,3759,ရဲ ( ၆ ) မှတ်တိုင်,Yal Chauk ( Ye' (6) ) Bus Stop,ရွှေပြည်သာ,Shwepyitha,အမှတ်(၄)လမ်းမ,No. 4 Main Road,16.967899,96.095715,"https://www.google.com/maps?q=16.967899,96.095715",OpenStreetMap (OSM) Yangon
2760,3760,ရဲ ( ၆ ) မှတ်တိုင်,Yal Chauk ( Ye' (6) ) Bus Stop,ရွှေပြည်သာ,Shwepyitha,အမှတ်(၄)လမ်းမ,No. 4 Main Road,16.968753,96.095218,"https://www.google.com/maps?q=16.968753,96.095218",OpenStreetMap (OSM) Yangon
2761,3761,သံဖြူ မှတ်တိုင်,Than Phyu Bus Stop,ရွှေပြည်သာ,Shwepyitha,အမှတ်(၄)လမ်းမ,No. 4 Main Road,16.971546,96.094883,"https://www.google.com/maps?q=16.971546,96.094883",OpenStreetMap (OSM) Yangon
2762,3762,အုတ်ဖို မှတ်တိုင်,Oak Pho Bus Stop,ရွှေပြည်သာ,Shwepyitha,အမှတ်(၄)လမ်းမ,No. 4 Main Road,16.973721,96.094464,"https://www.google.com/maps?q=16.973721,96.094464",OpenStreetMap (OSM) Yangon
2763,3763,ပုည မှတ်တိုင်,Pu Nya ( Ponnya ) Bus Stop,ရွှေပြည်သာ,Shwepyitha,အမှတ်(၄)လမ်းမ,No. 4 Main Road,16.97906,96.093722,"https://www.google.com/maps?q=16.97906,96.093722",OpenStreetMap (OSM) Yangon
2764,3764,နွားခြံ မှတ်တိုင်,Nwar Chan Bus Stop,ရွှေပြည်သာ,Shwepyitha,အမှတ်(၄)လမ်းမ,No. 4 Main Road,16.994779,96.091236,"https://www.google.com/maps?q=16.994779,96.091236",OpenStreetMap (OSM) Yangon
2765,3765,ကွက်သစ် မှတ်တိုင်,Kwak Thit Bus Stop,ရွှေပြည်သာ,Shwepyitha,အမှတ်(၄)လမ်းမ,No. 4 Main Road,17.003762,96.08483,"https://www.google.com/maps?q=17.003762,96.08483",OpenStreetMap (OSM) Yangon
2766,3766,တာဆုံ မှတ်တိုင်,Tar Sone Bus Stop,ရွှေပြည်သာ,Shwepyitha,အမှတ်(၄)လမ်းမ,No. 4 Main Road,17.005554,96.083395,"https://www.google.com/maps?q=17.005554,96.083395",OpenStreetMap (OSM) Yangon
2767,3767,သံလမ်း,Than Lan,သာကေတ,Thaketa,ဧရာဝဏ်လမ်းမကြီး,Ayar Wun Main Road,16.811981,96.232295,"https://www.google.com/maps?q=16.811981,96.232295",OpenStreetMap (OSM) Yangon
2768,3768,ပဒုမ္မာ မှတ်တိုင်,Pa Don Mar Bus Stop,ရွှေပြည်သာ,Shwepyitha,အမှတ်(၄)လမ်းမ,No. 4 Main Road,17.001705,96.086284,"https://www.google.com/maps?q=17.001705,96.086284",OpenStreetMap (OSM) Yangon
2769,3769,သဘာဝ မှတ်တိုင်,Tha Bar Wa Bus Stop,တောင်ဒဂုံ,South Dagon,အမှတ်(၂)လမ်းမ,No. 2 Main Road,16.988415,96.236701,"https://www.google.com/maps?q=16.988415,96.236701",OpenStreetMap (OSM) Yangon
2770,3770,သဘာဝ,Tha Bar Wa,ရွှေပြည်သာ,Shwepyitha,အမှတ်(၄)လမ်းမ,No. 4 Main Road,16.988775,96.09274,"https://www.google.com/maps?q=16.988775,96.09274",OpenStreetMap (OSM) Yangon
2771,3771,အေးသိဒ္ဓိ/ သရက်တော,Aye Theikdi,အင်းစိန်,Insein,မင်းကြီးလမ်း,Min Gyi Road,16.895372,96.101317,"https://www.google.com/maps?q=16.895372,96.101317",OpenStreetMap (OSM) Yangon
2772,3772,သာကေတ အဝိုင်းထိပ်,Thaketa A Wine Htake,သာကေတ,Thaketa,ဧရာဝဏ်လမ်းမကြီး,Ayar Wun Main Road,16.808275,96.217785,"https://www.google.com/maps?q=16.808275,96.217785",OpenStreetMap (OSM) Yangon
2773,3773,နဝရတ် ပတ်လမ်း မှတ်တိုင်,Nawarat Pat Lann Bus Stop,သာကေတ,Thaketa,Thalyin Thada Chin Kat Road,Thalyin Thada Chin Kat Road,16.81163,96.21715,"https://www.google.com/maps?q=16.81163,96.21715",OpenStreetMap (OSM) Yangon
2774,3774,စန်းသော်တာ မှတ်တိုင်,Sann Thaw Tar Bus Stop,လှည်းကူး,Hlegu,Hlegu-Phaung Gyi Road,Hlegu-Phaung Gyi Road,17.104648,96.226845,"https://www.google.com/maps?q=17.104648,96.226845",OpenStreetMap (OSM) Yangon
2775,3775,ညောင်ပင် မှတ်တိုင်,Nyaung Bin Bus Stop,လှည်းကူး,Hlegu,Hlegu-Phaung Gyi Road,Hlegu-Phaung Gyi Road,17.108142,96.226942,"https://www.google.com/maps?q=17.108142,96.226942",OpenStreetMap (OSM) Yangon
2776,3776,ဆည်မြောင်းရုံး မှတ်တိုင်,Sal Myaung Yone Bus Stop,လှည်းကူး,Hlegu,Hlegu-Phaung Gyi Road,Hlegu-Phaung Gyi Road,17.111856,96.226605,"https://www.google.com/maps?q=17.111856,96.226605",OpenStreetMap (OSM) Yangon
2777,3777,ငပိတဲ မှတ်တိုင်,Nga Pi Tae Bus Stop,လှည်းကူး,Hlegu,Hlegu-Phaung Gyi Road,Hlegu-Phaung Gyi Road,17.115158,96.226689,"https://www.google.com/maps?q=17.115158,96.226689",OpenStreetMap (OSM) Yangon
2778,3778,စခန်းကြီး မှတ်တိုင်,Sa Khann Gyi Bus Stop,လှည်းကူး,Hlegu,Hlegu-Phaung Gyi Road,Hlegu-Phaung Gyi Road,17.122805,96.226924,"https://www.google.com/maps?q=17.122805,96.226924",OpenStreetMap (OSM) Yangon
2779,3779,မှန်ကုန်း မှတ်တိုင်,Hman Kome Bus Stop,လှည်းကူး,Hlegu,Hlegu-Phaung Gyi Road,Hlegu-Phaung Gyi Road,17.129909,96.2275,"https://www.google.com/maps?q=17.129909,96.2275",OpenStreetMap (OSM) Yangon
2780,3780,ထိန်သုံးပင် မှတ်တိုင်,Htain Thone Pin Bus Stop,လှည်းကူး,Hlegu,Hlegu-Phaung Gyi Road,Hlegu-Phaung Gyi Road,17.138677,96.226865,"https://www.google.com/maps?q=17.138677,96.226865",OpenStreetMap (OSM) Yangon
2781,3781,ကလီထော် မှတ်တိုင်,Ka Li Htaw Bus Stop,လှည်းကူး,Hlegu,Hlegu-Phaung Gyi Road,Hlegu-Phaung Gyi Road,17.14359,96.226587,"https://www.google.com/maps?q=17.14359,96.226587",OpenStreetMap (OSM) Yangon
2782,3782,အောင်မြေ မှတ်တိုင်,Aung Myay Bus Stop,လှည်းကူး,Hlegu,Hlegu-Phaung Gyi Road,Hlegu-Phaung Gyi Road,17.151781,96.226995,"https://www.google.com/maps?q=17.151781,96.226995",OpenStreetMap (OSM) Yangon
2783,3783,ကြာကန် မှတ်တိုင်,Kyar Kan Bus Stop,လှည်းကူး,Hlegu,Hlegu-Phaung Gyi Road,Hlegu-Phaung Gyi Road,17.15815,96.227992,"https://www.google.com/maps?q=17.15815,96.227992",OpenStreetMap (OSM) Yangon
2784,3784,ကဒစ် မှတ်တိုင်,Ka Dit Bus Stop,လှည်းကူး,Hlegu,Hlegu-Phaung Gyi Road,Hlegu-Phaung Gyi Road,17.164441,96.229239,"https://www.google.com/maps?q=17.164441,96.229239",OpenStreetMap (OSM) Yangon
2785,3785,နှုတ်ခမ်းမွှေးသိုက် မှတ်တိုင်,Hnoke Kham Hmway Tike Bus Stop,လှည်းကူး,Hlegu,Hlegu-Phaung Gyi Road,Hlegu-Phaung Gyi Road,17.180304,96.231771,"https://www.google.com/maps?q=17.180304,96.231771",OpenStreetMap (OSM) Yangon
2786,3786,ဆီအုန်း မှတ်တိုင်,Si Ohn Bus Stop,လှည်းကူး,Hlegu,Hlegu-Phaung Gyi Road,Hlegu-Phaung Gyi Road,17.188234,96.2341,"https://www.google.com/maps?q=17.188234,96.2341",OpenStreetMap (OSM) Yangon
2787,3787,သပြေကုန်း မှတ်တိုင်,Tha Pyay Kome Bus Stop,လှည်းကူး,Hlegu,Hlegu-Phaung Gyi Road,Hlegu-Phaung Gyi Road,17.194528,96.234092,"https://www.google.com/maps?q=17.194528,96.234092",OpenStreetMap (OSM) Yangon
2788,3788,အောင်ဇေယျ,Aungzayya,သင်္ဃန်းကျွန်း,Thingangyun,သံသုမာလမ်း,Thanthumar Road,16.825023,96.209562,"https://www.google.com/maps?q=16.825023,96.209562",OpenStreetMap (OSM) Yangon
2789,3789,ဘုရင့်နောင်,Bayintnaung,သင်္ဃန်းကျွန်း,Thingangyun,သံသုမာလမ်း,Thanthumar Road,16.822626,96.211915,"https://www.google.com/maps?q=16.822626,96.211915",OpenStreetMap (OSM) Yangon
2790,3790,ညောင်ပင်,Nyaungpin,သင်္ဃန်းကျွန်း,Thingangyun,သံသုမာလမ်း,Thanthumar Road,16.820754,96.213343,"https://www.google.com/maps?q=16.820754,96.213343",OpenStreetMap (OSM) Yangon
2791,3791,တွံတေး ကျောက်တိုင် မှတ်တိုင်,Twantay Kyauk Taing Bus Stop,လှိုင်သာယာ,Hlaingtharyar,University of Technology,University of Technology,16.712221,95.928665,"https://www.google.com/maps?q=16.712221,95.928665",OpenStreetMap (OSM) Yangon
2792,3792,စကားဝါ,Sagarwar,သင်္ဃန်းကျွန်း,Thingangyun,သံသုမာလမ်း,Thanthumar Road,16.819452,96.214136,"https://www.google.com/maps?q=16.819452,96.214136",OpenStreetMap (OSM) Yangon
2793,3793,စက်ရုံရှေ့,Satyoneshae,သင်္ဃန်းကျွန်း,Thingangyun,သံသုမာလမ်း,Thanthumar Road,16.817651,96.214944,"https://www.google.com/maps?q=16.817651,96.214944",OpenStreetMap (OSM) Yangon
2794,3794,လယ်ယာ ဂိတ်ရင်း မှတ်တိုင်,Lal Yar Gate Yin,သာကေတ,Thaketa,National Races Village,National Races Village,16.804592,96.22539,"https://www.google.com/maps?q=16.804592,96.22539",OpenStreetMap (OSM) Yangon
2795,3795,လယ်ယာ ဂိတ်ရင်း မှတ်တိုင်,Lal Yar Gate Yin,သာကေတ,Thaketa,National Races Village,National Races Village,16.804938,96.225626,"https://www.google.com/maps?q=16.804938,96.225626",OpenStreetMap (OSM) Yangon
2796,3796,ဆောက်လုပ်ရေး,Sout Loat Yae,ထောက်ကြန့်,Htaukkyant,ရန်ကုန်-ပြည်လမ်းမကြီး,Yangon-Pyay Main Road,17.057524,96.118504,"https://www.google.com/maps?q=17.057524,96.118504",OpenStreetMap (OSM) Yangon
2797,3797,သန်လျက်စွန်း မှတ်တိုင်,Than Lyet Soon Bus Stop,ဒေါပုံ,Dawbon,ယမုံနာလမ်း,Yamonar Road,16.768428,96.191985,"https://www.google.com/maps?q=16.768428,96.191985",OpenStreetMap (OSM) Yangon
2798,3798,ဒလ ဆိပ်ကမ်း,Dala Seikkan,ကျောက်တံတား,Kyauktada,ဆူးလေးဘုရားလမ်း,Sule Pagoda Road,16.760676,96.156013,"https://www.google.com/maps?q=16.760676,96.156013",OpenStreetMap (OSM) Yangon
2799,3799,(၃) ဈေး,Dala Zayy ( Dala Market ) Bus Stop,လသာ,Latha,ကမ်းနားလမ်း,Strand Road,16.75729,96.142739,"https://www.google.com/maps?q=16.75729,96.142739",OpenStreetMap (OSM) Yangon
2800,3800,သံလမ်,Than Lane,ရွှေပြည်သာ,Shwepyitha,အမှတ်(၄)လမ်းမ,No. 4 Main Road,16.957789,96.087282,"https://www.google.com/maps?q=16.957789,96.087282",OpenStreetMap (OSM) Yangon
2801,3801,ကျော်စွာ,Kyaw Swar,ရွှေပြည်သာ,Shwepyitha,ဘုရင့်နောင်လမ်း,Bayint Naung Road,16.971466,96.076322,"https://www.google.com/maps?q=16.971466,96.076322",OpenStreetMap (OSM) Yangon
2802,3802,ရွှေညာမောင်,Shwe Nyar Maung,ရွှေပြည်သာ,Shwepyitha,အမှတ်(၄)လမ်းမ,No. 4 Main Road,16.963531,96.078361,"https://www.google.com/maps?q=16.963531,96.078361",OpenStreetMap (OSM) Yangon
2803,3803,သုဝဏ္ဏ လမ်းဆုံ,Thuwanna Lann Sone,သင်္ဃန်းကျွန်း,Thingangyun,သံသုမာလမ်း,Thanthumar Road,16.813147,96.191944,"https://www.google.com/maps?q=16.813147,96.191944",OpenStreetMap (OSM) Yangon
2804,3804,အောင်သုခ မှတ်တိုင်,Aung Thu Kha Bus Stop,သန်လျင်,Thanlyin,Bogyoke Nay Win Road,Bogyoke Nay Win Road,16.778094,96.247434,"https://www.google.com/maps?q=16.778094,96.247434",OpenStreetMap (OSM) Yangon
2805,3805,ကျောင်းလမ်း,Kyaung lan,မင်္ဂလာတောင်ညွန့်,Mingalar Taung Nyunt,Mill Road,Mill Road,16.788224,96.173223,"https://www.google.com/maps?q=16.788224,96.173223",OpenStreetMap (OSM) Yangon
2806,3806,ဘူတာရုံ,Butar Yone,မရမ်းကုန်း,Mayangone,ဘုရင့်နောင်လမ်း,Bayint Naung Road,16.851482,96.109526,"https://www.google.com/maps?q=16.851482,96.109526",OpenStreetMap (OSM) Yangon
2807,3807,YBS 32 Gate,YBS 32 Gate,သန်လျင်,Thanlyin,Thanlyin,Thanlyin,16.701657,96.26797,"https://www.google.com/maps?q=16.701657,96.26797",OpenStreetMap (OSM) Yangon
2808,3808,အနောက်ပေါက် / ဘုန်းကြီးကျောင်း မှတ်တိုင်,A Nauk Pauk ( Back Entrance ) / Phone Gyi Kyang ( Monastry ) Bus Stop,သန်လျင်,Thanlyin,Thanlyin,Thanlyin,16.707251,96.26549,"https://www.google.com/maps?q=16.707251,96.26549",OpenStreetMap (OSM) Yangon
2809,3809,ကံ့ကော် အဆောင်ရှေ့ မှတ်တိုင်,Gantgaw A Saung Shayt Bus Stop,သန်လျင်,Thanlyin,Thanlyin,Thanlyin,16.708993,96.264754,"https://www.google.com/maps?q=16.708993,96.264754",OpenStreetMap (OSM) Yangon
2810,3810,ရေကြောင်း လမ်းဆုံ မှတ်တိုင်,Yay Kyaung Takkatol Lann Sone ( Maritime University Junction ) Bus Stop,သန်လျင်,Thanlyin,Thanlyin,Thanlyin,16.716955,96.261358,"https://www.google.com/maps?q=16.716955,96.261358",OpenStreetMap (OSM) Yangon
2811,3811,တပ္​ရင္​း၉၀,Tat Yinn 90 Bus Stop,သန်လျင်,Thanlyin,ကျိုက်ခေါက်ဘုရားလမ်း,Kyaik Khauk Pagoda Road,16.72518,96.266707,"https://www.google.com/maps?q=16.72518,96.266707",OpenStreetMap (OSM) Yangon
2812,3812,ဖားအောက် ကျောင်းတိုက် မှတ်တိုင်,Pa-Auk Kyaung Tike ( Pa-Auk Monastry ) Bus Stop,သန်လျင်,Thanlyin,ကျိုက်ခေါက်ဘုရားလမ်း,Kyaik Khauk Pagoda Road,16.727573,96.268669,"https://www.google.com/maps?q=16.727573,96.268669",OpenStreetMap (OSM) Yangon
2813,3813,ဆေးရုံ အောက်ကွေ့ မှတ်တိုင်,Sayy Yone Auk Gwayt Bus Stop,သန်လျင်,Thanlyin,Bogyoke Nay Win Road,Bogyoke Nay Win Road,16.760811,96.251117,"https://www.google.com/maps?q=16.760811,96.251117",OpenStreetMap (OSM) Yangon
2814,3814,ရေနံ ဂိတ် မှတ်တိုင်,Yay Nan Gate Bus Stop,သန်လျင်,Thanlyin,Bogyoke Nay Win Road,Bogyoke Nay Win Road,16.773123,96.246782,"https://www.google.com/maps?q=16.773123,96.246782",OpenStreetMap (OSM) Yangon
2815,3815,ဒါကာရ် မှတ်တိုင်,Dakhal Bus Stop,သန်လျင်,Thanlyin,Bogyoke Nay Win Road,Bogyoke Nay Win Road,16.770742,96.246505,"https://www.google.com/maps?q=16.770742,96.246505",OpenStreetMap (OSM) Yangon
2816,3816,မြို့မ မှတ်တိုင်,Myoma Bus Stop,သန်လျင်,Thanlyin,Bogyoke Nay Win Road,Bogyoke Nay Win Road,16.768021,96.246467,"https://www.google.com/maps?q=16.768021,96.246467",OpenStreetMap (OSM) Yangon
2817,3817,ရုံးရှေ့ မှတ်တိုင်,Yone Shayt ( Office Front ) Bus Stop,သန်လျင်,Thanlyin,Bogyoke Nay Win Road,Bogyoke Nay Win Road,16.761063,96.248917,"https://www.google.com/maps?q=16.761063,96.248917",OpenStreetMap (OSM) Yangon
2818,3818,ဖိုးမြေ မှတ်တိုင်,Phoe Myay Bus Stop,သန်လျင်,Thanlyin,Bogyoke Nay Win Road,Bogyoke Nay Win Road,16.761772,96.246307,"https://www.google.com/maps?q=16.761772,96.246307",OpenStreetMap (OSM) Yangon
2819,3819,သိမ်ကြီး ဈေး မှတ်တိုင်,Thein Gyee Zayy ( Thein Gyee Market ) Bus Stop,လမ်းမတော်,Lanmadaw,Phone Gyi Road,Phone Gyi Road,16.775953,96.153114,"https://www.google.com/maps?q=16.775953,96.153114",OpenStreetMap (OSM) Yangon
2820,3820,အင်းစိန်ပန်းခြံ,Insein Pann Chan,အင်းစိန်,Insein,လှိုင်မြစ်လမ်း,Hlaing River Road,16.886494,96.108057,"https://www.google.com/maps?q=16.886494,96.108057",OpenStreetMap (OSM) Yangon
2821,3821,ကျောင်းလမ်း,Kyaung lan,မင်္ဂလာတောင်ညွန့်,Mingalar Taung Nyunt,Mill Road,Mill Road,16.787193,96.172881,"https://www.google.com/maps?q=16.787193,96.172881",OpenStreetMap (OSM) Yangon
2822,3822,ရတနာ လမ်း မှတ်တိုင်,Yadanar Lann ( Yadanar Road ) Bus Stop,သာကေတ,Thaketa,ဧရာဝဏ်လမ်းမကြီး,Ayar Wun Main Road,16.817898,96.244594,"https://www.google.com/maps?q=16.817898,96.244594",OpenStreetMap (OSM) Yangon
2823,3823,တိုင်းရင်းသား နည်းပညာ တက္ကသိုလ် မှတ်တိုင်,Tine Yin Tharr Nee Pyin Nyar Takkatol ( National Races University of Technology ) Bus Stop,သာကေတ,Thaketa,ဧရာဝဏ်လမ်းမကြီး,Ayar Wun Main Road,16.81938,96.241076,"https://www.google.com/maps?q=16.81938,96.241076",OpenStreetMap (OSM) Yangon
2824,3824,ဘုရား မှတ်တိုင်,Phayarr ( Pagoda ) Bus Stop,လှိုင်သာယာ,Hlaingtharyar,University of Technology,University of Technology,16.717247,95.930888,"https://www.google.com/maps?q=16.717247,95.930888",OpenStreetMap (OSM) Yangon
2825,3825,ဘုရားသုံးဆူ မှတ်တိုင်,Phayarr Thone Suu ( 3 Pagodas ) Bus Stop,လှိုင်သာယာ,Hlaingtharyar,University of Technology,University of Technology,16.72093,95.935318,"https://www.google.com/maps?q=16.72093,95.935318",OpenStreetMap (OSM) Yangon
2826,3826,ဆီဆိုင် မှတ်တိုင်,Si Saing bus stop,လှိုင်သာယာ,Hlaingtharyar,University of Technology,University of Technology,16.716835,95.947325,"https://www.google.com/maps?q=16.716835,95.947325",OpenStreetMap (OSM) Yangon
2827,3827,ဘုရားငုတ်တို မှတ်တိုင်,Phayarr Ngote Tol Bus Stop,လှိုင်သာယာ,Hlaingtharyar,University of Technology,University of Technology,16.714368,96.032248,"https://www.google.com/maps?q=16.714368,96.032248",OpenStreetMap (OSM) Yangon
2828,3828,ဘုရားကြီး လမ်းဆုံ (ကံဘဲ့) မှတ်တိုင်,Phayarr Gyi Lann Sone ( Kanbe / Phayarr Gyi Junction ) Bus Stop,လှိုင်သာယာ,Hlaingtharyar,University of Technology,University of Technology,16.708641,96.007176,"https://www.google.com/maps?q=16.708641,96.007176",OpenStreetMap (OSM) Yangon
2829,3829,(၄၆) လမ်း မှတ်တိုင်,Layy Sat Chauk Lann (46th Street) Bus Stop,ဗိုလ်တထောင်,Botahtaung,သိမ်ဖြူလမ်း,Thein Phyu Road,16.778881,96.168162,"https://www.google.com/maps?q=16.778881,96.168162",OpenStreetMap (OSM) Yangon
2830,3830,၀ပ်ရှော့,Workshop,အင်းစိန်,Insein,လမ်းသစ်လမ်း,Lan Thit Road,16.891239,96.114674,"https://www.google.com/maps?q=16.891239,96.114674",OpenStreetMap (OSM) Yangon
2831,3831,အာလိန်ငါးဆင့်,Arlain Ngar Sint,အင်းစိန်,Insein,လမ်းသစ်လမ်း,Lan Thit Road,16.891627,96.116573,"https://www.google.com/maps?q=16.891627,96.116573",OpenStreetMap (OSM) Yangon
2832,3832,စော်ဘွားကြီးကုန်းလမ်းဆုံ,Sawbwargyigone,အင်းစိန်,Insein,ပြည်လမ်း,Pyay Road,16.892789,96.119505,"https://www.google.com/maps?q=16.892789,96.119505",OpenStreetMap (OSM) Yangon
2833,3833,အအေးဆိုင် မှတ်တိုင်,Ah Aye Saing Bus Stop,မြောက်ဒဂုံ,North Dagon,ဗိုလ်မှူးဗထူးလမ်း,Bo Hmu Ba Htoo Road,16.903211,96.190045,"https://www.google.com/maps?q=16.903211,96.190045",OpenStreetMap (OSM) Yangon
2834,3834,ရုံးရှေ့မှတ်တိုင်,Yone Shae,မြောက်ဒဂုံ,North Dagon,ဗိုလ်မှူးဗထူးလမ်း,Bo Hmu Ba Htoo Road,16.905423,96.188724,"https://www.google.com/maps?q=16.905423,96.188724",OpenStreetMap (OSM) Yangon
2835,3835,မြဝတီမှတ်တိုင်,Myawadi,မြောက်ဒဂုံ,North Dagon,ဗိုလ်မှူးဗထူးလမ်း,Bo Hmu Ba Htoo Road,16.901514,96.191016,"https://www.google.com/maps?q=16.901514,96.191016",OpenStreetMap (OSM) Yangon
2836,3836,မုခ်ဝ မှတ်တိုင်,မုခ်ဝ မှတ်တိုင်,မြောက်ဒဂုံ,North Dagon,Dagon University,Dagon University,16.904719,96.204446,"https://www.google.com/maps?q=16.904719,96.204446",OpenStreetMap (OSM) Yangon
2837,3837,ဘုရားငုတ်တို မှတ်တိုင်,Phayarr Ngote Tol Bus Stop,လှိုင်သာယာ,Hlaingtharyar,University of Technology,University of Technology,16.713679,96.03317,"https://www.google.com/maps?q=16.713679,96.03317",OpenStreetMap (OSM) Yangon
2838,3838,ကြံ့ခိုင်ရေး,Kyant kine yay,ထောက်ကြန့်,Htaukkyant,ရန်ကုန်-ပြည်လမ်းမကြီး,Yangon-Pyay Main Road,17.060776,96.117275,"https://www.google.com/maps?q=17.060776,96.117275",OpenStreetMap (OSM) Yangon
2839,3839,ရေအိုးစင်,Yayaoesin,ထောက်ကြန့်,Htaukkyant,ရန်ကုန်-ပြည်လမ်းမကြီး,Yangon-Pyay Main Road,17.064397,96.117008,"https://www.google.com/maps?q=17.064397,96.117008",OpenStreetMap (OSM) Yangon
2840,3840,ရုပ်သံ,Yokethan,ထောက်ကြန့်,Htaukkyant,ရန်ကုန်-ပြည်လမ်းမကြီး,Yangon-Pyay Main Road,17.06963,96.111926,"https://www.google.com/maps?q=17.06963,96.111926",OpenStreetMap (OSM) Yangon
2841,3841,တစ်ဆယ့်ငါး,Tasaengar,ထောက်ကြန့်,Htaukkyant,ရန်ကုန်-ပြည်လမ်းမကြီး,Yangon-Pyay Main Road,17.074203,96.108928,"https://www.google.com/maps?q=17.074203,96.108928",OpenStreetMap (OSM) Yangon
2842,3842,ဆေးခန်း,Saykan,ထောက်ကြန့်,Htaukkyant,ရန်ကုန်-ပြည်လမ်းမကြီး,Yangon-Pyay Main Road,17.077884,96.106821,"https://www.google.com/maps?q=17.077884,96.106821",OpenStreetMap (OSM) Yangon
2843,3843,ကြက်ဖြူကန်,Kyatphyukan,ထောက်ကြန့်,Htaukkyant,ရန်ကုန်-ပြည်လမ်းမကြီး,Yangon-Pyay Main Road,17.078202,96.106622,"https://www.google.com/maps?q=17.078202,96.106622",OpenStreetMap (OSM) Yangon
2844,3844,ရဲဘော်ေစျး,Yebawzay,ထောက်ကြန့်,Htaukkyant,ရန်ကုန်-ပြည်လမ်းမကြီး,Yangon-Pyay Main Road,17.079279,96.105798,"https://www.google.com/maps?q=17.079279,96.105798",OpenStreetMap (OSM) Yangon
2845,3845,မိန်းမလိုင်း,Mainmaline,ထောက်ကြန့်,Htaukkyant,ရန်ကုန်-ပြည်လမ်းမကြီး,Yangon-Pyay Main Road,17.08164,96.103974,"https://www.google.com/maps?q=17.08164,96.103974",OpenStreetMap (OSM) Yangon
2846,3846,ဆပ်သတော,Satthataw,ထောက်ကြန့်,Htaukkyant,ရန်ကုန်-ပြည်လမ်းမကြီး,Yangon-Pyay Main Road,17.083184,96.102826,"https://www.google.com/maps?q=17.083184,96.102826",OpenStreetMap (OSM) Yangon
2847,3847,၉၁ ဂိတ်,(91) Gate,ထောက်ကြန့်,Htaukkyant,ရန်ကုန်-ပြည်လမ်းမကြီး,Yangon-Pyay Main Road,17.087419,96.099606,"https://www.google.com/maps?q=17.087419,96.099606",OpenStreetMap (OSM) Yangon
2848,3848,ဆက္သြယ္ေရး,Satthwalyay,ထောက်ကြန့်,Htaukkyant,ရန်ကုန်-ပြည်လမ်းမကြီး,Yangon-Pyay Main Road,17.090665,96.09702,"https://www.google.com/maps?q=17.090665,96.09702",OpenStreetMap (OSM) Yangon
2849,3849,ဗိုလ်သင်တန်း,Bothindan,ထောက်ကြန့်,Htaukkyant,ရန်ကုန်-ပြည်လမ်းမကြီး,Yangon-Pyay Main Road,17.092483,96.095797,"https://www.google.com/maps?q=17.092483,96.095797",OpenStreetMap (OSM) Yangon
2850,3850,ဆေးတပ်,Saytat,ထောက်ကြန့်,Htaukkyant,ရန်ကုန်-ပြည်လမ်းမကြီး,Yangon-Pyay Main Road,17.095248,96.09319,"https://www.google.com/maps?q=17.095248,96.09319",OpenStreetMap (OSM) Yangon
2851,3851,ဆပ်ပလိုင်း,Supply,ထောက်ကြန့်,Htaukkyant,ရန်ကုန်-ပြည်လမ်းမကြီး,Yangon-Pyay Main Road,17.099874,96.085614,"https://www.google.com/maps?q=17.099874,96.085614",OpenStreetMap (OSM) Yangon
2852,3852,မော်တော်ယာဉ်,Mawtawyin,ထောက်ကြန့်,Htaukkyant,ရန်ကုန်-ပြည်လမ်းမကြီး,Yangon-Pyay Main Road,17.096375,96.091295,"https://www.google.com/maps?q=17.096375,96.091295",OpenStreetMap (OSM) Yangon
2853,3853,လေတပ်,Laytat,ထောက်ကြန့်,Htaukkyant,ရန်ကုန်-ပြည်လမ်းမကြီး,Yangon-Pyay Main Road,17.097767,96.088665,"https://www.google.com/maps?q=17.097767,96.088665",OpenStreetMap (OSM) Yangon
2854,3854,၁၆ ဂိတ်,(16) gate,ထောက်ကြန့်,Htaukkyant,ရန်ကုန်-ပြည်လမ်းမကြီး,Yangon-Pyay Main Road,17.105159,96.078316,"https://www.google.com/maps?q=17.105159,96.078316",OpenStreetMap (OSM) Yangon
2855,3855,ရုံးပေါက်,Yonepauk,ထောက်ကြန့်,Htaukkyant,ရန်ကုန်-ပြည်လမ်းမကြီး,Yangon-Pyay Main Road,17.108257,96.071422,"https://www.google.com/maps?q=17.108257,96.071422",OpenStreetMap (OSM) Yangon
2856,3856,အမှတ် (၄),No(4),ထောက်ကြန့်,Htaukkyant,ရန်ကုန်-ပြည်လမ်းမကြီး,Yangon-Pyay Main Road,17.103837,96.049686,"https://www.google.com/maps?q=17.103837,96.049686",OpenStreetMap (OSM) Yangon
2857,3857,ကားလေးဂိတ်,car lay gate,မှော်ဘီ,Hmawbi,ရန်ကုန်-ပြည်လမ်းမကြီး,Yangon-Pyay Main Road,17.099612,96.039637,"https://www.google.com/maps?q=17.099612,96.039637",OpenStreetMap (OSM) Yangon
2858,3858,သရက်တောပေါက်,Thayettawpauk,မှော်ဘီ,Hmawbi,ရန်ကုန်-ပြည်လမ်းမကြီး,Yangon-Pyay Main Road,17.098981,96.038898,"https://www.google.com/maps?q=17.098981,96.038898",OpenStreetMap (OSM) Yangon
2859,3859,လျှပ်စစ်ရုံးမှတ်တိုင်,EPC Bus stop,မှော်ဘီ,Hmawbi,ရန်ကုန်-ပြည်လမ်းမကြီး,Yangon-Pyay Main Road,17.098051,96.038151,"https://www.google.com/maps?q=17.098051,96.038151",OpenStreetMap (OSM) Yangon
2860,3860,စုပေါင်းရုံး,Supaungyome,မှော်ဘီ,Hmawbi,ရန်ကုန်-ပြည်လမ်းမကြီး,Yangon-Pyay Main Road,17.105248,96.01947,"https://www.google.com/maps?q=17.105248,96.01947",OpenStreetMap (OSM) Yangon
2861,3861,ဦးသုမင်္ဂလာ,Mingalar Tike Monastry,မှော်ဘီ,Hmawbi,ရန်ကုန်-ပြည်လမ်းမကြီး,Yangon-Pyay Main Road,17.110142,96.014802,"https://www.google.com/maps?q=17.110142,96.014802",OpenStreetMap (OSM) Yangon
2862,3862,ဒေါင်းလေးကွေ့,Daunglaykwe,မှော်ဘီ,Hmawbi,ရန်ကုန်-ပြည်လမ်းမကြီး,Yangon-Pyay Main Road,17.113687,96.011554,"https://www.google.com/maps?q=17.113687,96.011554",OpenStreetMap (OSM) Yangon
2863,3863,အုန်းခြံ,Ohnchan,မှော်ဘီ,Hmawbi,ရန်ကုန်-ပြည်လမ်းမကြီး,Yangon-Pyay Main Road,17.118036,96.009076,"https://www.google.com/maps?q=17.118036,96.009076",OpenStreetMap (OSM) Yangon
2864,3864,ဂျီတီစီဆိုက်သစ်,GTC new site,မှော်ဘီ,Hmawbi,ရန်ကုန်-ပြည်လမ်းမကြီး,Yangon-Pyay Main Road,17.123493,96.006908,"https://www.google.com/maps?q=17.123493,96.006908",OpenStreetMap (OSM) Yangon
2865,3865,ဂျီတီစီအလယ်ပေါက်,GTC middle pauk,မှော်ဘီ,Hmawbi,ရန်ကုန်-ပြည်လမ်းမကြီး,Yangon-Pyay Main Road,17.129465,96.00424,"https://www.google.com/maps?q=17.129465,96.00424",OpenStreetMap (OSM) Yangon
2866,3866,ဂျီတီစီရေအိုး,GTC yayaoe,မှော်ဘီ,Hmawbi,ရန်ကုန်-ပြည်လမ်းမကြီး,Yangon-Pyay Main Road,17.126155,96.005679,"https://www.google.com/maps?q=17.126155,96.005679",OpenStreetMap (OSM) Yangon
2867,3867,အောင်ချမ်းသာ,Aungchanthar,မှော်ဘီ,Hmawbi,ရန်ကုန်-ပြည်လမ်းမကြီး,Yangon-Pyay Main Road,17.146309,95.998352,"https://www.google.com/maps?q=17.146309,95.998352",OpenStreetMap (OSM) Yangon
2868,3868,အုတ်စက်,Oaksat,မှော်ဘီ,Hmawbi,ရန်ကုန်-ပြည်လမ်းမကြီး,Yangon-Pyay Main Road,17.148938,95.998009,"https://www.google.com/maps?q=17.148938,95.998009",OpenStreetMap (OSM) Yangon
2869,3869,မြို့ချောင်း,Myochaung,မှော်ဘီ,Hmawbi,ရန်ကုန်-ပြည်လမ်းမကြီး,Yangon-Pyay Main Road,17.151664,95.997444,"https://www.google.com/maps?q=17.151664,95.997444",OpenStreetMap (OSM) Yangon
2870,3870,လမ်းနီလေး,Lannilay,မှော်ဘီ,Hmawbi,ရန်ကုန်-ပြည်လမ်းမကြီး,Yangon-Pyay Main Road,17.15485,95.997246,"https://www.google.com/maps?q=17.15485,95.997246",OpenStreetMap (OSM) Yangon
2871,3871,ဂျပန်ဆိုက်,Japan site,မှော်ဘီ,Hmawbi,ရန်ကုန်-ပြည်လမ်းမကြီး,Yangon-Pyay Main Road,17.158068,95.996383,"https://www.google.com/maps?q=17.158068,95.996383",OpenStreetMap (OSM) Yangon
2872,3872,အီကွေတာ,Equitar,မှော်ဘီ,Hmawbi,ရန်ကုန်-ပြည်လမ်းမကြီး,Yangon-Pyay Main Road,17.160826,95.996157,"https://www.google.com/maps?q=17.160826,95.996157",OpenStreetMap (OSM) Yangon
2873,3873,ဖိနပ်စက်,Phanatsat,မှော်ဘီ,Hmawbi,ရန်ကုန်-ပြည်လမ်းမကြီး,Yangon-Pyay Main Road,17.164117,95.995528,"https://www.google.com/maps?q=17.164117,95.995528",OpenStreetMap (OSM) Yangon
2874,3874,ဘောလုံးစက်ရုံ,Ball satome,မှော်ဘီ,Hmawbi,ရန်ကုန်-ပြည်လမ်းမကြီး,Yangon-Pyay Main Road,17.165976,95.995011,"https://www.google.com/maps?q=17.165976,95.995011",OpenStreetMap (OSM) Yangon
2875,3875,ဘောလုံးရဲဂိတ်,Ball Yegate,မှော်ဘီ,Hmawbi,ရန်ကုန်-ပြည်လမ်းမကြီး,Yangon-Pyay Main Road,17.167729,95.994779,"https://www.google.com/maps?q=17.167729,95.994779",OpenStreetMap (OSM) Yangon
2876,3876,ဆေးဝါး,Saywar,မှော်ဘီ,Hmawbi,ရန်ကုန်-ပြည်လမ်းမကြီး,Yangon-Pyay Main Road,17.169493,95.99334,"https://www.google.com/maps?q=17.169493,95.99334",OpenStreetMap (OSM) Yangon
2877,3877,မနီ,Mani,မှော်ဘီ,Hmawbi,ရန်ကုန်-ပြည်လမ်းမကြီး,Yangon-Pyay Main Road,17.170804,95.991404,"https://www.google.com/maps?q=17.170804,95.991404",OpenStreetMap (OSM) Yangon
2878,3878,ကုလားကုန်း,Kalargone,မှော်ဘီ,Hmawbi,ရန်ကုန်-ပြည်လမ်းမကြီး,Yangon-Pyay Main Road,17.172944,95.989059,"https://www.google.com/maps?q=17.172944,95.989059",OpenStreetMap (OSM) Yangon
2879,3879,ကြက်ခြံပေါက်,Kyatchanpauk,မှော်ဘီ,Hmawbi,ရန်ကုန်-ပြည်လမ်းမကြီး,Yangon-Pyay Main Road,17.17499,95.985729,"https://www.google.com/maps?q=17.17499,95.985729",OpenStreetMap (OSM) Yangon
2880,3880,ဆောက်လုပ်ရေးသစ်,Sautloatyaythit,တိုက်ကြီး,Taikkyi,ရန်ကုန်-ပြည်လမ်းမကြီး,Yangon-Pyay Main Road,17.177937,95.982109,"https://www.google.com/maps?q=17.177937,95.982109",OpenStreetMap (OSM) Yangon
2881,3881,ချမ်းအေး,Chanaye,တိုက်ကြီး,Taikkyi,ရန်ကုန်-ပြည်လမ်းမကြီး,Yangon-Pyay Main Road,17.180082,95.979209,"https://www.google.com/maps?q=17.180082,95.979209",OpenStreetMap (OSM) Yangon
2882,3882,ဖရဲခင်း,Phayekim,တိုက်ကြီး,Taikkyi,ရန်ကုန်-ပြည်လမ်းမကြီး,Yangon-Pyay Main Road,17.182878,95.97175,"https://www.google.com/maps?q=17.182878,95.97175",OpenStreetMap (OSM) Yangon
2883,3883,ဆောက်လုပ်ရေး(မှော်ဘီ),Saurloatyay (Mhawbi),တိုက်ကြီး,Taikkyi,ရန်ကုန်-ပြည်လမ်းမကြီး,Yangon-Pyay Main Road,17.181476,95.975502,"https://www.google.com/maps?q=17.181476,95.975502",OpenStreetMap (OSM) Yangon
2884,3884,သံမဏိစက်ရုံ,Thamani Satyome,တိုက်ကြီး,Taikkyi,ရန်ကုန်-ပြည်လမ်းမကြီး,Yangon-Pyay Main Road,17.185394,95.96975,"https://www.google.com/maps?q=17.185394,95.96975",OpenStreetMap (OSM) Yangon
2885,3885,နတ်စင်လမ်း,Natsinlan,တိုက်ကြီး,Taikkyi,ရန်ကုန်-ပြည်လမ်းမကြီး,Yangon-Pyay Main Road,17.187853,95.968215,"https://www.google.com/maps?q=17.187853,95.968215",OpenStreetMap (OSM) Yangon
2886,3886,ကျွဲလမ်း,Kyawllan,တိုက်ကြီး,Taikkyi,ရန်ကုန်-ပြည်လမ်းမကြီး,Yangon-Pyay Main Road,17.191773,95.965715,"https://www.google.com/maps?q=17.191773,95.965715",OpenStreetMap (OSM) Yangon
2887,3887,မြောင်းတကာတာဆုံ,Myaungtagar Tarsone,တိုက်ကြီး,Taikkyi,ရန်ကုန်-ပြည်လမ်းမကြီး,Yangon-Pyay Main Road,17.197974,95.962476,"https://www.google.com/maps?q=17.197974,95.962476",OpenStreetMap (OSM) Yangon
2888,3888,မြောင်းတကာစိန်ကုလား,Myaungtagar seinkalar,တိုက်ကြီး,Taikkyi,ရန်ကုန်-ပြည်လမ်းမကြီး,Yangon-Pyay Main Road,17.199458,95.961695,"https://www.google.com/maps?q=17.199458,95.961695",OpenStreetMap (OSM) Yangon
2889,3889,စက်မှု (၁),Industrial 1,ဗဟန်း,Bahan,ကမ္ဘာအေးဘုရားလမ်း,Kabar Aye Pagoda Road,16.825963,96.158755,"https://www.google.com/maps?q=16.825963,96.158755",OpenStreetMap (OSM) Yangon
2890,3890,တွံတေးကြိုးတံတား,Pan-Hlaing Bridge,လှိုင်သာယာ,Hlaingtharyar,အမှတ်(၅)လမ်းမ,No. 5 Main Road,16.856824,96.035905,"https://www.google.com/maps?q=16.856824,96.035905",OpenStreetMap (OSM) Yangon
2891,3891,(၉၁) လမ်း,(91) Lann,ကျောက်တံတား,Kyauktada,ဗိုလ်ချုပ်အောင်ဆန်းလမ်း,Bogyoke Aung San Road,16.789025,96.165472,"https://www.google.com/maps?q=16.789025,96.165472",OpenStreetMap (OSM) Yangon
2892,3892,ကျောက်ကွေ့,Kyauk Gwayt,မင်္ဂလာတောင်ညွန့်,Mingalar Taung Nyunt,Upper Pansodan Road,Upper Pansodan Road,16.786455,96.16235,"https://www.google.com/maps?q=16.786455,96.16235",OpenStreetMap (OSM) Yangon
2893,3893,ဘုန်းကြီးကျောင်း ကွေ့ မှတ်တိုင်,Phone Gyi Kyaung Gwayt Bus Stop,တောင်ဒဂုံ,South Dagon,စည်ပင်လမ်း,Si Pin Road,16.855492,96.232371,"https://www.google.com/maps?q=16.855492,96.232371",OpenStreetMap (OSM) Yangon
2894,3894,ဘုန်းကြီးကျောင်း ကွေ့ မှတ်တိုင်,Phone Gyi Kyaung Gwayt Bus Stop,တောင်ဒဂုံ,South Dagon,လှော်ကားလမ်း,Hlawga Road,16.854117,96.239886,"https://www.google.com/maps?q=16.854117,96.239886",OpenStreetMap (OSM) Yangon
2895,3895,ဒါးပိန်,Dar Pein,လှည်းကူး,Hlegu,Hlegu-Phaung Gyi Road,Hlegu-Phaung Gyi Road,17.031633,96.369518,"https://www.google.com/maps?q=17.031633,96.369518",OpenStreetMap (OSM) Yangon
2896,3896,ထန်းတစ်ပင်,Htantabin,ရွှေပြည်သာ,Shwepyitha,အမှတ်(၄)လမ်းမ,No. 4 Main Road,17.014248,95.984497,"https://www.google.com/maps?q=17.014248,95.984497",OpenStreetMap (OSM) Yangon
2897,3897,WIRELESS,WIRELESS,မင်္ဂလာဒုံ,Mingaladon,အမှတ်(၃)လမ်းမ,No. 3 Main Road,16.976447,96.137077,"https://www.google.com/maps?q=16.976447,96.137077",OpenStreetMap (OSM) Yangon
2898,3898,စက်မှုလမ်း,Ka Naung,အင်းစိန်,Insein,အောက်မင်္ဂလာဒုံလမ်း,Lower Mingalardon Road,16.920625,96.089019,"https://www.google.com/maps?q=16.920625,96.089019",OpenStreetMap (OSM) Yangon
2899,3899,အင်းစိန်,Insein,အင်းစိန်,Insein,အောက်မင်္ဂလာဒုံလမ်း,Lower Mingalardon Road,16.917442,96.088908,"https://www.google.com/maps?q=16.917442,96.088908",OpenStreetMap (OSM) Yangon
2900,3900,ဦးထွန်း,U Thun,အင်းစိန်,Insein,အောက်မင်္ဂလာဒုံလမ်း,Lower Mingalardon Road,16.923233,96.088881,"https://www.google.com/maps?q=16.923233,96.088881",OpenStreetMap (OSM) Yangon
2901,3901,မြဝတီမင်းကြီးလမ်း,Myawaddy Min Gyi Street,အင်းစိန်,Insein,အောက်မင်္ဂလာဒုံလမ်း,Lower Mingalardon Road,16.929388,96.088972,"https://www.google.com/maps?q=16.929388,96.088972",OpenStreetMap (OSM) Yangon
2902,3902,တံတားထိပ်,Tadar Htate,အင်းစိန်,Insein,အောက်မင်္ဂလာဒုံလမ်း,Lower Mingalardon Road,16.938779,96.087041,"https://www.google.com/maps?q=16.938779,96.087041",OpenStreetMap (OSM) Yangon
2903,3903,၈၁ ဂိတ်,81 Gate,ရွှေပြည်သာ,Shwepyitha,အမှတ်(၄)လမ်းမ,No. 4 Main Road,16.95198,96.0821,"https://www.google.com/maps?q=16.95198,96.0821",OpenStreetMap (OSM) Yangon
2904,3904,ဘုရင့္ေနာင္ ရိုးႀကီးေက်ာင္း,ဘုရင့္ေနာင္ ရိုးႀကီးေက်ာင္း,မရမ်းကုန်း,Mayangone,ပိတောက်လမ်း,ပိတောက်လမ်း,16.866701,96.105172,"https://www.google.com/maps?q=16.866701,96.105172",OpenStreetMap (OSM) Yangon
2905,3905,SHOCK ABSORBER REPAIR,SHOCK ABSORBER REPAIR,စမ်းချောင်း,Sanchaung,ဗားဂရာလမ်း,Bargayar Road,16.808127,96.132512,"https://www.google.com/maps?q=16.808127,96.132512",OpenStreetMap (OSM) Yangon
2906,3906,yangon shwe pyi thar township,yangon shwe pyi thar township,ရွှေပြည်သာ,Shwepyitha,အမှတ်(၄)လမ်းမ,No. 4 Main Road,16.95454,96.073994,"https://www.google.com/maps?q=16.95454,96.073994",OpenStreetMap (OSM) Yangon
2907,3907,ဇင်ယော်,Zin Yaw,ရွှေပြည်သာ,Shwepyitha,အမှတ်(၄)လမ်းမ,No. 4 Main Road,16.947,96.08342,"https://www.google.com/maps?q=16.947,96.08342",OpenStreetMap (OSM) Yangon
2908,3908,ဘုန်းကြီးကျောင်းကွေ့,Phone Gyi Kyaung Kwae,အင်းစိန်,Insein,အောက်မင်္ဂလာဒုံလမ်း,Lower Mingalardon Road,16.940893,96.085734,"https://www.google.com/maps?q=16.940893,96.085734",OpenStreetMap (OSM) Yangon
2909,3909,ပုလဲလမ်း,Palae Lan,ရွှေပြည်သာ,Shwepyitha,အမှတ်(၄)လမ်းမ,No. 4 Main Road,16.944025,96.08452,"https://www.google.com/maps?q=16.944025,96.08452",OpenStreetMap (OSM) Yangon
2910,3910,ပျော်ဘွယ်,Pyaw Bwal,ရွှေပြည်သာ,Shwepyitha,အမှတ်(၄)လမ်းမ,No. 4 Main Road,16.949105,96.082853,"https://www.google.com/maps?q=16.949105,96.082853",OpenStreetMap (OSM) Yangon
2911,3911,Saint John Bus stop,Saint John Bus stop,ဒဂုံ,Dagon,ပြည်လမ်း,Pyay Road,16.783025,96.143575,"https://www.google.com/maps?q=16.783025,96.143575",OpenStreetMap (OSM) Yangon
2912,3912,ပုဇွန်တောင်ဈေးမှတ်တိုင်,CB ATM;Pazundaung Zay;CB,ကျောက်တံတား,Kyauktada,အထက်ပုစွန်တောင်လမ်းမကြီး,အထက်ပုစွန်တောင်လမ်းမကြီး,16.781656,96.174319,"https://www.google.com/maps?q=16.781656,96.174319",OpenStreetMap (OSM) Yangon
2913,3913,မင်္ဂလာဈေး,Mingalar Zay/Layy Lan,မင်္ဂလာတောင်ညွန့်,Mingalar Taung Nyunt,သိမ်ဖြူလမ်း,Thein Phyu Road,16.79163,96.172438,"https://www.google.com/maps?q=16.79163,96.172438",OpenStreetMap (OSM) Yangon
2914,3914,ဆေးရုံ,Sayyone,တာမွေ,Tamwe,ကျိုက္ကဆံလမ်း,Kyaikkasan Road,16.799265,96.170369,"https://www.google.com/maps?q=16.799265,96.170369",OpenStreetMap (OSM) Yangon
2915,3915,သမိုင်းလမ်းဆုံ,Thamine Lann Sone,မရမ်းကုန်း,Mayangone,ကျိုက်ဝိုင်းဘုရားလမ်း,Kyaik Wine Pagoda Road,16.861009,96.122325,"https://www.google.com/maps?q=16.861009,96.122325",OpenStreetMap (OSM) Yangon
2916,3916,လမ်းနီ,Lann Ni,ဗဟန်း,Bahan,ကမ္ဘာအေးဘုရားလမ်း,Kabar Aye Pagoda Road,16.833817,96.155308,"https://www.google.com/maps?q=16.833817,96.155308",OpenStreetMap (OSM) Yangon
2917,3917,ရုံးရှေ့,Yone Shae,တောင်ဒဂုံ,South Dagon,စည်ပင်လမ်း,Si Pin Road,16.872646,96.25666,"https://www.google.com/maps?q=16.872646,96.25666",OpenStreetMap (OSM) Yangon
2918,3918,ဆီဆိုင္,Si Saing Bus Stop,ဒေါပုံ,Dawbon,ယမုံနာလမ်း,Yamonar Road,16.784002,96.204232,"https://www.google.com/maps?q=16.784002,96.204232",OpenStreetMap (OSM) Yangon
2919,3919,ဒလ ကားဂိတ္,Dala Bus Station,ကျောက်တံတား,Kyauktada,ဆူးလေးဘုရားလမ်း,Sule Pagoda Road,16.758449,96.154126,"https://www.google.com/maps?q=16.758449,96.154126",OpenStreetMap (OSM) Yangon
2920,3920,ကျောင်းလမ်း,Kyaung Lan,မြောက်ဒဂုံ,North Dagon,ဗိုလ်မှူးဗထူးလမ်း,Bo Hmu Ba Htoo Road,16.914098,96.169328,"https://www.google.com/maps?q=16.914098,96.169328",OpenStreetMap (OSM) Yangon
2921,3921,မုခ်ဝ,Moak Wa,အရှေ့ဒဂုံ,East Dagon,ကျန်စစ်သားလမ်း,Kyansitthar Road,16.903016,96.21742,"https://www.google.com/maps?q=16.903016,96.21742",OpenStreetMap (OSM) Yangon
2922,3922,ငမောက်ဈေး,Na Mount Zay,ရွှေပြည်သာ,Shwepyitha,အမှတ်(၄)လမ်းမ,No. 4 Main Road,16.979678,96.076941,"https://www.google.com/maps?q=16.979678,96.076941",OpenStreetMap (OSM) Yangon
2923,3923,ရွှေတောင်ရိုး,Shwe Taung Yoe,မြောက်ဥက္ကလာပ,North Okkalapa,မကွေးလမ်း,မကွေးလမ်း,16.931447,96.160602,"https://www.google.com/maps?q=16.931447,96.160602",OpenStreetMap (OSM) Yangon
2924,3924,မဝတ မှတ်တိုင်,Ma Wa Ta Bus Stop,မြောက်ဒဂုံ,North Dagon,ပင်လုံလမ်း,Pin Lon Road,16.877511,96.205016,"https://www.google.com/maps?q=16.877511,96.205016",OpenStreetMap (OSM) Yangon
2925,3925,ပုလဲအိမ်ယာ,Preal Housing,မင်္ဂလာဒုံ,Mingaladon,အမှတ်(၃)လမ်းမ,No. 3 Main Road,16.968774,96.148023,"https://www.google.com/maps?q=16.968774,96.148023",OpenStreetMap (OSM) Yangon
2926,3926,တံတားဖြူ,Thadar phyu,မင်္ဂလာဒုံ,Mingaladon,အမှတ်(၃)လမ်းမ,No. 3 Main Road,16.97744,96.147586,"https://www.google.com/maps?q=16.97744,96.147586",OpenStreetMap (OSM) Yangon
2927,3927,ရခိုင်ကျောင်း,Yakhine Kyaung,မင်္ဂလာဒုံ,Mingaladon,အမှတ်(၃)လမ်းမ,No. 3 Main Road,16.974964,96.147677,"https://www.google.com/maps?q=16.974964,96.147677",OpenStreetMap (OSM) Yangon
2928,3928,ရခိုင်ကျောင်း,Yakhine Kyaung,မင်္ဂလာဒုံ,Mingaladon,အမှတ်(၃)လမ်းမ,No. 3 Main Road,16.974006,96.147808,"https://www.google.com/maps?q=16.974006,96.147808",OpenStreetMap (OSM) Yangon
2929,3929,(၆) လမ်း,6th St,မင်္ဂလာဒုံ,Mingaladon,အမှတ်(၃)လမ်းမ,No. 3 Main Road,16.97062,96.147969,"https://www.google.com/maps?q=16.97062,96.147969",OpenStreetMap (OSM) Yangon
2930,3930,YBS-37 Terminal,YBS-37 Terminal,တောင်ဒဂုံ,South Dagon,အမှတ်(၂)လမ်းမ,No. 2 Main Road,16.847108,96.209223,"https://www.google.com/maps?q=16.847108,96.209223",OpenStreetMap (OSM) Yangon
2931,3931,ဂိတ်ဟောင်းမှတ်တိုင်,31 Old Bus Stop,တောင်ဥက္ကလာပ,South Okkalapa,သံသုမာလမ်း,Thanthumar Road,16.848085,96.190851,"https://www.google.com/maps?q=16.848085,96.190851",OpenStreetMap (OSM) Yangon
2932,3932,ဆေးရုံ ရှေ့ မှတ်တိုင်,Say Yone Shae,တောင်ဥက္ကလာပ,South Okkalapa,သုမင်္ဂလာလမ်း,Thu Mingalar Road,16.84466,96.186788,"https://www.google.com/maps?q=16.84466,96.186788",OpenStreetMap (OSM) Yangon
2933,3933,ဈေးမှတ်တိုင်,Zay Bus Stop,တောင်ဥက္ကလာပ,South Okkalapa,သံသုမာလမ်း,Thanthumar Road,16.843625,96.185512,"https://www.google.com/maps?q=16.843625,96.185512",OpenStreetMap (OSM) Yangon
2934,3934,ခရေပင်ရိပ်မွန်,Khayaypin Yeik Mon,မြောက်ဥက္ကလာပ,North Okkalapa,သုဓမ္မာလမ်း,Thudhamar Road,16.934527,96.148868,"https://www.google.com/maps?q=16.934527,96.148868",OpenStreetMap (OSM) Yangon
2935,3935,ဆင်နှစ်ကောင်,Sin Hnint Kaung,ရွှေပြည်သာ,Shwepyitha,အမှတ်(၄)လမ်းမ,No. 4 Main Road,16.981771,96.076005,"https://www.google.com/maps?q=16.981771,96.076005",OpenStreetMap (OSM) Yangon
2936,3936,၀ပ်ရှော့,Insein Pan Chan အင္းစိန္ပန္းျခံ,အင်းစိန်,Insein,မင်းကြီးလမ်း,Min Gyi Road,16.889358,96.109711,"https://www.google.com/maps?q=16.889358,96.109711",OpenStreetMap (OSM) Yangon
2937,3937,စေတမန်,Say Ta Man,မြောက်ဥက္ကလာပ,North Okkalapa,သုဓမ္မာလမ်း,Thudhamar Road,16.932717,96.158302,"https://www.google.com/maps?q=16.932717,96.158302",OpenStreetMap (OSM) Yangon
2938,3938,ရွှေစင်စင်္ကြာ,Shwe Sin Sat Kyar,မြောက်ဥက္ကလာပ,North Okkalapa,သုဓမ္မာလမ်း,Thudhamar Road,16.930193,96.155446,"https://www.google.com/maps?q=16.930193,96.155446",OpenStreetMap (OSM) Yangon
2939,3939,၁၄လမ်းဆုံ,Sae-Lay Lan Sone,အင်းစိန်,Insein,အောက်မင်္ဂလာဒုံလမ်း,Lower Mingalardon Road,16.93709,96.086736,"https://www.google.com/maps?q=16.93709,96.086736",OpenStreetMap (OSM) Yangon
2940,3940,ဈေးလေး,Zay Lay,လှိုင်သာယာ,Hlaingtharyar,အမှတ်(၅)လမ်းမ,No. 5 Main Road,16.86581,96.064558,"https://www.google.com/maps?q=16.86581,96.064558",OpenStreetMap (OSM) Yangon
2941,3941,ဈေးလမ်း,Zay Lan,လှိုင်သာယာ,Hlaingtharyar,အမှတ်(၅)လမ်းမ,No. 5 Main Road,16.89489,96.043917,"https://www.google.com/maps?q=16.89489,96.043917",OpenStreetMap (OSM) Yangon
2942,3942,ရွှေရင်အေးဘုရားလမ်း,Shwe Yin Aye Paya,လှိုင်သာယာ,Hlaingtharyar,အမှတ်(၅)လမ်းမ,No. 5 Main Road,16.892725,96.042697,"https://www.google.com/maps?q=16.892725,96.042697",OpenStreetMap (OSM) Yangon
2943,3943,ဆိုက်ကားဂိတ်,Site Kar Gate,လှိုင်သာယာ,Hlaingtharyar,အမှတ်(၅)လမ်းမ,No. 5 Main Road,16.890782,96.045828,"https://www.google.com/maps?q=16.890782,96.045828",OpenStreetMap (OSM) Yangon
2944,3944,ယဉ်ထွန်း,Yin Htun,လှိုင်သာယာ,Hlaingtharyar,အမှတ်(၅)လမ်းမ,No. 5 Main Road,16.889801,96.048571,"https://www.google.com/maps?q=16.889801,96.048571",OpenStreetMap (OSM) Yangon
2945,3945,အထက(၃),Ah Hta Ka Thone,လှိုင်သာယာ,Hlaingtharyar,အမှတ်(၅)လမ်းမ,No. 5 Main Road,16.888599,96.051413,"https://www.google.com/maps?q=16.888599,96.051413",OpenStreetMap (OSM) Yangon
2946,3946,ရွှေမြင်းပျံ,Shwe Myin Pyan,လှိုင်သာယာ,Hlaingtharyar,အမှတ်(၅)လမ်းမ,No. 5 Main Road,16.884512,96.049722,"https://www.google.com/maps?q=16.884512,96.049722",OpenStreetMap (OSM) Yangon
2947,3947,ခြောက်သမ,Chauk Tha Ma,လှိုင်သာယာ,Hlaingtharyar,အမှတ်(၅)လမ်းမ,No. 5 Main Road,16.879284,96.05071,"https://www.google.com/maps?q=16.879284,96.05071",OpenStreetMap (OSM) Yangon
2948,3948,ဖိုးဝ,ဖိုးဝ,လှိုင်သာယာ,Hlaingtharyar,အမှတ်(၅)လမ်းမ,No. 5 Main Road,16.865073,96.066721,"https://www.google.com/maps?q=16.865073,96.066721",OpenStreetMap (OSM) Yangon
2949,3949,5 st Bus Stop,5 st Bus Stop,တောင်ဒဂုံ,South Dagon,ကျွန်းရွှေဝါလမ်း,Kyun Shwe Wah Road,16.825687,96.268555,"https://www.google.com/maps?q=16.825687,96.268555",OpenStreetMap (OSM) Yangon
2950,3950,YBS 37 Bus Stop (Main),YBS 37 Bus Stop (Main),လှည်းကူး,Hlegu,Hlegu-Phaung Gyi Road,Hlegu-Phaung Gyi Road,17.104851,96.240394,"https://www.google.com/maps?q=17.104851,96.240394",OpenStreetMap (OSM) Yangon
2951,3951,ခိုင်ရွှေဝါမှတ်တိုင်,Khaing Shwe War,သာကေတ,Thaketa,ရှူ့ခင်းသာမြို့ပတ်လမ်း,Shukinthar Myo Pat Road,16.798752,96.215216,"https://www.google.com/maps?q=16.798752,96.215216",OpenStreetMap (OSM) Yangon
2952,3952,YBS - Nr. 36 to Kyauk Yay Twinn Railwaystation or sule pagoda (200KS),YBS - Nr. 36 to Kyauk Yay Twinn Railwaystation or sule pagoda (200KS),မြောက်ဥက္ကလာပ,North Okkalapa,သုဓမ္မာလမ်း,Thudhamar Road,16.931739,96.156915,"https://www.google.com/maps?q=16.931739,96.156915",OpenStreetMap (OSM) Yangon
2953,3953,La Thar Aye Lansone လသာေအးလမ္းဆံု,La Thar Aye Lansone,လှည်းကူး,Hlegu,အင္းတေကာ္ၿမိဳ႕,အင္းတေကာ္ၿမိဳ႕,17.178896,96.365566,"https://www.google.com/maps?q=17.178896,96.365566",OpenStreetMap (OSM) Yangon
2954,3954,SHWE MAHAR YANGON,SHWE MAHAR YANGON,မင်္ဂလာတောင်ညွန့်,Mingalar Taung Nyunt,သိမ်ဖြူလမ်း,Thein Phyu Road,16.783632,96.166725,"https://www.google.com/maps?q=16.783632,96.166725",OpenStreetMap (OSM) Yangon
2955,3955,ဘုရားလမ်း,Pha Yay Lan,လှိုင်သာယာ,Hlaingtharyar,အမှတ်(၅)လမ်းမ,No. 5 Main Road,16.863076,96.064124,"https://www.google.com/maps?q=16.863076,96.064124",OpenStreetMap (OSM) Yangon
2956,3956,ပင်လုံဈေး,Pin Lone Zay,လှိုင်သာယာ,Hlaingtharyar,အမှတ်(၅)လမ်းမ,No. 5 Main Road,16.880925,96.050424,"https://www.google.com/maps?q=16.880925,96.050424",OpenStreetMap (OSM) Yangon
2957,3957,ေထာက္ႀကံ႕သို႔,ေထာက္ႀကံ႕သို႔,လှည်းကူး,Hlegu,အမှတ်(၁)လမ်းမ,No. 1 Main Road,17.0668,96.167813,"https://www.google.com/maps?q=17.0668,96.167813",OpenStreetMap (OSM) Yangon
2958,3958,တလမြန္ (တာေမြ),တလမြန္ (တာေမြ),တာမွေ,Tamwe,အနောက်မြင်းပြိုင်လမ်း,West Horse Race Course Road,16.81476,96.170289,"https://www.google.com/maps?q=16.81476,96.170289",OpenStreetMap (OSM) Yangon
2959,3959,"Shwe Myanmar Office (red sign, yellow title)","Shwe Myanmar Office (red sign, yellow title)",မြောက်ဥက္ကလာပ,North Okkalapa,သုဓမ္မာလမ်း,Thudhamar Road,16.930471,96.156172,"https://www.google.com/maps?q=16.930471,96.156172",OpenStreetMap (OSM) Yangon
2960,3960,တံတားဖြူ,Tatarphyu,လှိုင်သာယာ,Hlaingtharyar,အမှတ်(၅)လမ်းမ,No. 5 Main Road,16.875015,96.058036,"https://www.google.com/maps?q=16.875015,96.058036",OpenStreetMap (OSM) Yangon
2961,3961,ဗိုလ်တထောင် ဘုရား မှတ်တိုင်,Botahtaung Pagoda (YBS Transit / YBS 20/24/26/57/58) Bus Stop,ဆိပ်ကမ်း,Seikkan,ကမ်းနားလမ်း,Strand Road,16.766784,96.17325,"https://www.google.com/maps?q=16.766784,96.17325",OpenStreetMap (OSM) Yangon
2962,3962,Elite Express,Elite Express,မြောက်ဥက္ကလာပ,North Okkalapa,သုဓမ္မာလမ်း,Thudhamar Road,16.931344,96.158669,"https://www.google.com/maps?q=16.931344,96.158669",OpenStreetMap (OSM) Yangon
2963,3963,LUMBINI Express,LUMBINI Express,မြောက်ဥက္ကလာပ,North Okkalapa,သုဓမ္မာလမ်း,Thudhamar Road,16.932222,96.158544,"https://www.google.com/maps?q=16.932222,96.158544",OpenStreetMap (OSM) Yangon
2964,3964,ဘုရင့်နောင်,Bayint Naung Lan Sone,မရမ်းကုန်း,Mayangone,ပိတောက်လမ်း,ပိတောက်လမ်း,16.859304,96.109234,"https://www.google.com/maps?q=16.859304,96.109234",OpenStreetMap (OSM) Yangon
2965,3965,မွှေး,Hmwe,လှိုင်သာယာ,Hlaingtharyar,အမှတ်(၅)လမ်းမ,No. 5 Main Road,16.877761,96.034273,"https://www.google.com/maps?q=16.877761,96.034273",OpenStreetMap (OSM) Yangon
2966,3966,Ywar Ma Kwae (ရြာမေကြ႕),Ywar Ma Kwae (ရြာမေကြ႕),ကမာရွတ်,Kamayut,ဘုရင့်နောင်လမ်း,Bayint Naung Road,16.833475,96.118529,"https://www.google.com/maps?q=16.833475,96.118529",OpenStreetMap (OSM) Yangon
2967,3967,Bu Tar Yone street (ဘူတာရုံလမ်းမှတ်တိုင်),Bu Tar Yone street (ဘူတာရုံလမ်းမှတ်တိုင်),ကမာရွတ်,Kamayut,ရန်ကုန်-အင်းစိန်လမ်း,Yangon-Insein Road,16.836908,96.121276,"https://www.google.com/maps?q=16.836908,96.121276",OpenStreetMap (OSM) Yangon
2968,3968,A,A,တာမွေ,Tamwe,ကျိုက္ကဆံလမ်း,Kyaikkasan Road,16.812365,96.181935,"https://www.google.com/maps?q=16.812365,96.181935",OpenStreetMap (OSM) Yangon
2969,3969,"Water bus stop. Boat to China Town, and further.","Water bus stop. Boat to China Town, and further.",ကျောက်တံတား,Kyauktada,မဟာဗန္ဓုလလမ်း,Mahabandoola Road,16.76801,96.16238,"https://www.google.com/maps?q=16.76801,96.16238",OpenStreetMap (OSM) Yangon
2970,3970,Water bus. Boat along the river.,Water bus. Boat along the river.,လသာ,Latha,ကမ်းနားလမ်း,Strand Road,16.772809,96.141874,"https://www.google.com/maps?q=16.772809,96.141874",OpenStreetMap (OSM) Yangon
2971,3971,High class,High class,မြောက်ဥက္ကလာပ,North Okkalapa,သုဓမ္မာလမ်း,Thudhamar Road,16.932429,96.157963,"https://www.google.com/maps?q=16.932429,96.157963",OpenStreetMap (OSM) Yangon
2972,3972,အုတ်ကျင်း,Oakyinn Bus stop,မရမ်းကုန်း,Mayangone,ဘုရင့်နောင်လမ်း,Bayint Naung Road,16.854432,96.11664,"https://www.google.com/maps?q=16.854432,96.11664",OpenStreetMap (OSM) Yangon
2973,3973,ဘာတာ,Bartar Bus stop,လှိုင်,Hlaing,ရန်ကုန်-အင်းစိန်လမ်း,Yangon-Insein Road,16.852063,96.124156,"https://www.google.com/maps?q=16.852063,96.124156",OpenStreetMap (OSM) Yangon
2974,3974,ပတ္တမြား,Patamyar,ရွှေပြည်သာ,Shwepyitha,အမှတ်(၄)လမ်းမ,No. 4 Main Road,16.954095,96.075169,"https://www.google.com/maps?q=16.954095,96.075169",OpenStreetMap (OSM) Yangon
2975,3975,ဘာတာ,Bartar Bus stop,လှိုင်,Hlaing,ရန်ကုန်-အင်းစိန်လမ်း,Yangon-Insein Road,16.851144,96.124562,"https://www.google.com/maps?q=16.851144,96.124562",OpenStreetMap (OSM) Yangon
2976,3976,အမိုးကြီး,A Moe Gyi,ရွှေပြည်သာ,Shwepyitha,အမှတ်(၄)လမ်းမ,No. 4 Main Road,16.98449,96.071547,"https://www.google.com/maps?q=16.98449,96.071547",OpenStreetMap (OSM) Yangon
2977,3977,အိမ်မည်းကြီး,Eain Mel Gyi,ရွှေပြည်သာ,Shwepyitha,အမှတ်(၄)လမ်းမ,No. 4 Main Road,16.99227,96.070271,"https://www.google.com/maps?q=16.99227,96.070271",OpenStreetMap (OSM) Yangon
2978,3978,ရဲအောင်လံ,Ye Aung Lan,မြောက်ဥက္ကလာပ,North Okkalapa,သုဓမ္မာလမ်း,Thudhamar Road,16.932884,96.159703,"https://www.google.com/maps?q=16.932884,96.159703",OpenStreetMap (OSM) Yangon
2979,3979,ဇ၀န,zawana bus gate,သင်္ဃန်းကျွန်း,Thingangyun,လေးထောင့်ကန်လမ်း,Lay Daung Kan Road,16.829226,96.190391,"https://www.google.com/maps?q=16.829226,96.190391",OpenStreetMap (OSM) Yangon
2980,3980,ရွှေမန္တလာ,Shwe Mandalar,မြောက်ဥက္ကလာပ,North Okkalapa,သုဓမ္မာလမ်း,Thudhamar Road,16.931978,96.159576,"https://www.google.com/maps?q=16.931978,96.159576",OpenStreetMap (OSM) Yangon
2981,3981,Boss,Boss,မြောက်ဥက္ကလာပ,North Okkalapa,မကွေးလမ်း,မကွေးလမ်း,16.931125,96.159243,"https://www.google.com/maps?q=16.931125,96.159243",OpenStreetMap (OSM) Yangon
2982,3982,အောငျသုခ,Aung Thukha,ရွှေပြည်သာ,Shwepyitha,အမှတ်(၄)လမ်းမ,No. 4 Main Road,16.987557,96.071701,"https://www.google.com/maps?q=16.987557,96.071701",OpenStreetMap (OSM) Yangon
2983,3983,သိန်းသန်းကျော်,Thein Than Kyaw Express,မြောက်ဥက္ကလာပ,North Okkalapa,သုဓမ္မာလမ်း,Thudhamar Road,16.930182,96.155786,"https://www.google.com/maps?q=16.930182,96.155786",OpenStreetMap (OSM) Yangon
2984,3984,Oke lan (အုတ္လမ္း),Oke lan (အုတ္လမ္း),ဗဟန်း,Bahan,West Shwe Gon Daing Road,West Shwe Gon Daing Road,16.804382,96.1512,"https://www.google.com/maps?q=16.804382,96.1512",OpenStreetMap (OSM) Yangon
2985,3985,ေတာင္ေျမာက္လမ္းဆုံ,South North Junction,တောင်ဒဂုံ,South Dagon,အမှတ်(၂)လမ်းမ,No. 2 Main Road,16.86056,96.214542,"https://www.google.com/maps?q=16.86056,96.214542",OpenStreetMap (OSM) Yangon
2986,3986,Bus to Dawei,Bus to Dawei,မြောက်ဥက္ကလာပ,North Okkalapa,သုဓမ္မာလမ်း,Thudhamar Road,16.928692,96.158167,"https://www.google.com/maps?q=16.928692,96.158167",OpenStreetMap (OSM) Yangon
2987,3987,Air con express (bus to dawei),Air con express (bus to dawei),မြောက်ဥက္ကလာပ,North Okkalapa,သုဓမ္မာလမ်း,Thudhamar Road,16.931873,96.157892,"https://www.google.com/maps?q=16.931873,96.157892",OpenStreetMap (OSM) Yangon
2988,3988,A Wine,A Wine,သန်လျင်,Thanlyin,Bogyoke Nay Win Road,Bogyoke Nay Win Road,16.775913,96.227811,"https://www.google.com/maps?q=16.775913,96.227811",OpenStreetMap (OSM) Yangon
2989,3989,YBS 40(ည),YBS 40(ည),ရွှေပြည်သာ,Shwepyitha,အမှတ်(၄)လမ်းမ,No. 4 Main Road,16.945535,96.072583,"https://www.google.com/maps?q=16.945535,96.072583",OpenStreetMap (OSM) Yangon
2990,3990,Myanmar Plaza Bus stop,Myanmar Plaza Bus stop,ရန်ကင်း,Yankin,Yanshin Street,Yanshin Street,16.828406,96.154609,"https://www.google.com/maps?q=16.828406,96.154609",OpenStreetMap (OSM) Yangon
2991,3991,Famous Express Bus Hub,Famous Express Bus Hub,ထောက်ကြန့်,Htaukkyant,အမှတ်(၂)လမ်းမ,No. 2 Main Road,17.013022,96.14771,"https://www.google.com/maps?q=17.013022,96.14771",OpenStreetMap (OSM) Yangon
2992,3992,Apex,Apex,တောင်ဒဂုံ,South Dagon,ပြည်ထောင်စုလမ်းမကြီး,Pyi Htaung Su Main Road,16.854327,96.211806,"https://www.google.com/maps?q=16.854327,96.211806",OpenStreetMap (OSM) Yangon
2993,3993,Buyt,Buyt,ဆိပ်ကမ်း,Seikkan,ကမ်းနားလမ်း,Strand Road,16.769635,96.161455,"https://www.google.com/maps?q=16.769635,96.161455",OpenStreetMap (OSM) Yangon
2994,3994,လဆေိပျ,Airport,မင်္ဂလာဒုံ,Mingaladon,Yangon Airport Road,Yangon Airport Road,16.901491,96.135281,"https://www.google.com/maps?q=16.901491,96.135281",OpenStreetMap (OSM) Yangon
2995,3995,လေဆိပ်,Airport,မင်္ဂလာဒုံ,Mingaladon,Yangon Airport Road,Yangon Airport Road,16.900919,96.136188,"https://www.google.com/maps?q=16.900919,96.136188",OpenStreetMap (OSM) Yangon
2996,3996,သံဃာတက္ကသိုလ်,Buddish University,တောင်ဥက္ကလာပ,South Okkalapa,ဝေဇယန္တာလမ်း,Waizayanta Road,16.866823,96.158625,"https://www.google.com/maps?q=16.866823,96.158625",OpenStreetMap (OSM) Yangon
2997,3997,ဗြမ္မစို,Byamaso,တောင်ဥက္ကလာပ,South Okkalapa,သုမင်္ဂလာလမ်း,Thu Mingalar Road,16.846578,96.170042,"https://www.google.com/maps?q=16.846578,96.170042",OpenStreetMap (OSM) Yangon
2998,3998,၁၆ ကွေ့,16 Kwe,ရန်ကင်း,Yankin,Moe Kaung Road,Moe Kaung Road,16.834642,96.177541,"https://www.google.com/maps?q=16.834642,96.177541",OpenStreetMap (OSM) Yangon
2999,3999,အသင်းတိုက်,Athin Tike,သင်္ဃန်းကျွန်း,Thingangyun,ဝေဇယန္တာလမ်း,Waizayanta Road,16.823699,96.181016,"https://www.google.com/maps?q=16.823699,96.181016",OpenStreetMap (OSM) Yangon
3000,4000,YBS-78,YBS-78,ကျောက်တံတား,Kyauktada,အနော်ရထာလမ်း,Anawrahta Road,16.782001,96.161414,"https://www.google.com/maps?q=16.782001,96.161414",OpenStreetMap (OSM) Yangon
3001,4001,ကျောင်းရှေ့ မှတ်တိုင်,School Stop,သာကေတ,Thaketa,ရှူ့ခင်းသာမြို့ပတ်လမ်း,Shukinthar Myo Pat Road,16.796902,96.209863,"https://www.google.com/maps?q=16.796902,96.209863",OpenStreetMap (OSM) Yangon
3002,4002,Yoe Gyi,Yoe Gyi,လှိုင်သာယာ,Hlaingtharyar,အမှတ်(၅)လမ်းမ,No. 5 Main Road,16.917112,96.053092,"https://www.google.com/maps?q=16.917112,96.053092",OpenStreetMap (OSM) Yangon
3003,4003,Bus 36 to center (Train Station and Sule),Bus 36 to center (Train Station and Sule),မြောက်ဥက္ကလာပ,North Okkalapa,သုဓမ္မာလမ်း,Thudhamar Road,16.933715,96.15834,"https://www.google.com/maps?q=16.933715,96.15834",OpenStreetMap (OSM) Yangon
3004,4004,မင်းရဲကောင်းပုံ,Min Ye Kaung Pon,တောင်ဒဂုံ,South Dagon,ရတနာပုံလမ်း,Yadanarpon Road,16.880421,96.271226,"https://www.google.com/maps?q=16.880421,96.271226",OpenStreetMap (OSM) Yangon
3005,4005,၁၀၅ ဈေး,105 Market,တောင်ဒဂုံ,South Dagon,ရတနာပုံလမ်း,Yadanarpon Road,16.87587,96.267041,"https://www.google.com/maps?q=16.87587,96.267041",OpenStreetMap (OSM) Yangon
3006,4006,ရွှေဝါထွန်း(ရုံးရှေ့),Shwe War Tun (Yone Shae),တောင်ဒဂုံ,South Dagon,စည်ပင်လမ်း,Si Pin Road,16.870481,96.262997,"https://www.google.com/maps?q=16.870481,96.262997",OpenStreetMap (OSM) Yangon
3007,4007,ကျောက်လမ်း,Kyaut Lan,တောင်ဒဂုံ,South Dagon,စည်ပင်လမ်း,Si Pin Road,16.863542,96.25685,"https://www.google.com/maps?q=16.863542,96.25685",OpenStreetMap (OSM) Yangon
3008,4008,မဏိစည်သူ,Mani Si Thu,တောင်ဒဂုံ,South Dagon,စည်ပင်လမ်း,Si Pin Road,16.866791,96.259782,"https://www.google.com/maps?q=16.866791,96.259782",OpenStreetMap (OSM) Yangon
3009,4009,နဝရက်,Nawarat,တောင်ဒဂုံ,South Dagon,စည်ပင်လမ်း,Si Pin Road,16.860981,96.255629,"https://www.google.com/maps?q=16.860981,96.255629",OpenStreetMap (OSM) Yangon
3010,4010,၅၆ မှတ်တိုင်(၅၉ ဂိတ်),56 Bus stop (59 Gate),တောင်ဒဂုံ,South Dagon,စည်ပင်လမ်း,Si Pin Road,16.855199,96.253875,"https://www.google.com/maps?q=16.855199,96.253875",OpenStreetMap (OSM) Yangon
3011,4011,အောင်ဆုမွန်,Aung Su Mon,တောင်ဒဂုံ,South Dagon,စည်ပင်လမ်း,Si Pin Road,16.851515,96.250641,"https://www.google.com/maps?q=16.851515,96.250641",OpenStreetMap (OSM) Yangon
3012,4012,အထူးဂိတ်,A Htoo Gate,ရွှေပြည်သာ,Shwepyitha,လှော်ကားလမ်း,Hlawga Road,16.843645,96.245415,"https://www.google.com/maps?q=16.843645,96.245415",OpenStreetMap (OSM) Yangon
3013,4013,ပွိုင့်ထိပ်,Point Htake,တောင်ဒဂုံ,South Dagon,လှော်ကားလမ်း,Hlawga Road,16.847362,96.246701,"https://www.google.com/maps?q=16.847362,96.246701",OpenStreetMap (OSM) Yangon
3014,4014,81 bus stop,81 bus stop,တောင်ဒဂုံ,South Dagon,အမှတ်(၂)လမ်းမ,No. 2 Main Road,16.891291,96.240218,"https://www.google.com/maps?q=16.891291,96.240218",OpenStreetMap (OSM) Yangon
3015,4015,Myo Chang Junction,Myo Chang Junction,မှော်ဘီ,Hmawbi,ရန်ကုန်-ပြည်လမ်းမကြီး,Yangon-Pyay Main Road,17.137357,96.000993,"https://www.google.com/maps?q=17.137357,96.000993",OpenStreetMap (OSM) Yangon
3016,4016,Aung Myit Thar,Aung Myit Thar,မြောက်ဥက္ကလာပ,North Okkalapa,သုဓမ္မာလမ်း,Thudhamar Road,16.938028,96.195471,"https://www.google.com/maps?q=16.938028,96.195471",OpenStreetMap (OSM) Yangon
3017,4017,၉၉လမ္း ကားမွတ္တိုင္,၉၉လမ္း ကားမွတ္တိုင္,ဒဂုံ,Dagon,ZOOLOGICAL Garden Road,ZOOLOGICAL Garden Road,16.789246,96.163579,"https://www.google.com/maps?q=16.789246,96.163579",OpenStreetMap (OSM) Yangon
3018,4018,Arrival Terminal,Arrival Terminal,မြောက်ဥက္ကလာပ,North Okkalapa,သုဓမ္မာလမ်း,Thudhamar Road,16.933427,96.159598,"https://www.google.com/maps?q=16.933427,96.159598",OpenStreetMap (OSM) Yangon
3019,4019,Car Parking,Car Parking,ထောက်ကြန့်,Htaukkyant,ရန်ကုန်-ပြည်လမ်းမကြီး,Yangon-Pyay Main Road,17.059747,96.109856,"https://www.google.com/maps?q=17.059747,96.109856",OpenStreetMap (OSM) Yangon
3020,4020,ျမလမ္း,Mya Lan,ဗဟန်း,Bahan,East Shwe Gon Daing Road,East Shwe Gon Daing Road,16.815114,96.168944,"https://www.google.com/maps?q=16.815114,96.168944",OpenStreetMap (OSM) Yangon
3021,4021,YBS-87,YBS-87,ကျောက်တံတား,Kyauktada,ဆူးလေးဘုရားလမ်း,Sule Pagoda Road,16.775228,96.158876,"https://www.google.com/maps?q=16.775228,96.158876",OpenStreetMap (OSM) Yangon
3022,4022,Airport bus stop,Airport bus stop,မရမ်းကုန်း,Mayangone,ကမ္ဘာအေးဘုရားလမ်း,Kabar Aye Pagoda Road,16.867111,96.143962,"https://www.google.com/maps?q=16.867111,96.143962",OpenStreetMap (OSM) Yangon
3023,4023,Airport bus stop,Airport bus stop,ဗဟန်း,Bahan,Bahan Road,Bahan Road,16.79771,96.157164,"https://www.google.com/maps?q=16.79771,96.157164",OpenStreetMap (OSM) Yangon
3024,4024,Airport bus stop,Airport bus stop,မရမ်းကုန်း,Mayangone,ပြည်လမ်း,Pyay Road,16.869343,96.140743,"https://www.google.com/maps?q=16.869343,96.140743",OpenStreetMap (OSM) Yangon
3025,4025,ဂိတ် ၃ (ပြည်တွင်း) မှတ်တိုင်,Terminal 3 (Domestic) Bus Stop,မင်္ဂလာဒုံ,Mingaladon,Yangon Airport Road,Yangon Airport Road,16.898367,96.132683,"https://www.google.com/maps?q=16.898367,96.132683",OpenStreetMap (OSM) Yangon
3026,4026,အသင်းတိုက်မှတ်တိုင်,Ah Thin Tike,သင်္ဃန်းကျွန်း,Thingangyun,ဝေဇယန္တာလမ်း,Waizayanta Road,16.824823,96.180959,"https://www.google.com/maps?q=16.824823,96.180959",OpenStreetMap (OSM) Yangon
3027,4027,ငခင်ညိုလမ်း,ငခင်ညိုလမ်း,မြောက်ဒဂုံ,North Dagon,ဗိုလ်မှူးဗထူးလမ်း,Bo Hmu Ba Htoo Road,16.895639,96.205785,"https://www.google.com/maps?q=16.895639,96.205785",OpenStreetMap (OSM) Yangon
3028,4028,ငခင်ညိုလမ်း,Nga Khin Nyo,မြောက်ဒဂုံ,North Dagon,ဗိုလ်မှူးဗထူးလမ်း,Bo Hmu Ba Htoo Road,16.896461,96.205284,"https://www.google.com/maps?q=16.896461,96.205284",OpenStreetMap (OSM) Yangon
3029,4029,140,140,တောင်ဒဂုံ,South Dagon,အမှတ်(၂)လမ်းမ,No. 2 Main Road,16.911965,96.253128,"https://www.google.com/maps?q=16.911965,96.253128",OpenStreetMap (OSM) Yangon
3030,4030,89 Bus Station,89 Bus Station,ကြည့်မြင်တိုင်,Kyimyindaing,ပန်းပင်ကြီးလမ်း - Punpingyi St,ပန်းပင်ကြီးလမ်း - Punpingyi St,16.811786,96.125654,"https://www.google.com/maps?q=16.811786,96.125654",OpenStreetMap (OSM) Yangon
3031,4031,႐ုပ္႐ွင္ရံု မွတ္တိုင္,Yoke Shin Yone Bus Stop,သာကေတ,Thaketa,မြင်တော်သာလမ်း,Myintawthar Road,16.793285,96.203144,"https://www.google.com/maps?q=16.793285,96.203144",OpenStreetMap (OSM) Yangon
3032,4032,ကမ္းနားေစ်း မွတ္တိုင္ Kan Nar Zay Bus Stop,ကမ္းနားေစ်း မွတ္တိုင္ Kan Nar Zay Bus Stop,ကြည့်မြင်တိုင်,Kyimyindaing,ကြည့်မြင်တိုင်ကမ်းနားလမ်း,Kyee Myin Daing Kannar Road,16.811135,96.121955,"https://www.google.com/maps?q=16.811135,96.121955",OpenStreetMap (OSM) Yangon
3033,4033,႐ုပ္႐ွင္ရံု မွတ္တိုင္,Yoke Shin Yone Bus Stop,သာကေတ,Thaketa,မြင်တော်သာလမ်း,Myintawthar Road,16.792024,96.202402,"https://www.google.com/maps?q=16.792024,96.202402",OpenStreetMap (OSM) Yangon
3034,4034,စိန်တစ်လုံး,Sein Tit Lone Express,မြောက်ဥက္ကလာပ,North Okkalapa,ဥဿာလမ်း,ဥဿာလမ်း,16.932942,96.158549,"https://www.google.com/maps?q=16.932942,96.158549",OpenStreetMap (OSM) Yangon
3035,4035,Sein Tit Lone (ကံမ.သရက္.ေအာင္လံ),Sein Tit Lone (ကံမ.သရက္.ေအာင္လံ),မြောက်ဥက္ကလာပ,North Okkalapa,Oak Thar Street,Oak Thar Street,16.93281,96.158853,"https://www.google.com/maps?q=16.93281,96.158853",OpenStreetMap (OSM) Yangon
3036,4036,ဇာမနီ,Zarmani,မရမ်းကုန်း,Mayangone,ပိတောက်လမ်း,ပိတောက်လမ်း,16.8611,96.102304,"https://www.google.com/maps?q=16.8611,96.102304",OpenStreetMap (OSM) Yangon
3037,4037,ရှမ်းရွှေပြည်၂,ရှမ်းရွှေပြည်၂,မရမ်းကုန်း,Mayangone,ပိတောက်လမ်း,ပိတောက်လမ်း,16.860679,96.102798,"https://www.google.com/maps?q=16.860679,96.102798",OpenStreetMap (OSM) Yangon
3038,4038,Airport bus,Airport bus,မရမ်းကုန်း,Mayangone,ပြည်လမ်း,Pyay Road,16.857181,96.141329,"https://www.google.com/maps?q=16.857181,96.141329",OpenStreetMap (OSM) Yangon
3039,4039,နာရီစင်မှတ်တိုင်,နာရီစင်မှတ်တိုင်,မြောက်ဒဂုံ,North Dagon,ပင်လုံလမ်းမကြီး,ပင်လုံလမ်းမကြီး,16.866018,96.18093,"https://www.google.com/maps?q=16.866018,96.18093",OpenStreetMap (OSM) Yangon
3040,4040,ကုတို့ဆိပ်မှတ်တိုင်,Katoe Sate Bus Stop,မြောက်ဥက္ကလာပ,North Okkalapa,သုဓမ္မာလမ်း,Thudhamar Road,16.881015,96.169997,"https://www.google.com/maps?q=16.881015,96.169997",OpenStreetMap (OSM) Yangon
3041,4041,Prince Bagan,Prince Bagan,မြောက်ဥက္ကလာပ,North Okkalapa,သုဓမ္မာလမ်း,Thudhamar Road,16.932706,96.160088,"https://www.google.com/maps?q=16.932706,96.160088",OpenStreetMap (OSM) Yangon
3042,4042,"YBS-14,55","YBS-14,55",အလုံ,Ahlone,ကြည့်မြင်တိုင်ကမ်းနားလမ်း,Kyee Myin Daing Kannar Road,16.778001,96.136449,"https://www.google.com/maps?q=16.778001,96.136449",OpenStreetMap (OSM) Yangon
3043,4043,YBS-30,YBS-30,အလုံ,Ahlone,ကြည့်မြင်တိုင်ကမ်းနားလမ်း,Kyee Myin Daing Kannar Road,16.779055,96.136744,"https://www.google.com/maps?q=16.779055,96.136744",OpenStreetMap (OSM) Yangon
3044,4044,YBS-93,YBS-93,ကျောက်တံတား,Kyauktada,အနော်ရထာလမ်း,Anawrahta Road,16.782287,96.161742,"https://www.google.com/maps?q=16.782287,96.161742",OpenStreetMap (OSM) Yangon
3045,4045,YBS-61,YBS-61,ကျောက်တံတား,Kyauktada,ဆူးလေးဘုရားလမ်း,Sule Pagoda Road,16.776128,96.15893,"https://www.google.com/maps?q=16.776128,96.15893",OpenStreetMap (OSM) Yangon
3046,4046,YBS-43,YBS-43,မင်္ဂလာဒုံ,Mingaladon,အမှတ်(၁)လမ်းမ,No. 1 Main Road,16.968619,96.127454,"https://www.google.com/maps?q=16.968619,96.127454",OpenStreetMap (OSM) Yangon
3047,4047,YBS-37(လှည်းကူ),YBS-37(Hlegu),လှည်းကူး,Hlegu,Hlegu-Phaung Gyi Road,Hlegu-Phaung Gyi Road,17.103543,96.236076,"https://www.google.com/maps?q=17.103543,96.236076",OpenStreetMap (OSM) Yangon
3048,4048,YBS-37(Htauk Kyant),YBS-37(Htauk Kyant),ထောက်ကြန့်,Htaukkyant,အမှတ်(၂)လမ်းမ,No. 2 Main Road,17.044174,96.125581,"https://www.google.com/maps?q=17.044174,96.125581",OpenStreetMap (OSM) Yangon
3049,4049,YBS-37(မှော်ဘီ),YBS-37(Hmawbi),မှော်ဘီ,Hmawbi,ရန်ကုန်-ပြည်လမ်းမကြီး,Yangon-Pyay Main Road,17.124188,96.007095,"https://www.google.com/maps?q=17.124188,96.007095",OpenStreetMap (OSM) Yangon
3050,4050,Airport Shuttle Bus,Airport Shuttle Bus,မရမ်းကုန်း,Mayangone,ပြည်လမ်း,Pyay Road,16.891946,96.14425,"https://www.google.com/maps?q=16.891946,96.14425",OpenStreetMap (OSM) Yangon
3051,4051,YBS-83,YBS-83,တောင်ဒဂုံ,South Dagon,ပြည်ထောင်စုလမ်းမကြီး,Pyi Htaung Su Main Road,16.827934,96.243015,"https://www.google.com/maps?q=16.827934,96.243015",OpenStreetMap (OSM) Yangon
3052,4052,YBS-97,YBS-97,တောင်ဒဂုံ,South Dagon,အမှတ်(၂)လမ်းမ,No. 2 Main Road,16.930669,96.269291,"https://www.google.com/maps?q=16.930669,96.269291",OpenStreetMap (OSM) Yangon
3053,4053,Elite Express,Elite Express,မင်္ဂလာဒုံ,Mingaladon,အမှတ် (၃) လမ်းမကြီး,အမှတ် (၃) လမ်းမကြီး,16.953304,96.153666,"https://www.google.com/maps?q=16.953304,96.153666",OpenStreetMap (OSM) Yangon
3054,4054,99 Bus Terminal,99 Bus Terminal,တောင်ဒဂုံ,South Dagon,ပြည်ထောင်စုလမ်းမကြီး,Pyi Htaung Su Main Road,16.828433,96.241349,"https://www.google.com/maps?q=16.828433,96.241349",OpenStreetMap (OSM) Yangon
3055,4055,4 Bus Terminal (Pone na mi),4 Bus Terminal (Pone na mi),တောင်ဒဂုံ,South Dagon,ပြည်ထောင်စုလမ်းမကြီး,Pyi Htaung Su Main Road,16.826731,96.246792,"https://www.google.com/maps?q=16.826731,96.246792",OpenStreetMap (OSM) Yangon
3056,4056,၆၅ရပ်ကွက် မှတ်တိုင်,Ward 65 Bus Stop,ဒဂုံဆိပ်ကမ်း,Dagon Seikkan,Bago River Road,Bago River Road,16.831839,96.241872,"https://www.google.com/maps?q=16.831839,96.241872",OpenStreetMap (OSM) Yangon
3057,4057,ဘုန်းမြတ်ပိုင်,PhoneMyatPaing Express,မြောက်ဥက္ကလာပ,North Okkalapa,Dagon Street,Dagon Street,16.931473,96.157486,"https://www.google.com/maps?q=16.931473,96.157486",OpenStreetMap (OSM) Yangon
3058,4058,BOC A002,BOC A002,လှိုင်သာယာ,Hlaingtharyar,အမှတ်(၅)လမ်းမ,No. 5 Main Road,16.871918,96.039124,"https://www.google.com/maps?q=16.871918,96.039124",OpenStreetMap (OSM) Yangon
3059,4059,YBS (၄၄) ဂိတ်အစ,YBS(44)Start gate,လှည်းကူး,Hlegu,ဖောင်ကြီးလမ်း,ဖောင်ကြီးလမ်း,17.100726,96.225938,"https://www.google.com/maps?q=17.100726,96.225938",OpenStreetMap (OSM) Yangon
3060,4060,YBS(44)End gate,YBS(44)End gate,မရမ်းကုန်း,Mayangone,ကျိုက်ဝိုင်းဘုရားလမ်း,Kyaik Wine Pagoda Road,16.870881,96.130714,"https://www.google.com/maps?q=16.870881,96.130714",OpenStreetMap (OSM) Yangon
3061,4061,၈ မိုင်လမ်းစုံ,8 mile Bus stop,မရမ်းကုန်း,Mayangone,ပြည်လမ်း,Pyay Road,16.866132,96.142484,"https://www.google.com/maps?q=16.866132,96.142484",OpenStreetMap (OSM) Yangon
3062,4062,ခေရပင္လမ္းစံု,ခေရပင္လမ္းစံု,မင်္ဂလာဒုံ,Mingaladon,အမှတ်(၁)လမ်းမ,No. 1 Main Road,16.928248,96.13155,"https://www.google.com/maps?q=16.928248,96.13155",OpenStreetMap (OSM) Yangon
3063,4063,ကြၽန္​းက​ေလး,ကြၽန္​းက​ေလး,လှည်းကူး,Hlegu,အမှတ်(၁)လမ်းမ,No. 1 Main Road,17.083041,96.189655,"https://www.google.com/maps?q=17.083041,96.189655",OpenStreetMap (OSM) Yangon
3064,4064,နတ္စင္တရာေက်ာင္း,နတ္စင္တရာေက်ာင္း,သန်လျင်,Thanlyin,အမှတ်(၆)လမ်းမ,No. 6 Main Road,16.726426,96.279284,"https://www.google.com/maps?q=16.726426,96.279284",OpenStreetMap (OSM) Yangon
3065,4065,ကြၽန္​းက​ေလးရြာ,ကြၽန္​းက​ေလးရြာ,လှည်းကူး,Hlegu,အမှတ်(၁)လမ်းမ,No. 1 Main Road,17.082976,96.190521,"https://www.google.com/maps?q=17.082976,96.190521",OpenStreetMap (OSM) Yangon
3066,4066,ေညာင္ပင္,ေညာင္ပင္,အင်းစိန်,Insein,ရန်ကုန်-အင်းစိန်လမ်း,Yangon-Insein Road,16.882148,96.098934,"https://www.google.com/maps?q=16.882148,96.098934",OpenStreetMap (OSM) Yangon
3067,4067,စိနျဂဟောပါရမီ,Seingayhar Parami Bus Stop,မရမ်းကုန်း,Mayangone,ရန်ကုန်-အင်းစိန်လမ်း,Yangon-Insein Road,16.857399,96.121512,"https://www.google.com/maps?q=16.857399,96.121512",OpenStreetMap (OSM) Yangon
3068,4068,"Shan Tel Gyi Tadar Htike , Hlay Sait","Shan Tel Gyi Tadar Htike , Hlay Sait",တောင်ဒဂုံ,South Dagon,အမှတ်(၂)လမ်းမ,No. 2 Main Road,17.018442,96.297306,"https://www.google.com/maps?q=17.018442,96.297306",OpenStreetMap (OSM) Yangon
3069,4069,ရုံးရှေ့ / မြန်မာစာ,Yone Shae / Department of Myanmar,မြောက်ဒဂုံ,North Dagon,Dagon University,Dagon University,16.914265,96.211197,"https://www.google.com/maps?q=16.914265,96.211197",OpenStreetMap (OSM) Yangon
3070,4070,Elite express,Elite express,မင်္ဂလာဒုံ,Mingaladon,အမှတ် (၃) လမ်းမကြီး,အမှတ် (၃) လမ်းမကြီး,16.953037,96.150774,"https://www.google.com/maps?q=16.953037,96.150774",OpenStreetMap (OSM) Yangon
3071,4071,JJ Express pick up point,JJ Express pick up point,ကျောက်တံတား,Kyauktada,အနော်ရထာလမ်း,Anawrahta Road,16.782399,96.1609,"https://www.google.com/maps?q=16.782399,96.1609",OpenStreetMap (OSM) Yangon
3072,4072,စနရ၁,စနရ၁,လှည်းကူး,Hlegu,Hlegu-Phaung Gyi Road,Hlegu-Phaung Gyi Road,17.138968,96.324138,"https://www.google.com/maps?q=17.138968,96.324138",OpenStreetMap (OSM) Yangon
3073,4073,ဂိတ်ဟောင်း,Gate Haung,တောင်ဥက္ကလာပ,South Okkalapa,သံသုမာလမ်း,Thanthumar Road,16.849554,96.183637,"https://www.google.com/maps?q=16.849554,96.183637",OpenStreetMap (OSM) Yangon
3074,4074,စိန်သိန်းသန်းဝေ ၂,Sein Thein Than Wei 2,မရမ်းကုန်း,Mayangone,Aung Tha Pyay Street,Aung Tha Pyay Street,16.860051,96.102847,"https://www.google.com/maps?q=16.860051,96.102847",OpenStreetMap (OSM) Yangon
3075,4075,ရွှေငါး,Shwe Ngar,မရမ်းကုန်း,Mayangone,Khayay Street,Khayay Street,16.862758,96.102163,"https://www.google.com/maps?q=16.862758,96.102163",OpenStreetMap (OSM) Yangon
3076,4076,ချင်းတွင်းဂိတ်,Chin Dwin Car Gate,မရမ်းကုန်း,Mayangone,Khayay Street,Khayay Street,16.861818,96.102033,"https://www.google.com/maps?q=16.861818,96.102033",OpenStreetMap (OSM) Yangon
3077,4077,ရွှေညာမောင်ကုန်စည်ဂိတ်,Shwe Nyar Maung,မရမ်းကုန်း,Mayangone,Gantgaw Street,Gantgaw Street,16.862136,96.09818,"https://www.google.com/maps?q=16.862136,96.09818",OpenStreetMap (OSM) Yangon
3078,4078,Marathon မာရသွန်မြန်မာ ပါဆယ်ပို့ဆောင်ရေး,Marathon Transportation,မရမ်းကုန်း,Mayangone,ယုဇနလမ်း,ယုဇနလမ်း,16.862274,96.106722,"https://www.google.com/maps?q=16.862274,96.106722",OpenStreetMap (OSM) Yangon
3079,4079,ရွာထိပ်ရိပ်သာ,ရွာထိပ်ရိပ်သာ,တောင်ဒဂုံ,South Dagon,အမှတ်(၂)လမ်းမ,No. 2 Main Road,16.927865,96.32489,"https://www.google.com/maps?q=16.927865,96.32489",OpenStreetMap (OSM) Yangon
3080,4080,၃လမ်းထိပ်,၃လမ်းထိပ်,တောင်ဒဂုံ,South Dagon,အမှတ်(၂)လမ်းမ,No. 2 Main Road,16.919995,96.333485,"https://www.google.com/maps?q=16.919995,96.333485",OpenStreetMap (OSM) Yangon
3081,4081,၅လမ်းထိပ်,၅လမ်းထိပ်,တောင်ဒဂုံ,South Dagon,အမှတ်(၂)လမ်းမ,No. 2 Main Road,16.917079,96.335888,"https://www.google.com/maps?q=16.917079,96.335888",OpenStreetMap (OSM) Yangon
3082,4082,Zay ဈေးရှေ့,Zay ဈေးရှေ့,တောင်ဒဂုံ,South Dagon,အမှတ်(၂)လမ်းမ,No. 2 Main Road,16.958417,96.297199,"https://www.google.com/maps?q=16.958417,96.297199",OpenStreetMap (OSM) Yangon
3083,4083,ရုံးရှေ့,ရုံးရှေ့,တောင်ဒဂုံ,South Dagon,အမှတ်(၂)လမ်းမ,No. 2 Main Road,16.925607,96.327149,"https://www.google.com/maps?q=16.925607,96.327149",OpenStreetMap (OSM) Yangon
3084,4084,ရွာလယ်ရ်ပ်သာ,ရွာလယ်ရ်ပ်သာ,တောင်ဒဂုံ,South Dagon,အမှတ်(၂)လမ်းမ,No. 2 Main Road,16.924335,96.32844,"https://www.google.com/maps?q=16.924335,96.32844",OpenStreetMap (OSM) Yangon
3085,4085,၁လမ်းထိပ်,၁လမ်းထိပ်,တောင်ဒဂုံ,South Dagon,အမှတ်(၂)လမ်းမ,No. 2 Main Road,16.922383,96.330522,"https://www.google.com/maps?q=16.922383,96.330522",OpenStreetMap (OSM) Yangon
3086,4086,၇၁ ဂိတ်,၇၁ ဂိတ်,တောင်ဒဂုံ,South Dagon,ဘုရင့်နောင်လမ်းမ,ဘုရင့်နောင်လမ်းမ,16.914871,96.338172,"https://www.google.com/maps?q=16.914871,96.338172",OpenStreetMap (OSM) Yangon
3087,4087,Konetainner Gate Bus Stop,Konetainner Gate Bus Stop,တောင်ဒဂုံ,South Dagon,ကျွန်းရွှေဝါလမ်း,Kyun Shwe Wah Road,16.821492,96.264767,"https://www.google.com/maps?q=16.821492,96.264767",OpenStreetMap (OSM) Yangon
3088,4088,Mandalar Min Bus Station,Mandalar Min Bus Station,မြောက်ဥက္ကလာပ,North Okkalapa,သုဓမ္မာလမ်း,Thudhamar Road,16.939128,96.158104,"https://www.google.com/maps?q=16.939128,96.158104",OpenStreetMap (OSM) Yangon
3089,4089,u aung soe home,u aung soe home,လှိုင်သာယာ,Hlaingtharyar,အမှတ်(၅)လမ်းမ,No. 5 Main Road,16.934128,96.038467,"https://www.google.com/maps?q=16.934128,96.038467",OpenStreetMap (OSM) Yangon
3090,4090,nga aim,nga aim,ကမာရွတ်,Kamayut,ဗဟိုလမ်း,Baho Road,16.835659,96.121632,"https://www.google.com/maps?q=16.835659,96.121632",OpenStreetMap (OSM) Yangon
3091,4091,ဗေလုဝ မှတ်တိုင်,Bay Lu Was bus stop,သာကေတ,Thaketa,National Races Village,National Races Village,16.807601,96.235853,"https://www.google.com/maps?q=16.807601,96.235853",OpenStreetMap (OSM) Yangon
3092,4092,Inn wa (lan thit),Inn wa (lan thit),တောင်ဒဂုံ,South Dagon,အမှတ်(၂)လမ်းမ,No. 2 Main Road,16.90984,96.251733,"https://www.google.com/maps?q=16.90984,96.251733",OpenStreetMap (OSM) Yangon
3093,4093,Shwe Mandalar တန်ဆာဌာန,Shwe Mandalar တန်ဆာဌာန,မြောက်ဥက္ကလာပ,North Okkalapa,မကွေးလမ်း,မကွေးလမ်း,16.930248,96.159828,"https://www.google.com/maps?q=16.930248,96.159828",OpenStreetMap (OSM) Yangon
3094,4094,တိုးရတနာ,Toe Yadanar,မြောက်ဥက္ကလာပ,North Okkalapa,သုဓမ္မာလမ်း,Thudhamar Road,16.932953,96.160397,"https://www.google.com/maps?q=16.932953,96.160397",OpenStreetMap (OSM) Yangon
3095,4095,မန်းရာဇာ,Mann Yarzar,မြောက်ဥက္ကလာပ,North Okkalapa,သုဓမ္မာလမ်း,Thudhamar Road,16.930492,96.155317,"https://www.google.com/maps?q=16.930492,96.155317",OpenStreetMap (OSM) Yangon
3096,4096,မင်းမကိုဋ်,Min Ma Guide,မြောက်ဥက္ကလာပ,North Okkalapa,Dagon Street,Dagon Street,16.931844,96.157322,"https://www.google.com/maps?q=16.931844,96.157322",OpenStreetMap (OSM) Yangon
3097,4097,ရွှေမန်းရတနာ,Shwe Mann Yadanar,မြောက်ဥက္ကလာပ,North Okkalapa,သုဓမ္မာလမ်း,Thudhamar Road,16.9322,96.157727,"https://www.google.com/maps?q=16.9322,96.157727",OpenStreetMap (OSM) Yangon
3098,4098,Nyaung 2 pin,Nyaung 2 pin,တောင်ဒဂုံ,South Dagon,အမှတ်(၂)လမ်းမ,No. 2 Main Road,16.903629,96.248119,"https://www.google.com/maps?q=16.903629,96.248119",OpenStreetMap (OSM) Yangon
3099,4099,ဂျူပီတာ,Jupiter,မြောက်ဥက္ကလာပ,North Okkalapa,သုဓမ္မာလမ်း,Thudhamar Road,16.930844,96.156183,"https://www.google.com/maps?q=16.930844,96.156183",OpenStreetMap (OSM) Yangon
3100,4100,သစ္စာမွန်,Thitsar Mon,မရမ်းကုန်း,Mayangone,ပိတောက်လမ်း,ပိတောက်လမ်း,16.860216,96.105712,"https://www.google.com/maps?q=16.860216,96.105712",OpenStreetMap (OSM) Yangon
3101,4101,ရှုတိုင်ယဉ်,Shu Tine Yin,မရမ်းကုန်း,Mayangone,ပိတောက်လမ်း,ပိတောက်လမ်း,16.860374,96.104842,"https://www.google.com/maps?q=16.860374,96.104842",OpenStreetMap (OSM) Yangon
3102,4102,ကျောင်းရှေ့ kyaung shae,ကျောင်းရှေ့ kyaung shae,တောင်ဒဂုံ,South Dagon,အမှတ်(၂)လမ်းမ,No. 2 Main Road,16.907568,96.250283,"https://www.google.com/maps?q=16.907568,96.250283",OpenStreetMap (OSM) Yangon
3103,4103,ဝင်းသစ္စာ,Win Thitsar,မြောက်ဥက္ကလာပ,North Okkalapa,သုဓမ္မာလမ်း,Thudhamar Road,16.932405,96.159897,"https://www.google.com/maps?q=16.932405,96.159897",OpenStreetMap (OSM) Yangon
3104,4104,လင်းလက်ဝတီ,Lin Let Waddy,မရမ်းကုန်း,Mayangone,Gantgaw Street,Gantgaw Street,16.861244,96.098512,"https://www.google.com/maps?q=16.861244,96.098512",OpenStreetMap (OSM) Yangon
3105,4105,ရွှေခြံမင်း(မြင်းခြံ၊တောင်သာ),Shwe Chan Minn,မရမ်းကုန်း,Mayangone,ပိတောက်လမ်း,ပိတောက်လမ်း,16.860505,96.10613,"https://www.google.com/maps?q=16.860505,96.10613",OpenStreetMap (OSM) Yangon
3106,4106,ပြည့်စုံဟိန်း(အသုတ်၊ရေကြည်၊ငါးသိုင်းချောင်း),Pyi Sone Hein,မရမ်းကုန်း,Mayangone,ပိတောက်လမ်း,ပိတောက်လမ်း,16.865051,96.103606,"https://www.google.com/maps?q=16.865051,96.103606",OpenStreetMap (OSM) Yangon
3107,4107,ကျန်စစ်ဝင်း(မြောင်းမြ),Kyan Sit Win,မရမ်းကုန်း,Mayangone,Khayay Street,Khayay Street,16.864436,96.100814,"https://www.google.com/maps?q=16.864436,96.100814",OpenStreetMap (OSM) Yangon
3108,4108,ကောင်းထက်(မော်ကျွန်း),Kaung Htet (Maw Kyun),မရမ်းကုန်း,Mayangone,ပိတောက်လမ်း,ပိတောက်လမ်း,16.865654,96.103389,"https://www.google.com/maps?q=16.865654,96.103389",OpenStreetMap (OSM) Yangon
3109,4109,ဝသ်းထိပ်တန်း (လားရှိုး-မူဆယ် ),Win Htake Tann (Lasio-Muse),မရမ်းကုန်း,Mayangone,ပိတောက်လမ်း,ပိတောက်လမ်း,16.865072,96.102142,"https://www.google.com/maps?q=16.865072,96.102142",OpenStreetMap (OSM) Yangon
3110,4110,Kaung Myat Kyal Sin Hein [Yangon-Mandalay-Monywa-Kalay-Tamue,Kaung Myat Kyal Sin Hein [Yangon-Mandalay-Monywa-Kalay-Tamue,မရမ်းကုန်း,Mayangone,Gantgaw Street,Gantgaw Street,16.86316,96.099321,"https://www.google.com/maps?q=16.86316,96.099321",OpenStreetMap (OSM) Yangon
3111,4111,ကြယ်စင်ဦး(နေပြည်တော်-မန္တလေး-မူဆယ်),ကြယ်စင်ဦး(နေပြည်တော်-မန္တလေး-မူဆယ်),မရမ်းကုန်း,Mayangone,ပိတောက်လမ်း,ပိတောက်လမ်း,16.864764,96.105878,"https://www.google.com/maps?q=16.864764,96.105878",OpenStreetMap (OSM) Yangon
3112,4112,မာန်သစ္စာ(ကမ်းထောင်းကြီး),မာန်သစ္စာ(ကမ်းထောင်းကြီး),မြောက်ဥက္ကလာပ,North Okkalapa,စက်မှုလမ်း,စက်မှုလမ်း,16.931195,96.158274,"https://www.google.com/maps?q=16.931195,96.158274",OpenStreetMap (OSM) Yangon
3113,4113,ချိုလတ်ဝေ(ပုသိမ်),Cho Latt Wai,မရမ်းကုန်း,Mayangone,ပိတောက်လမ်း,ပိတောက်လမ်း,16.863505,96.104601,"https://www.google.com/maps?q=16.863505,96.104601",OpenStreetMap (OSM) Yangon
3114,4114,Insein Market,Insein Market,အင်းစိန်,Insein,လှိုင်မြစ်လမ်း,Hlaing River Road,16.88662,96.101651,"https://www.google.com/maps?q=16.88662,96.101651",OpenStreetMap (OSM) Yangon
3115,4115,၆/၇ ဂိတ်ဟောင်း,"6, 7 Bus Stop",သာကေတ,Thaketa,ရှူ့ခင်းသာမြို့ပတ်လမ်း,Shukinthar Myo Pat Road,16.796274,96.212107,"https://www.google.com/maps?q=16.796274,96.212107",OpenStreetMap (OSM) Yangon
3116,4116,Soe Myat Bus Stop,Soe Myat Bus Stop,အရှေ့ဒဂုံ,East Dagon,ကျန်စစ်သားလမ်း,Kyansitthar Road,16.889234,96.210217,"https://www.google.com/maps?q=16.889234,96.210217",OpenStreetMap (OSM) Yangon
3117,4117,Hakha-Mann downtown gate,Hakha-Mann downtown gate,လှိုင်,Hlaing,ပြည်လမ်း,Pyay Road,16.846794,96.12307,"https://www.google.com/maps?q=16.846794,96.12307",OpenStreetMap (OSM) Yangon
3118,4118,ပေါက်တောဝ,Pauk Taw Wa Bus Stop,အင်းစိန်,Insein,ရန်ကုန်-အင်းစိန်လမ်း,Yangon-Insein Road,16.883372,96.098659,"https://www.google.com/maps?q=16.883372,96.098659",OpenStreetMap (OSM) Yangon
3119,4119,"YBS-62,87,87 station","YBS-62,87,87 station",မြောက်ဒဂုံ,North Dagon,Dagon University,Dagon University,16.907637,96.225436,"https://www.google.com/maps?q=16.907637,96.225436",OpenStreetMap (OSM) Yangon
3120,4120,Khine Mandalay,Khine Mandalay,မင်္ဂလာတောင်ညွန့်,Mingalar Taung Nyunt,Gyophyu Road,Gyophyu Road,16.785767,96.161338,"https://www.google.com/maps?q=16.785767,96.161338",OpenStreetMap (OSM) Yangon
3121,4121,"Eaint Khit Thit (Pathein, Chaung Thar, Ngwe Saung)","Eaint Khit Thit (Pathein, Chaung Thar, Ngwe Saung)",မြောက်ဒဂုံ,North Dagon,ဗိုလ်မှူးဗထူးလမ်း,Bo Hmu Ba Htoo Road,16.917111,96.174222,"https://www.google.com/maps?q=16.917111,96.174222",OpenStreetMap (OSM) Yangon
3122,4122,14 15 လမ်းဆုံ,14 15 လမ်းဆုံ,မြောက်ဥက္ကလာပ,North Okkalapa,သုဓမ္မာလမ်း,Thudhamar Road,16.936343,96.183736,"https://www.google.com/maps?q=16.936343,96.183736",OpenStreetMap (OSM) Yangon
3123,4123,ကြိုဆိုရေး,ကြိုဆိုရေး,ဒဂုံဆိပ်ကမ်း,Dagon Seikkan,Kun At Min Thar Road,Kun At Min Thar Road,16.845219,96.268809,"https://www.google.com/maps?q=16.845219,96.268809",OpenStreetMap (OSM) Yangon
3124,4124,မြေနီ,မြေနီ,ဒဂုံဆိပ်ကမ်း,Dagon Seikkan,Kun At Min Thar Road,Kun At Min Thar Road,16.84445,96.271642,"https://www.google.com/maps?q=16.84445,96.271642",OpenStreetMap (OSM) Yangon
3125,4125,Aung mingalar,Aung mingalar,မြောက်ဥက္ကလာပ,North Okkalapa,သုဓမ္မာလမ်း,Thudhamar Road,16.939007,96.196586,"https://www.google.com/maps?q=16.939007,96.196586",OpenStreetMap (OSM) Yangon
3126,4126,ကံကြီးထောင့်,ကံကြီးထောင့်,သာကေတ,Thaketa,ရှူ့ခင်းသာမြို့ပတ်လမ်း,Shukinthar Myo Pat Road,16.795841,96.221352,"https://www.google.com/maps?q=16.795841,96.221352",OpenStreetMap (OSM) Yangon
3127,4127,ကျောက်လမ်း,ကျောက်လမ်း,ဒဂုံဆိပ်ကမ်း,Dagon Seikkan,Kun At Min Thar Road,Kun At Min Thar Road,16.843362,96.275678,"https://www.google.com/maps?q=16.843362,96.275678",OpenStreetMap (OSM) Yangon
3128,4128,106 107,106 107,တောင်ဒဂုံ,South Dagon,စည်ပင်လမ်း,Si Pin Road,16.87442,96.258179,"https://www.google.com/maps?q=16.87442,96.258179",OpenStreetMap (OSM) Yangon
3129,4129,အောင်ပောဂလမ်း,AungBoKha Street,မြောက်ဥက္ကလာပ,North Okkalapa,သုဓမ္မာလမ်း,Thudhamar Road,16.940408,96.19833,"https://www.google.com/maps?q=16.940408,96.19833",OpenStreetMap (OSM) Yangon
3130,4130,Kel Kel Eain,Kel Kel Eain,သင်္ဃန်းကျွန်း,Thingangyun,လေးထောင့်ကန်လမ်း,Lay Daung Kan Road,16.820787,96.194136,"https://www.google.com/maps?q=16.820787,96.194136",OpenStreetMap (OSM) Yangon
3131,4131,၃၆ဂိတ်ဟောင်း,၃၆ဂိတ်ဟောင်း,အရှေ့ဒဂုံ,East Dagon,Min Ye Kyaw Swar Road,Min Ye Kyaw Swar Road,16.930916,96.235551,"https://www.google.com/maps?q=16.930916,96.235551",OpenStreetMap (OSM) Yangon
3132,4132,ရဲစခန်းမှတ်တိုင်,ရဲစခန်းမှတ်တိုင်,အရှေ့ဒဂုံ,East Dagon,မင်းရဲကျော်စွာ,မင်းရဲကျော်စွာ,16.933161,96.236287,"https://www.google.com/maps?q=16.933161,96.236287",OpenStreetMap (OSM) Yangon
3133,4133,Hin Thar Nyi Naung ဟင်္သာတ ရန်ကုန်,Hin Thar Nyi Naung ဟင်္သာတ ရန်ကုန်,လှိုင်သာယာ,Hlaingtharyar,ကျိုက်လတ်လမ်း,ကျိုက်လတ်လမ်း,16.879484,96.024338,"https://www.google.com/maps?q=16.879484,96.024338",OpenStreetMap (OSM) Yangon
3134,4134,Link,Link,ဒဂုံ,Dagon,အာဇာနည်လမ်း,RZarNi Road,16.805849,96.147622,"https://www.google.com/maps?q=16.805849,96.147622",OpenStreetMap (OSM) Yangon
3135,4135,small public bus to Pegou (Bago),small public bus to Pegou (Bago),ထောက်ကြန့်,Htaukkyant,အမှတ်(၂)လမ်းမ,No. 2 Main Road,17.043176,96.134384,"https://www.google.com/maps?q=17.043176,96.134384",OpenStreetMap (OSM) Yangon
3136,4136,Bus stop near Airport  (bus name  : OMNI FOCUS),Bus stop near Airport  (bus name  : OMNI FOCUS),မရမ်းကုန်း,Mayangone,ပြည်လမ်း,Pyay Road,16.889132,96.132622,"https://www.google.com/maps?q=16.889132,96.132622",OpenStreetMap (OSM) Yangon
3137,4137,Oak kyin Bus Stop,Oak kyin Bus Stop,လှိုင်,Hlaing,ရန်ကုန်-အင်းစိန်လမ်း,Yangon-Insein Road,16.854449,96.12372,"https://www.google.com/maps?q=16.854449,96.12372",OpenStreetMap (OSM) Yangon
3138,4138,112 bus,112 bus,တောင်ဒဂုံ,South Dagon,ရတနာပုံလမ်း,Yadanarpon Road,16.884935,96.267477,"https://www.google.com/maps?q=16.884935,96.267477",OpenStreetMap (OSM) Yangon
3139,4139,"100,103 bus","100,103 bus",တောင်ဒဂုံ,South Dagon,ရတနာပုံလမ်း,Yadanarpon Road,16.875322,96.279683,"https://www.google.com/maps?q=16.875322,96.279683",OpenStreetMap (OSM) Yangon
3140,4140,တပ်ထိပ်မှတ်တိုင်,တပ်ထိပ်မှတ်တိုင်,လှိုင်သာယာ,Hlaingtharyar,အမှတ်(၅)လမ်းမ,No. 5 Main Road,16.854281,96.089043,"https://www.google.com/maps?q=16.854281,96.089043",OpenStreetMap (OSM) Yangon
3141,4141,That Yat Chan,That Yat Chan,လှိုင်သာယာ,Hlaingtharyar,အမှတ်(၅)လမ်းမ,No. 5 Main Road,16.942663,96.022972,"https://www.google.com/maps?q=16.942663,96.022972",OpenStreetMap (OSM) Yangon
3142,4142,8 Gate bus stop,8 Gate bus stop,သာကေတ,Thaketa,Thalyin Thada Chin Kat Road,Thalyin Thada Chin Kat Road,16.805352,96.214339,"https://www.google.com/maps?q=16.805352,96.214339",OpenStreetMap (OSM) Yangon
3143,4143,ချင်းတွင်းလမ်း,ချင်းတွင်းလမ်း,စမ်းချောင်း,Sanchaung,ပြည်လမ်း,Pyay Road,16.810743,96.142855,"https://www.google.com/maps?q=16.810743,96.142855",OpenStreetMap (OSM) Yangon
3144,4144,ပလာဇာလမ်း,ပလာဇာလမ်း,တာမွေ,Tamwe,ဗညားဒလလမ်း,Banyardala Road,16.798769,96.179014,"https://www.google.com/maps?q=16.798769,96.179014",OpenStreetMap (OSM) Yangon
3145,4145,ဂိပ်ဟောင်း,ဂိပ်ဟောင်း,မြောက်ဥက္ကလာပ,North Okkalapa,သုဓမ္မာလမ်း,Thudhamar Road,16.892081,96.159016,"https://www.google.com/maps?q=16.892081,96.159016",OpenStreetMap (OSM) Yangon
3146,4146,မီတာရုံး,Meter Yone,မြောက်ဒဂုံ,North Dagon,Dagon University,Dagon University,16.905443,96.222858,"https://www.google.com/maps?q=16.905443,96.222858",OpenStreetMap (OSM) Yangon
3147,4147,စျေးလမ်း,စျေးလမ်း,မြောက်ဒဂုံ,North Dagon,Dagon University,Dagon University,16.898486,96.209173,"https://www.google.com/maps?q=16.898486,96.209173",OpenStreetMap (OSM) Yangon
3148,4148,ဦးဖိုးမှန်အိမ်မှတ်တိုင်,ဦးဖိုးမှန်အိမ်မှတ်တိုင်,မရမ်းကုန်း,Mayangone,ရန်ကုန်-အင်းစိန်လမ်း,Yangon-Insein Road,16.8585,96.119545,"https://www.google.com/maps?q=16.8585,96.119545",OpenStreetMap (OSM) Yangon
3149,4149,မုဒ်ဝ,Moke Wa,အရှေ့ဒဂုံ,East Dagon,ကျန်စစ်သားလမ်း,Kyansitthar Road,16.902505,96.217118,"https://www.google.com/maps?q=16.902505,96.217118",OpenStreetMap (OSM) Yangon
3150,4150,"YBS-30,117 Bus Station","YBS-30,117 Bus Station",မြောက်ဒဂုံ,North Dagon,Dagon University,Dagon University,16.91099,96.215208,"https://www.google.com/maps?q=16.91099,96.215208",OpenStreetMap (OSM) Yangon
3151,4151,YBS-13 Bus Station,YBS-13 Bus Station,မြောက်ဒဂုံ,North Dagon,Dagon University,Dagon University,16.912375,96.228641,"https://www.google.com/maps?q=16.912375,96.228641",OpenStreetMap (OSM) Yangon
3152,4152,မြန်မာ့သားကောင်း,မြန်မာ့သားကောင်း,တောင်ဒဂုံ,South Dagon,အမှတ်(၂)လမ်းမ,No. 2 Main Road,16.938485,96.314977,"https://www.google.com/maps?q=16.938485,96.314977",OpenStreetMap (OSM) Yangon
3153,4153,သုခဒဂုံအိမ်ရာ,သုခဒဂုံအိမ်ရာ,တောင်ဒဂုံ,South Dagon,အမှတ်(၂)လမ်းမ,No. 2 Main Road,16.940606,96.292083,"https://www.google.com/maps?q=16.940606,96.292083",OpenStreetMap (OSM) Yangon
3154,4154,လသာ,Latha,လသာ,Latha,ဗိုလ်ချုပ်အောင်ဆန်းလမ်း,Bogyoke Aung San Road,16.774556,96.151408,"https://www.google.com/maps?q=16.774556,96.151408",OpenStreetMap (OSM) Yangon